-- phpMyAdmin SQL Dump
-- version 4.9.5deb2
-- https://www.phpmyadmin.net/
--
-- Hôte : localhost:3306
-- Généré le : jeu. 18 avr. 2024 à 22:21
-- Version du serveur :  10.3.39-MariaDB-0ubuntu0.20.04.2
-- Version de PHP : 7.4.3-4ubuntu2.20

SET SQL_MODE = "NO_AUTO_VALUE_ON_ZERO";
SET AUTOCOMMIT = 0;
START TRANSACTION;
SET time_zone = "+00:00";


/*!40101 SET @OLD_CHARACTER_SET_CLIENT=@@CHARACTER_SET_CLIENT */;
/*!40101 SET @OLD_CHARACTER_SET_RESULTS=@@CHARACTER_SET_RESULTS */;
/*!40101 SET @OLD_COLLATION_CONNECTION=@@COLLATION_CONNECTION */;
/*!40101 SET NAMES utf8mb4 */;

--
-- Base de données : `p2309389`
--

--
-- Déchargement des données de la table `CARTE`
--

INSERT INTO `CARTE` (`idC`, `niveau`, `img`, `points`) VALUES
('1', 'verte', 'C001.png', '1'),
('10', 'verte', 'C010.png', '1'),
('11', 'verte', 'C011.png', '1'),
('12', 'verte', 'C012.png', '1'),
('13', 'verte', 'C013.png', '1'),
('14', 'verte', 'C014.png', '1'),
('15', 'verte', 'C015.png', '1'),
('16', 'verte', 'C016.png', '1'),
('17', 'verte', 'C017.png', '1'),
('18', 'verte', 'C018.png', '1'),
('19', 'verte', 'C019.png', '2'),
('2', 'verte', 'C002.png', '1'),
('20', 'verte', 'C020.png', '2'),
('21', 'verte', 'C021.png', '2'),
('22', 'verte', 'C022.png', '2'),
('23', 'verte', 'C023.png', '2'),
('24', 'verte', 'C024.png', '2'),
('25', 'verte', 'C025.png', '2'),
('26', 'verte', 'C026.png', '2'),
('27', 'verte', 'C027.png', '2'),
('28', 'verte', 'C028.png', '2'),
('29', 'verte', 'C029.png', '2'),
('3', 'verte', 'C003.png', '1'),
('30', 'verte', 'C030.png', '2'),
('31', 'orange', 'C031.png', '4'),
('32', 'orange', 'C032.png', '4'),
('33', 'orange', 'C033.png', '4'),
('34', 'orange', 'C034.png', '4'),
('35', 'orange', 'C035.png', '4'),
('36', 'orange', 'C036.png', '4'),
('37', 'orange', 'C037.png', '4'),
('38', 'orange', 'C038.png', '4'),
('39', 'orange', 'C039.png', '4'),
('4', 'verte', 'C004.png', '1'),
('40', 'orange', 'C040.png', '4'),
('41', 'orange', 'C041.png', '4'),
('42', 'orange', 'C042.png', '4'),
('43', 'verte', 'C043.png', '1'),
('44', 'verte', 'C044.png', '1'),
('45', 'verte', 'C045.png', '1'),
('46', 'verte', 'C046.png', '2'),
('47', 'verte', 'C047.png', '2'),
('48', 'verte', 'C048.png', '2'),
('49', 'verte', 'C049.png', '2'),
('5', 'verte', 'C005.png', '1'),
('50', 'verte', 'C050.png', '2'),
('51', 'verte', 'C051.png', '2'),
('52', 'verte', 'C052.png', '2'),
('53', 'verte', 'C053.png', '2'),
('54', 'verte', 'C054.png', '2'),
('55', 'verte', 'C055.png', '2'),
('56', 'orange', 'C056.png', '4'),
('57', 'noire', 'C057.png', '6'),
('58', 'verte', 'C058.png', '2'),
('59', 'orange', 'C059.png', '4'),
('6', 'verte', 'C006.png', '1'),
('60', 'noire', 'C060.png', '6'),
('61', 'verte', 'C061.png', '2'),
('62', 'orange', 'C062.png', '4'),
('63', 'noire', 'C063.png', '6'),
('64', 'orange', 'C064.png', '4'),
('65', 'noire', 'C065.png', '6'),
('66', 'orange', 'C066.png', '4'),
('67', 'noire', 'C067.png', '6'),
('68', 'orange', 'C068.png', '4'),
('69', 'noire', 'C069.png', '6'),
('7', 'verte', 'C007.png', '1'),
('70', 'orange', 'C070.png', '4'),
('71', 'orange', 'C071.png', '4'),
('72', 'verte', 'C072.png', '2'),
('73', 'noire', 'C073.png', '5'),
('74', 'noire', 'C074.png', '7'),
('75', 'noire', 'C074.png', '5'),
('8', 'verte', 'C008.png', '1'),
('9', 'verte', 'C009.png', '1');

--
-- Déchargement des données de la table `CLASSEMENT`
--

INSERT INTO `CLASSEMENT` (`idC`, `portee`, `nom`) VALUES
(1, 'internationale', 'Classement ACP'),
(2, 'nationale', 'Classement Français des DicyclerRaces'),
(3, 'internationale', 'Classement ACEEP'),
(4, 'nationale', 'Classement Belge des DicyclerRaces'),
(5, 'régionale', 'Classement Auvergnats des DicyclerRaces');

--
-- Déchargement des données de la table `CLASSEMENT_INDIVIDUEL`
--

INSERT INTO `CLASSEMENT_INDIVIDUEL` (`idC`, `idJ`, `rang`) VALUES
(1, 4, 3),
(1, 6, 2),
(1, 7, 1),
(2, 5, 3),
(2, 8, 2),
(2, 10, 1),
(4, 5, 3),
(4, 6, 2),
(4, 7, 1),
(5, 3, 2),
(5, 9, 1),
(5, 10, 3);

--
-- Déchargement des données de la table `CLASSEMENT_ÉQUIPE`
--

INSERT INTO `CLASSEMENT_ÉQUIPE` (`idC`, `idE`, `rang`) VALUES
(3, 1, 3),
(3, 2, 2),
(3, 3, 1);

--
-- Déchargement des données de la table `CONTIENT`
--

INSERT INTO `CONTIENT` (`idPlateau`, `idP`) VALUES
('1', 1),
('1', 2),
('1', 3),
('1', 4),
('2', 5),
('2', 6),
('2', 7),
('3', 7),
('3', 8),
('3', 9),
('3', 10);

--
-- Déchargement des données de la table `Contrainte`
--

INSERT INTO `Contrainte` (`idCo`, `couleur`) VALUES
('1', 'bleu'),
('10', 'jaune'),
('11', 'jaune'),
('12', 'jaune'),
('13', 'rouge'),
('14', 'rouge'),
('15', 'rouge'),
('16', 'rouge'),
('17', 'rouge'),
('18', 'rouge'),
('19', 'bleu'),
('2', 'bleu'),
('20', 'bleu'),
('21', 'bleu'),
('22', 'bleu'),
('23', 'jaune'),
('24', 'jaune'),
('25', 'jaune'),
('27', 'rouge'),
('28', 'rouge'),
('29', 'rouge'),
('3', 'bleu'),
('30', 'rouge'),
('31', 'bleu'),
('32', 'bleu'),
('33', 'bleu'),
('34', 'jaune'),
('35', 'jaune'),
('36', 'jaune'),
('37', 'rouge'),
('38', 'rouge'),
('39', 'rouge'),
('4', 'bleu'),
('40', 'bleu'),
('41', 'bleu'),
('42', 'jaune'),
('43', 'jaune'),
('44', 'rouge'),
('45', 'rouge'),
('46', 'rouge'),
('5', 'bleu'),
('6', 'bleu'),
('7', 'jaune'),
('8', 'jaune'),
('9', 'jaune');

--
-- Déchargement des données de la table `EST_ASSOCIE_A`
--

INSERT INTO `EST_ASSOCIE_A` (`idC`, `idCo`) VALUES
('1', '1'),
('10', '10'),
('11', '11'),
('12', '12'),
('13', '13'),
('14', '14'),
('15', '15'),
('16', '16'),
('17', '17'),
('18', '18'),
('19', '1'),
('19', '7'),
('2', '2'),
('20', '16'),
('20', '2'),
('21', '11'),
('21', '3'),
('22', '18'),
('22', '4'),
('23', '12'),
('23', '5'),
('24', '13'),
('24', '6'),
('25', '14'),
('25', '7'),
('26', '3'),
('26', '8'),
('27', '15'),
('27', '9'),
('28', '10'),
('28', '2'),
('29', '10'),
('29', '14'),
('3', '3'),
('30', '12'),
('30', '2'),
('31', '1'),
('31', '13'),
('31', '7'),
('32', '12'),
('32', '16'),
('32', '2'),
('33', '11'),
('33', '16'),
('33', '3'),
('34', '14'),
('34', '18'),
('34', '4'),
('35', '12'),
('35', '17'),
('35', '5'),
('36', '12'),
('36', '13'),
('36', '6'),
('37', '14'),
('37', '3'),
('37', '7'),
('38', '17'),
('38', '3'),
('38', '8'),
('39', '15'),
('39', '3'),
('39', '9'),
('4', '4'),
('40', '10'),
('40', '13'),
('40', '2'),
('41', '10'),
('41', '14'),
('41', '5'),
('42', '12'),
('42', '18'),
('42', '2'),
('43', '19'),
('44', '23'),
('45', '27'),
('46', '20'),
('47', '24'),
('48', '28'),
('49', '21'),
('5', '5'),
('50', '25'),
('51', '29'),
('52', '22'),
('53', '25'),
('54', '30'),
('55', '31'),
('56', '32'),
('57', '33'),
('58', '34'),
('59', '35'),
('6', '6'),
('60', '36'),
('61', '37'),
('62', '38'),
('63', '39'),
('64', '40'),
('65', '41'),
('66', '42'),
('67', '43'),
('68', '44'),
('69', '45'),
('7', '7'),
('70', '34'),
('70', '8'),
('71', '31'),
('71', '9'),
('72', '27'),
('72', '8'),
('73', '31'),
('73', '46'),
('74', '44'),
('74', '5'),
('75', '31'),
('75', '34'),
('8', '8'),
('9', '9');

--
-- Déchargement des données de la table `EST_CLASSÉ`
--

INSERT INTO `EST_CLASSÉ` (`idJ`, `idC`, `rang`) VALUES
(3, 5, 2),
(4, 1, 3),
(5, 2, 3),
(5, 4, 3),
(6, 1, 2),
(6, 4, 2),
(7, 1, 1),
(7, 4, 1),
(8, 2, 2),
(9, 5, 1),
(10, 2, 1),
(10, 5, 3);

--
-- Déchargement des données de la table `FACE_DE_DE`
--

INSERT INTO `FACE_DE_DE` (`idCo`, `valeur`) VALUES
('1', 1),
('10', 4),
('11', 5),
('12', 6),
('13', 1),
('14', 2),
('15', 3),
('16', 4),
('17', 5),
('18', 6),
('2', 2),
('3', 3),
('4', 4),
('5', 5),
('6', 6),
('7', 1),
('8', 2),
('9', 3);

--
-- Déchargement des données de la table `JOUE`
--

INSERT INTO `JOUE` (`idJ`, `idP`, `ordre`, `score`, `couleur_pion`) VALUES
(1, 80, 1, '0', 'rouge'),
(1, 101, 1, '0', 'rouge'),
(1, 102, 1, '0', 'rouge'),
(1, 106, 1, '0', 'rouge'),
(1, 109, 1, '0', 'rouge'),
(1, 110, 1, '0', 'rouge'),
(1, 116, 1, '0', 'vert'),
(1, 129, 1, '0', 'rouge'),
(1, 137, 1, '0', 'rouge'),
(1, 140, 1, '0', 'rouge'),
(1, 141, 1, '0', 'rouge'),
(1, 142, 17, '0', 'rouge'),
(1, 144, 10, '0', 'rouge'),
(1, 149, 1, '0', 'rouge'),
(1, 151, 1, '0', 'rouge'),
(1, 153, 15, '0', 'rouge'),
(1, 154, 43, '0', 'vert'),
(1, 160, 1, '0', 'rouge'),
(1, 164, 69, '0', 'rouge'),
(1, 165, 4, '0', ''),
(1, 166, 1, '0', ''),
(1, 168, 9, '0', ''),
(1, 172, 6, '0', ''),
(1, 177, 1, '0', ''),
(1, 183, 1, '0', ''),
(1, 191, 1, '0', ''),
(1, 193, 1, '0', ''),
(1, 216, 11, '0', ''),
(1, 226, 1, '0', ''),
(1, 230, 19, '0', ''),
(2, 62, 1, '0', 'rouge'),
(2, 72, 1, '0', 'rouge'),
(2, 103, 1, '0', 'rouge'),
(2, 105, 1, '0', 'rouge'),
(2, 108, 1, '0', 'rouge'),
(2, 129, 1, '0', 'vert'),
(2, 150, 8, '0', 'rouge'),
(2, 152, 2, '0', 'rouge'),
(2, 155, 17, '0', 'rouge'),
(2, 171, 5, '0', ''),
(2, 173, 2, '0', ''),
(2, 189, 5, '0', ''),
(2, 213, 4, '0', ''),
(2, 219, 20, '0', ''),
(2, 226, 11, '0', ''),
(3, 114, 1, '0', 'rouge'),
(3, 121, 1, '0', 'rouge'),
(3, 137, 1, '0', 'vert'),
(3, 138, 3, '0', 'rouge'),
(3, 139, 69, '0', 'bleu'),
(3, 145, 2, '0', 'vert'),
(3, 150, 2, '0', 'vert'),
(3, 156, 56, '0', 'vert'),
(3, 160, 18, '0', 'vert'),
(3, 161, 7, '0', 'rouge'),
(3, 188, 69, '0', ''),
(3, 194, 7, '0', ''),
(4, 73, 1, '0', 'rouge'),
(4, 108, 1, '0', 'vert'),
(4, 111, 1, '0', 'rouge'),
(4, 126, 1, '0', 'orange'),
(4, 129, 1, '0', 'bleu'),
(4, 154, 1, '0', 'rouge'),
(4, 165, 11, '0', ''),
(4, 181, 70, '0', ''),
(4, 207, 18, '0', ''),
(4, 225, 4, '0', ''),
(4, 228, 4, '0', ''),
(5, 58, 1, '0', 'rouge'),
(5, 63, 1, '0', 'rouge'),
(5, 134, 1, '0', 'jaune'),
(5, 148, 13, '0', 'rouge'),
(5, 149, 15, '0', 'vert'),
(5, 155, 2, '0', 'vert'),
(5, 163, 5, '0', 'rouge'),
(5, 221, 11, '0', ''),
(6, 51, 1, '0', 'vert'),
(6, 59, 1, '0', 'rouge'),
(6, 74, 1, '0', 'rouge'),
(6, 117, 1, '0', 'vert'),
(6, 119, 1, '0', 'rouge'),
(6, 122, 1, '0', 'bleu'),
(6, 126, 1, '0', 'jaune'),
(6, 147, 51, '0', 'vert'),
(6, 159, 6, '0', 'rouge'),
(6, 223, 7, '0', ''),
(6, 224, 15, '0', ''),
(6, 231, 12, '0', ''),
(7, 75, 1, '0', 'rouge'),
(7, 101, 1, '0', 'vert'),
(7, 107, 1, '0', 'rouge'),
(7, 137, 1, '0', 'bleu'),
(7, 164, 1, '0', 'jaune'),
(7, 223, 10, '0', ''),
(8, 81, 1, '0', 'rouge'),
(8, 124, 1, '0', 'bleu'),
(8, 142, 64, '0', 'vert'),
(8, 146, 18, '0', 'rouge'),
(8, 181, 8, '0', ''),
(8, 211, 8, '0', ''),
(8, 221, 29, '0', ''),
(9, 57, 1, '0', 'rouge'),
(9, 80, 1, '0', 'bleu'),
(9, 126, 1, '0', 'bleu'),
(9, 128, 1, '0', 'rouge'),
(9, 134, 1, '0', 'vert'),
(9, 148, 69, '0', 'jaune'),
(9, 149, 9, '0', 'bleu'),
(9, 150, 3, '0', 'bleu'),
(9, 168, 1, '0', ''),
(10, 65, 1, '0', 'rouge'),
(10, 66, 1, '0', 'rouge'),
(10, 80, 1, '0', 'vert'),
(10, 82, 1, '0', 'bleu'),
(10, 108, 1, '0', 'bleu'),
(10, 134, 1, '0', 'bleu'),
(10, 136, 1, '0', 'vert'),
(10, 137, 1, '0', 'orange'),
(10, 144, 22, '0', 'vert'),
(10, 145, 3, '0', 'bleu'),
(10, 188, 10, '0', ''),
(11, 60, 1, '0', 'rouge'),
(11, 82, 1, '0', 'vert'),
(11, 102, 1, '0', 'vert'),
(11, 110, 1, '0', 'jaune'),
(11, 114, 1, '0', 'bleu'),
(11, 120, 1, '0', 'vert'),
(11, 165, 1, '0', ''),
(11, 173, 11, '0', ''),
(11, 177, 11, '0', ''),
(11, 221, 8, '0', ''),
(12, 54, 1, '0', 'rouge'),
(12, 61, 1, '0', 'rouge'),
(12, 76, 1, '0', 'rouge'),
(12, 82, 1, '0', 'rouge'),
(12, 109, 1, '0', 'vert'),
(12, 110, 1, '0', 'vert'),
(12, 112, 1, '0', 'rouge'),
(12, 122, 1, '0', 'rouge'),
(12, 125, 1, '0', 'rouge'),
(12, 127, 1, '0', 'rouge'),
(12, 139, 12, '0', 'jaune'),
(12, 195, 6, '0', ''),
(12, 231, 42, '0', ''),
(13, 80, 1, '0', 'jaune'),
(13, 81, 1, '0', 'vert'),
(13, 111, 1, '0', 'jaune'),
(13, 113, 1, '0', 'rouge'),
(13, 124, 1, '0', 'rouge'),
(13, 129, 1, '0', 'jaune'),
(13, 131, 1, '0', 'bleu'),
(13, 135, 1, '0', 'vert'),
(13, 139, 11, '0', 'vert'),
(13, 145, 13, '0', 'rouge'),
(13, 147, 21, '0', 'rouge'),
(13, 148, 5, '0', 'bleu'),
(13, 154, 59, '0', 'bleu'),
(13, 221, 13, '0', ''),
(13, 230, 1, '0', ''),
(15, 52, 1, '0', 'rouge'),
(15, 103, 1, '0', 'vert'),
(15, 105, 1, '0', 'vert'),
(15, 115, 1, '0', 'rouge'),
(15, 118, 1, '0', 'rouge'),
(15, 120, 1, '0', 'rouge'),
(15, 123, 1, '0', 'rouge'),
(15, 126, 1, '0', 'vert'),
(15, 134, 1, '0', 'orange'),
(15, 136, 1, '0', 'rouge'),
(15, 137, 1, '0', 'jaune'),
(15, 149, 5, '0', 'jaune'),
(15, 153, 1, '0', 'vert'),
(15, 157, 15, '0', 'rouge'),
(15, 166, 15, '0', ''),
(15, 173, 20, '0', ''),
(15, 193, 69, '0', ''),
(15, 224, 6, '0', ''),
(16, 53, 1, '0', 'vert'),
(16, 102, 1, '0', 'bleu'),
(16, 107, 1, '0', 'vert'),
(16, 114, 1, '0', 'vert'),
(16, 116, 1, '0', 'rouge'),
(16, 117, 1, '0', 'rouge'),
(16, 118, 1, '0', 'vert'),
(16, 121, 1, '0', 'vert'),
(16, 130, 1, '0', 'rouge'),
(16, 131, 1, '0', 'rouge'),
(16, 143, 16, '0', 'vert'),
(16, 152, 13, '0', 'vert'),
(16, 156, 18, '0', 'rouge'),
(16, 181, 4, '0', ''),
(17, 103, 1, '0', 'bleu'),
(17, 122, 1, '0', 'vert'),
(17, 123, 1, '0', 'vert'),
(17, 126, 1, '0', 'rouge'),
(17, 128, 1, '0', 'vert'),
(17, 142, 8, '0', 'bleu'),
(17, 155, 5, '0', 'bleu'),
(17, 164, 17, '0', 'vert'),
(17, 188, 63, '0', ''),
(17, 228, 22, '0', ''),
(18, 108, 1, '0', 'jaune'),
(18, 111, 1, '0', 'vert'),
(18, 112, 1, '0', 'vert'),
(18, 146, 2, '0', 'vert'),
(18, 156, 61, '0', 'jaune'),
(18, 160, 3, '0', 'bleu'),
(19, 110, 1, '0', 'bleu'),
(19, 111, 1, '0', 'bleu'),
(19, 145, 19, '0', 'jaune'),
(19, 230, 21, '0', ''),
(20, 124, 1, '0', 'vert'),
(20, 159, 68, '0', 'vert'),
(20, 173, 60, '0', ''),
(21, 147, 13, '0', 'bleu'),
(21, 230, 13, '0', ''),
(23, 103, 1, '0', 'jaune'),
(23, 182, 23, '0', ''),
(24, 108, 1, '0', 'orange'),
(34, 141, 34, '0', 'vert'),
(43, 154, 4, '0', 'jaune'),
(48, 193, 48, '0', ''),
(49, 148, 9, '0', 'vert'),
(49, 166, 62, '0', ''),
(51, 164, 7, '0', 'bleu'),
(54, 142, 1, '0', 'jaune'),
(55, 160, 19, '0', 'jaune'),
(56, 156, 3, '0', 'bleu'),
(59, 131, 1, '0', 'vert'),
(60, 51, 1, '0', 'rouge'),
(60, 111, 1, '0', 'orange'),
(61, 124, 1, '0', 'jaune'),
(62, 53, 1, '0', 'rouge'),
(62, 166, 49, '0', ''),
(63, 110, 1, '0', 'orange'),
(63, 188, 17, '0', ''),
(64, 124, 1, '0', 'orange'),
(67, 129, 1, '0', 'orange'),
(69, 133, 1, '0', 'rouge'),
(69, 134, 1, '0', 'rouge'),
(69, 135, 1, '0', 'rouge'),
(69, 139, 13, '0', 'rouge'),
(69, 143, 2, '0', 'rouge'),
(70, 181, 57, '0', '');

--
-- Déchargement des données de la table `JOUEUR`
--

INSERT INTO `JOUEUR` (`idJ`, `nom`, `prénom`, `pseudo`, `date_naiss`, `email`, `idE`) VALUES
(1, 'ATOUTALURE', 'Alphonse', 'AA99', '1999-06-12', NULL, NULL),
(2, 'AVITE', 'Yves', 'YA01', '2001-12-06', NULL, NULL),
(3, 'HERE', 'Axel', 'AH02', '2002-02-04', NULL, NULL),
(4, 'LENTI', 'Sarah', 'SL98', '1998-05-11', NULL, NULL),
(5, 'BAUL', 'Pat', 'PB01', '2001-10-06', NULL, NULL),
(6, 'DESFREINS', 'Ella', 'ED00', '2000-05-05', NULL, NULL),
(7, 'RALENTI', 'Sam', 'SR99', '1999-07-07', NULL, NULL),
(8, 'PARTIR', 'Eva', 'EP97', '1997-09-21', NULL, NULL),
(9, 'HERE', 'Axel', 'AH00', '2000-09-09', NULL, NULL),
(10, 'NAUBERDEAU', 'René-Jean', 'RJN', '1956-07-08', NULL, NULL),
(11, 'BONO', 'Jean', 'BJ04', '2004-03-06', 'BJ04@univl1.fr', NULL),
(12, 'HETTE', 'Rose', 'HR82', '1982-06-22', 'HR82@univl1.fr', NULL),
(13, 'ONETTE', 'Camille', 'OC84', '1984-12-15', 'OC84@univl1.fr', NULL),
(15, 'TARTINE', 'Kimberley', 'TK08', '2008-09-01', 'TK08@univl1.fr', NULL),
(16, 'DABITUDE', 'Côme', 'DC98', '1998-01-28', 'DC98@univl1.fr', NULL),
(17, 'INE', 'Ruth', 'IR02', '2002-09-27', 'IR02@univl1.fr', NULL),
(18, 'FERRAND', 'Teddy', 'FT02', '2002-11-20', 'FT02@univl1.fr', NULL),
(19, 'LAIZOTRES', 'Pâcome', 'LP07', '2007-07-30', 'LP07@univl1.fr', NULL),
(20, 'TOP', 'Théo', 'TT00', '2000-03-24', 'TT00@univl1.fr', NULL),
(21, 'ACOOL', 'Meg', 'AM89', '1989-09-16', 'AM89@univl1.fr', NULL),
(22, 'HERE', 'Axel', 'HA10', '2010-06-23', 'HA10@univl1.fr', NULL),
(23, 'PELLE', 'Sarah', 'PS93', '1993-10-14', 'PS93@univl1.fr', NULL),
(24, 'SURE', 'Sarah', 'SS03', '2003-05-10', 'SS03@univl1.fr', NULL),
(25, 'LEFRIGO', 'Steve, Eudes, Hubert, Yann, Adam', 'LS13', '2013-01-24', 'LS13@univl1.fr', NULL),
(26, 'FELAMOTO', 'Abraham', 'FA90', '1990-01-11', 'FA90@univl1.fr', NULL),
(29, 'FACTURE', 'Manu', 'FM06', '2006-10-04', 'FM06@univl1.fr', NULL),
(30, 'OCHON', 'Paul', 'OP04', '2004-04-09', 'OP04@univl1.fr', NULL),
(31, 'FASSOL', 'Rémi', 'FR87', '1987-11-27', 'FR87@univl1.fr', NULL),
(32, 'NAUH', 'Pia', 'NP00', '2000-09-24', 'NP00@univl1.fr', NULL),
(34, 'CAS', 'Harmony', 'CH97', '1997-09-08', 'CH97@univl1.fr', NULL),
(35, 'RIE', 'Brad', 'RB81', '1981-02-03', 'RB81@univl1.fr', NULL),
(36, 'DIE', 'Sam', 'DS08', '2008-07-25', 'DS08@univl1.fr', NULL),
(37, 'HOL', 'Ethan', 'HE00', '2000-11-29', 'HE00@univl1.fr', NULL),
(38, 'PABIEN', 'Eva', 'PE14', '2014-01-06', 'PE14@univl1.fr', NULL),
(42, 'CAMAIS', 'Léon', 'CL93', '1993-01-31', 'CL93@univl1.fr', NULL),
(43, 'CROC', 'Odile', 'CO04', '2004-01-16', 'CO04@univl1.fr', NULL),
(44, 'LANGLAIS', 'Elodie', 'LE88', '1988-04-25', 'LE88@univl1.fr', NULL),
(45, 'CATTE', 'Suri', 'CS83', '1983-11-12', 'CS83@univl1.fr', NULL),
(46, 'GAROU', 'Lou', 'GL01', '2001-08-05', 'GL01@univl1.fr', NULL),
(47, 'ABBET', 'Oscar', 'AO12', '2012-11-13', 'AO12@univl1.fr', NULL),
(48, 'LOUPE', 'Macha', 'LM14', '2014-10-20', 'LM14@univl1.fr', NULL),
(49, 'ME', 'Sarah', 'MS84', '1984-10-07', 'MS84@univl1.fr', NULL),
(50, 'PELET-TAMERE', 'Tara', 'PT06', '2006-03-07', 'PT06@univl1.fr', NULL),
(51, 'FROINICHO', 'Jenny', 'FJ09', '2009-07-19', 'FJ09@univl1.fr', NULL),
(52, 'AIHAIRE', 'Line', 'AL86', '1986-12-15', 'AL86@univl1.fr', NULL),
(54, 'PERET', 'Ines', 'PI86', '1986-10-12', 'PI86@univl1.fr', NULL),
(55, 'PLURIEN', 'Jonathan', 'PJ95', '1995-08-05', 'PJ95@univl1.fr', NULL),
(56, 'FRUIT', 'Jude', 'FJ95', '1995-12-04', 'FJ95@univl1.fr', NULL),
(57, 'VERRE', 'Justin', 'VJ82', '1982-11-23', 'VJ82@univl1.fr', NULL),
(58, 'TINE', 'Clément', 'TC11', '2011-05-22', 'TC11@univl1.fr', NULL),
(59, 'ANASSE', 'Anne', 'AA96', '1996-07-06', 'AA96@univl1.fr', NULL),
(60, 'BANNE', 'Anne', 'BA83', '1983-08-01', 'BA83@univl1.fr', NULL),
(61, 'VERSAIRE', 'Annie', 'VA88', '1988-07-27', 'VA88@univl1.fr', NULL),
(62, 'FETE', 'Célia', 'FC01', '2001-06-02', 'FC01@univl1.fr', NULL),
(63, 'FEUILLE-CIZO', 'Pierre', 'FP97', '1997-06-25', 'FP97@univl1.fr', NULL),
(64, 'HAINE', 'Hervé', 'HH08', '2008-02-13', 'HH08@univl1.fr', NULL),
(66, 'FAIBIEN-LAICHOSE', 'Lazard', 'FL85', '1985-02-03', 'FL85@univl1.fr', NULL),
(67, 'RIVE-DOUBLIER', 'Sama', 'RS88', '1988-06-15', 'RS88@univl1.fr', NULL),
(68, 'FAIRELA', 'Kate', 'FK87', '1987-06-14', 'FK87@univl1.fr', NULL),
(69, 'Tepanet', 'Batiste', 'Maitre du FEU', '1969-02-28', 'batman.mobile@avengers.dz', 3),
(70, 'HAMIL', 'Marc', 'MH13', '1979-02-15', 'lukeskywalker@starwars.tatooine', NULL),
(71, 'COURBY', 'Maxime', 'JL07', '1988-04-15', 'courby.maxime@jl>asvel.fr', NULL),
(72, 'Benitez', 'Hugo', 'MVP2024', '2001-04-08', 'benitez.hugo@mvp2lal1gue.jl', NULL);

--
-- Déchargement des données de la table `LANCER`
--

INSERT INTO `LANCER` (`idL`, `numT`, `idP`, `idJ`) VALUES
(0, 1, 1, 61),
(0, 1, 1, 62),
(0, 1, 1, 63),
(0, 1, 2, 5),
(0, 1, 2, 36),
(0, 1, 2, 45),
(0, 1, 3, 7),
(0, 1, 3, 11),
(0, 1, 3, 66),
(0, 1, 4, 3),
(0, 1, 4, 15),
(0, 1, 4, 19),
(0, 1, 4, 49),
(0, 1, 5, 59),
(0, 1, 6, 12),
(0, 1, 6, 17),
(0, 1, 6, 38),
(0, 1, 6, 55),
(0, 1, 6, 67),
(0, 1, 6, 68),
(0, 1, 7, 30),
(0, 1, 7, 47),
(0, 1, 7, 58),
(0, 1, 8, 23),
(0, 1, 8, 52),
(0, 1, 9, 31),
(0, 1, 10, 26),
(0, 1, 10, 44),
(0, 1, 11, 29),
(0, 1, 12, 20),
(0, 1, 12, 51),
(0, 1, 12, 57),
(0, 1, 13, 43),
(0, 1, 15, 32),
(0, 1, 15, 34),
(0, 1, 16, 22),
(0, 1, 17, 13),
(0, 1, 17, 35),
(0, 1, 18, 48),
(0, 1, 19, 8),
(0, 1, 19, 24),
(0, 1, 20, 42),
(0, 1, 20, 46),
(0, 1, 21, 1),
(0, 1, 22, 37),
(0, 1, 25, 21),
(0, 1, 27, 10),
(0, 1, 27, 50),
(0, 1, 30, 2),
(0, 1, 30, 60),
(0, 1, 32, 6),
(0, 1, 33, 56),
(0, 1, 38, 4),
(0, 1, 45, 64),
(0, 1, 46, 25),
(0, 1, 48, 9),
(0, 1, 49, 54),
(0, 1, 50, 16),
(0, 1, 50, 18),
(0, 2, 1, 61),
(0, 2, 1, 62),
(0, 2, 1, 63),
(0, 2, 2, 5),
(0, 2, 2, 36),
(0, 2, 2, 45),
(0, 2, 3, 7),
(0, 2, 3, 11),
(0, 2, 3, 66),
(0, 2, 4, 3),
(0, 2, 4, 15),
(0, 2, 4, 19),
(0, 2, 4, 49),
(0, 2, 5, 59),
(0, 2, 6, 17),
(0, 2, 6, 38),
(0, 2, 6, 55),
(0, 2, 6, 67),
(0, 2, 6, 68),
(0, 2, 7, 30),
(0, 2, 7, 47),
(0, 2, 7, 58),
(0, 2, 8, 23),
(0, 2, 8, 52),
(0, 2, 9, 31),
(0, 2, 10, 26),
(0, 2, 10, 44),
(0, 2, 11, 29),
(0, 2, 12, 20),
(0, 2, 12, 51),
(0, 2, 12, 57),
(0, 2, 13, 43),
(0, 2, 15, 32),
(0, 2, 15, 34),
(0, 2, 16, 22),
(0, 2, 17, 13),
(0, 2, 17, 35),
(0, 2, 18, 48),
(0, 2, 19, 8),
(0, 2, 19, 24),
(0, 2, 20, 46),
(0, 2, 21, 1),
(0, 2, 22, 37),
(0, 2, 23, 42),
(0, 2, 25, 21),
(0, 2, 27, 10),
(0, 2, 27, 50),
(0, 2, 30, 2),
(0, 2, 30, 60),
(0, 2, 31, 12),
(0, 2, 32, 6),
(0, 2, 33, 56),
(0, 2, 38, 4),
(0, 2, 45, 64),
(0, 2, 46, 25),
(0, 2, 48, 9),
(0, 2, 49, 54),
(0, 2, 50, 16),
(0, 2, 50, 18),
(0, 3, 1, 61),
(0, 3, 1, 62),
(0, 3, 1, 63),
(0, 3, 2, 36),
(0, 3, 2, 45),
(0, 3, 3, 7),
(0, 3, 3, 66),
(0, 3, 4, 3),
(0, 3, 4, 15),
(0, 3, 4, 49),
(0, 3, 5, 59),
(0, 3, 6, 5),
(0, 3, 6, 17),
(0, 3, 6, 38),
(0, 3, 6, 55),
(0, 3, 6, 68),
(0, 3, 7, 30),
(0, 3, 7, 47),
(0, 3, 8, 23),
(0, 3, 8, 52),
(0, 3, 9, 19),
(0, 3, 10, 26),
(0, 3, 10, 44),
(0, 3, 10, 67),
(0, 3, 11, 29),
(0, 3, 12, 20),
(0, 3, 12, 51),
(0, 3, 13, 11),
(0, 3, 13, 43),
(0, 3, 15, 32),
(0, 3, 15, 34),
(0, 3, 16, 22),
(0, 3, 16, 31),
(0, 3, 17, 13),
(0, 3, 17, 35),
(0, 3, 18, 48),
(0, 3, 19, 24),
(0, 3, 20, 46),
(0, 3, 21, 1),
(0, 3, 22, 37),
(0, 3, 23, 42),
(0, 3, 25, 21),
(0, 3, 27, 10),
(0, 3, 27, 50),
(0, 3, 30, 2),
(0, 3, 30, 60),
(0, 3, 33, 56),
(0, 3, 35, 57),
(0, 3, 38, 4),
(0, 3, 38, 6),
(0, 3, 41, 58),
(0, 3, 44, 12),
(0, 3, 45, 64),
(0, 3, 48, 8),
(0, 3, 48, 9),
(0, 3, 49, 25),
(0, 3, 49, 54),
(0, 3, 50, 16),
(0, 3, 50, 18),
(0, 4, 1, 61),
(0, 4, 1, 63),
(0, 4, 3, 66),
(0, 4, 4, 3),
(0, 4, 4, 49),
(0, 4, 5, 45),
(0, 4, 5, 59),
(0, 4, 6, 5),
(0, 4, 6, 17),
(0, 4, 6, 38),
(0, 4, 6, 68),
(0, 4, 7, 30),
(0, 4, 8, 23),
(0, 4, 8, 52),
(0, 4, 10, 44),
(0, 4, 10, 67),
(0, 4, 11, 26),
(0, 4, 11, 29),
(0, 4, 12, 20),
(0, 4, 13, 11),
(0, 4, 13, 43),
(0, 4, 14, 7),
(0, 4, 14, 36),
(0, 4, 15, 32),
(0, 4, 15, 34),
(0, 4, 16, 31),
(0, 4, 17, 35),
(0, 4, 18, 48),
(0, 4, 18, 51),
(0, 4, 20, 24),
(0, 4, 22, 62),
(0, 4, 23, 37),
(0, 4, 23, 42),
(0, 4, 23, 55),
(0, 4, 25, 21),
(0, 4, 25, 47),
(0, 4, 26, 1),
(0, 4, 27, 10),
(0, 4, 27, 50),
(0, 4, 29, 13),
(0, 4, 30, 2),
(0, 4, 30, 60),
(0, 4, 31, 15),
(0, 4, 33, 56),
(0, 4, 35, 57),
(0, 4, 37, 22),
(0, 4, 38, 4),
(0, 4, 38, 6),
(0, 4, 40, 46),
(0, 4, 41, 58),
(0, 4, 44, 12),
(0, 4, 45, 64),
(0, 4, 48, 8),
(0, 4, 48, 9),
(0, 4, 49, 25),
(0, 4, 49, 54),
(0, 4, 50, 16),
(0, 4, 50, 18),
(0, 4, 50, 19),
(0, 5, 1, 61),
(0, 5, 1, 63),
(0, 5, 4, 3),
(0, 5, 4, 49),
(0, 5, 5, 45),
(0, 5, 6, 5),
(0, 5, 6, 17),
(0, 5, 6, 38),
(0, 5, 6, 68),
(0, 5, 7, 30),
(0, 5, 8, 52),
(0, 5, 10, 44),
(0, 5, 10, 67),
(0, 5, 11, 29),
(0, 5, 12, 20),
(0, 5, 13, 11),
(0, 5, 13, 43),
(0, 5, 14, 7),
(0, 5, 14, 36),
(0, 5, 15, 32),
(0, 5, 15, 34),
(0, 5, 16, 31),
(0, 5, 17, 35),
(0, 5, 18, 48),
(0, 5, 18, 51),
(0, 5, 20, 24),
(0, 5, 21, 1),
(0, 5, 22, 62),
(0, 5, 23, 37),
(0, 5, 23, 42),
(0, 5, 23, 55),
(0, 5, 24, 59),
(0, 5, 25, 21),
(0, 5, 25, 47),
(0, 5, 27, 10),
(0, 5, 28, 50),
(0, 5, 30, 2),
(0, 5, 30, 60),
(0, 5, 32, 15),
(0, 5, 33, 26),
(0, 5, 33, 56),
(0, 5, 34, 66),
(0, 5, 35, 13),
(0, 5, 35, 57),
(0, 5, 37, 22),
(0, 5, 38, 4),
(0, 5, 38, 6),
(0, 5, 40, 23),
(0, 5, 40, 46),
(0, 5, 41, 58),
(0, 5, 44, 12),
(0, 5, 45, 64),
(0, 5, 48, 8),
(0, 5, 48, 9),
(0, 5, 49, 25),
(0, 5, 49, 54),
(0, 5, 50, 16),
(0, 5, 50, 18),
(0, 5, 50, 19),
(0, 6, 1, 61),
(0, 6, 1, 63),
(0, 6, 4, 3),
(0, 6, 4, 19),
(0, 6, 4, 49),
(0, 6, 5, 45),
(0, 6, 6, 12),
(0, 6, 6, 17),
(0, 6, 6, 38),
(0, 6, 6, 55),
(0, 6, 6, 68),
(0, 6, 7, 30),
(0, 6, 7, 47),
(0, 6, 7, 58),
(0, 6, 8, 52),
(0, 6, 10, 44),
(0, 6, 11, 29),
(0, 6, 12, 20),
(0, 6, 12, 51),
(0, 6, 13, 43),
(0, 6, 14, 7),
(0, 6, 14, 36),
(0, 6, 15, 32),
(0, 6, 15, 34),
(0, 6, 16, 11),
(0, 6, 16, 22),
(0, 6, 16, 31),
(0, 6, 17, 35),
(0, 6, 18, 48),
(0, 6, 20, 46),
(0, 6, 21, 1),
(0, 6, 21, 5),
(0, 6, 23, 37),
(0, 6, 24, 24),
(0, 6, 25, 21),
(0, 6, 26, 67),
(0, 6, 27, 10),
(0, 6, 28, 50),
(0, 6, 28, 59),
(0, 6, 29, 62),
(0, 6, 30, 2),
(0, 6, 30, 60),
(0, 6, 32, 6),
(0, 6, 32, 15),
(0, 6, 33, 26),
(0, 6, 33, 56),
(0, 6, 34, 66),
(0, 6, 35, 13),
(0, 6, 36, 57),
(0, 6, 38, 4),
(0, 6, 40, 23),
(0, 6, 42, 42),
(0, 6, 45, 64),
(0, 6, 46, 25),
(0, 6, 48, 8),
(0, 6, 48, 9),
(0, 6, 49, 54),
(0, 6, 50, 16),
(0, 6, 50, 18),
(0, 7, 1, 61),
(0, 7, 1, 63),
(0, 7, 2, 36),
(0, 7, 3, 7),
(0, 7, 4, 3),
(0, 7, 4, 49),
(0, 7, 5, 45),
(0, 7, 6, 12),
(0, 7, 6, 17),
(0, 7, 6, 38),
(0, 7, 6, 55),
(0, 7, 6, 68),
(0, 7, 7, 30),
(0, 7, 7, 47),
(0, 7, 7, 58),
(0, 7, 8, 23),
(0, 7, 8, 52),
(0, 7, 9, 19),
(0, 7, 10, 26),
(0, 7, 10, 44),
(0, 7, 11, 29),
(0, 7, 12, 20),
(0, 7, 12, 51),
(0, 7, 13, 43),
(0, 7, 15, 32),
(0, 7, 15, 34),
(0, 7, 16, 11),
(0, 7, 16, 22),
(0, 7, 17, 31),
(0, 7, 17, 35),
(0, 7, 18, 48),
(0, 7, 19, 8),
(0, 7, 21, 5),
(0, 7, 24, 24),
(0, 7, 25, 21),
(0, 7, 26, 1),
(0, 7, 26, 67),
(0, 7, 27, 10),
(0, 7, 28, 50),
(0, 7, 28, 59),
(0, 7, 29, 62),
(0, 7, 30, 2),
(0, 7, 30, 60),
(0, 7, 32, 6),
(0, 7, 32, 15),
(0, 7, 33, 56),
(0, 7, 34, 66),
(0, 7, 36, 57),
(0, 7, 38, 4),
(0, 7, 40, 46),
(0, 7, 42, 13),
(0, 7, 42, 42),
(0, 7, 45, 64),
(0, 7, 46, 25),
(0, 7, 47, 37),
(0, 7, 48, 9),
(0, 7, 49, 54),
(0, 7, 50, 16),
(0, 7, 50, 18),
(0, 8, 1, 61),
(0, 8, 1, 63),
(0, 8, 2, 5),
(0, 8, 2, 36),
(0, 8, 3, 7),
(0, 8, 3, 66),
(0, 8, 4, 3),
(0, 8, 4, 49),
(0, 8, 6, 12),
(0, 8, 6, 17),
(0, 8, 6, 38),
(0, 8, 6, 45),
(0, 8, 6, 55),
(0, 8, 6, 68),
(0, 8, 7, 30),
(0, 8, 7, 47),
(0, 8, 8, 23),
(0, 8, 8, 52),
(0, 8, 9, 19),
(0, 8, 10, 26),
(0, 8, 10, 44),
(0, 8, 11, 29),
(0, 8, 12, 20),
(0, 8, 12, 51),
(0, 8, 13, 43),
(0, 8, 15, 32),
(0, 8, 15, 34),
(0, 8, 16, 11),
(0, 8, 17, 35),
(0, 8, 18, 48),
(0, 8, 19, 8),
(0, 8, 24, 24),
(0, 8, 25, 21),
(0, 8, 26, 1),
(0, 8, 26, 67),
(0, 8, 27, 10),
(0, 8, 28, 50),
(0, 8, 30, 2),
(0, 8, 30, 60),
(0, 8, 32, 15),
(0, 8, 33, 56),
(0, 8, 36, 31),
(0, 8, 36, 57),
(0, 8, 37, 22),
(0, 8, 37, 62),
(0, 8, 38, 4),
(0, 8, 38, 6),
(0, 8, 40, 46),
(0, 8, 41, 58),
(0, 8, 42, 13),
(0, 8, 42, 42),
(0, 8, 43, 59),
(0, 8, 45, 64),
(0, 8, 46, 25),
(0, 8, 47, 37),
(0, 8, 48, 9),
(0, 8, 49, 54),
(0, 8, 50, 16),
(0, 8, 50, 18),
(0, 9, 1, 61),
(0, 9, 1, 63),
(0, 9, 2, 5),
(0, 9, 2, 36),
(0, 9, 3, 11),
(0, 9, 4, 3),
(0, 9, 4, 49),
(0, 9, 6, 17),
(0, 9, 6, 38),
(0, 9, 6, 45),
(0, 9, 6, 68),
(0, 9, 7, 30),
(0, 9, 7, 47),
(0, 9, 8, 23),
(0, 9, 8, 52),
(0, 9, 10, 44),
(0, 9, 11, 26),
(0, 9, 11, 29),
(0, 9, 12, 20),
(0, 9, 13, 43),
(0, 9, 14, 7),
(0, 9, 15, 32),
(0, 9, 15, 34),
(0, 9, 17, 35),
(0, 9, 18, 48),
(0, 9, 18, 51),
(0, 9, 19, 8),
(0, 9, 20, 42),
(0, 9, 21, 1),
(0, 9, 23, 55),
(0, 9, 25, 21),
(0, 9, 26, 67),
(0, 9, 27, 10),
(0, 9, 30, 2),
(0, 9, 30, 60),
(0, 9, 31, 12),
(0, 9, 32, 6),
(0, 9, 33, 56),
(0, 9, 34, 24),
(0, 9, 34, 50),
(0, 9, 34, 66),
(0, 9, 36, 31),
(0, 9, 36, 57),
(0, 9, 37, 22),
(0, 9, 37, 62),
(0, 9, 38, 4),
(0, 9, 40, 46),
(0, 9, 41, 58),
(0, 9, 43, 13),
(0, 9, 43, 59),
(0, 9, 45, 15),
(0, 9, 45, 64),
(0, 9, 46, 25),
(0, 9, 47, 37),
(0, 9, 48, 9),
(0, 9, 49, 54),
(0, 9, 50, 16),
(0, 9, 50, 18),
(0, 9, 50, 19),
(0, 10, 1, 61),
(0, 10, 1, 63),
(0, 10, 2, 5),
(0, 10, 2, 45),
(0, 10, 3, 11),
(0, 10, 3, 66),
(0, 10, 4, 3),
(0, 10, 4, 49),
(0, 10, 6, 17),
(0, 10, 6, 38),
(0, 10, 6, 68),
(0, 10, 7, 30),
(0, 10, 8, 52),
(0, 10, 9, 31),
(0, 10, 10, 44),
(0, 10, 11, 26),
(0, 10, 11, 29),
(0, 10, 12, 20),
(0, 10, 13, 43),
(0, 10, 14, 7),
(0, 10, 14, 36),
(0, 10, 15, 32),
(0, 10, 15, 34),
(0, 10, 16, 22),
(0, 10, 17, 35),
(0, 10, 18, 48),
(0, 10, 18, 51),
(0, 10, 20, 42),
(0, 10, 20, 46),
(0, 10, 21, 1),
(0, 10, 23, 55),
(0, 10, 25, 21),
(0, 10, 25, 47),
(0, 10, 27, 10),
(0, 10, 30, 2),
(0, 10, 30, 60),
(0, 10, 31, 12),
(0, 10, 33, 56),
(0, 10, 34, 24),
(0, 10, 34, 50),
(0, 10, 37, 62),
(0, 10, 38, 4),
(0, 10, 38, 6),
(0, 10, 39, 67),
(0, 10, 40, 23),
(0, 10, 41, 58),
(0, 10, 43, 13),
(0, 10, 43, 59),
(0, 10, 45, 15),
(0, 10, 45, 64),
(0, 10, 47, 37),
(0, 10, 47, 57),
(0, 10, 48, 8),
(0, 10, 48, 9),
(0, 10, 49, 25),
(0, 10, 49, 54),
(0, 10, 50, 16),
(0, 10, 50, 18),
(0, 10, 50, 19),
(0, 11, 1, 61),
(0, 11, 1, 62),
(0, 11, 1, 63),
(0, 11, 2, 45),
(0, 11, 4, 3),
(0, 11, 4, 49),
(0, 11, 5, 59),
(0, 11, 6, 5),
(0, 11, 6, 17),
(0, 11, 6, 38),
(0, 11, 6, 68),
(0, 11, 7, 30),
(0, 11, 7, 58),
(0, 11, 8, 52),
(0, 11, 9, 31),
(0, 11, 10, 44),
(0, 11, 11, 26),
(0, 11, 11, 29),
(0, 11, 12, 20),
(0, 11, 13, 11),
(0, 11, 13, 43),
(0, 11, 14, 7),
(0, 11, 14, 36),
(0, 11, 15, 32),
(0, 11, 15, 34),
(0, 11, 16, 22),
(0, 11, 17, 13),
(0, 11, 17, 35),
(0, 11, 18, 48),
(0, 11, 18, 51),
(0, 11, 20, 42),
(0, 11, 20, 46),
(0, 11, 22, 37),
(0, 11, 23, 55),
(0, 11, 25, 21),
(0, 11, 25, 47),
(0, 11, 26, 1),
(0, 11, 27, 10),
(0, 11, 27, 50),
(0, 11, 30, 2),
(0, 11, 30, 60),
(0, 11, 32, 6),
(0, 11, 33, 56),
(0, 11, 34, 24),
(0, 11, 34, 66),
(0, 11, 38, 4),
(0, 11, 39, 67),
(0, 11, 40, 23),
(0, 11, 44, 12),
(0, 11, 45, 15),
(0, 11, 45, 64),
(0, 11, 46, 25),
(0, 11, 47, 57),
(0, 11, 48, 8),
(0, 11, 48, 9),
(0, 11, 49, 54),
(0, 11, 50, 16),
(0, 11, 50, 18),
(0, 11, 50, 19),
(0, 12, 1, 61),
(0, 12, 1, 63),
(0, 12, 2, 45),
(0, 12, 3, 7),
(0, 12, 4, 3),
(0, 12, 4, 19),
(0, 12, 4, 49),
(0, 12, 6, 5),
(0, 12, 6, 17),
(0, 12, 6, 38),
(0, 12, 6, 68),
(0, 12, 7, 30),
(0, 12, 7, 47),
(0, 12, 8, 52),
(0, 12, 9, 31),
(0, 12, 10, 44),
(0, 12, 11, 26),
(0, 12, 11, 29),
(0, 12, 12, 20),
(0, 12, 12, 51),
(0, 12, 13, 11),
(0, 12, 13, 43),
(0, 12, 14, 36),
(0, 12, 15, 32),
(0, 12, 15, 34),
(0, 12, 16, 22),
(0, 12, 17, 13),
(0, 12, 17, 35),
(0, 12, 18, 48),
(0, 12, 19, 8),
(0, 12, 22, 62),
(0, 12, 23, 37),
(0, 12, 23, 42),
(0, 12, 23, 55),
(0, 12, 24, 59),
(0, 12, 25, 21),
(0, 12, 26, 1),
(0, 12, 27, 10),
(0, 12, 27, 50),
(0, 12, 30, 2),
(0, 12, 30, 60),
(0, 12, 32, 6),
(0, 12, 33, 56),
(0, 12, 34, 66),
(0, 12, 38, 4),
(0, 12, 39, 24),
(0, 12, 39, 67),
(0, 12, 40, 23),
(0, 12, 40, 46),
(0, 12, 41, 58),
(0, 12, 44, 12),
(0, 12, 45, 64),
(0, 12, 46, 15),
(0, 12, 46, 25),
(0, 12, 47, 57),
(0, 12, 48, 9),
(0, 12, 49, 54),
(0, 12, 50, 16),
(0, 12, 50, 18),
(0, 13, 1, 61),
(0, 13, 1, 63),
(0, 13, 2, 36),
(0, 13, 2, 45),
(0, 13, 4, 3),
(0, 13, 4, 19),
(0, 13, 4, 49),
(0, 13, 6, 12),
(0, 13, 6, 17),
(0, 13, 6, 38),
(0, 13, 6, 55),
(0, 13, 6, 68),
(0, 13, 7, 30),
(0, 13, 7, 47),
(0, 13, 8, 23),
(0, 13, 8, 52),
(0, 13, 10, 44),
(0, 13, 11, 29),
(0, 13, 12, 20),
(0, 13, 12, 51),
(0, 13, 12, 57),
(0, 13, 13, 43),
(0, 13, 14, 7),
(0, 13, 15, 32),
(0, 13, 15, 34),
(0, 13, 16, 11),
(0, 13, 16, 31),
(0, 13, 17, 35),
(0, 13, 18, 48),
(0, 13, 21, 5),
(0, 13, 22, 62),
(0, 13, 23, 37),
(0, 13, 23, 42),
(0, 13, 24, 59),
(0, 13, 25, 21),
(0, 13, 26, 1),
(0, 13, 27, 10),
(0, 13, 27, 50),
(0, 13, 29, 13),
(0, 13, 30, 2),
(0, 13, 30, 60),
(0, 13, 33, 26),
(0, 13, 33, 56),
(0, 13, 34, 66),
(0, 13, 37, 22),
(0, 13, 38, 4),
(0, 13, 38, 6),
(0, 13, 39, 24),
(0, 13, 39, 67),
(0, 13, 40, 46),
(0, 13, 41, 58),
(0, 13, 45, 64),
(0, 13, 46, 15),
(0, 13, 48, 8),
(0, 13, 48, 9),
(0, 13, 49, 25),
(0, 13, 49, 54),
(0, 13, 50, 16),
(0, 13, 50, 18),
(0, 14, 1, 61),
(0, 14, 1, 63),
(0, 14, 2, 36),
(0, 14, 3, 66),
(0, 14, 4, 3),
(0, 14, 4, 19),
(0, 14, 4, 49),
(0, 14, 5, 45),
(0, 14, 6, 12),
(0, 14, 6, 17),
(0, 14, 6, 38),
(0, 14, 6, 55),
(0, 14, 6, 68),
(0, 14, 7, 30),
(0, 14, 7, 58),
(0, 14, 8, 23),
(0, 14, 8, 52),
(0, 14, 10, 44),
(0, 14, 11, 29),
(0, 14, 12, 20),
(0, 14, 12, 51),
(0, 14, 12, 57),
(0, 14, 13, 43),
(0, 14, 14, 7),
(0, 14, 15, 32),
(0, 14, 15, 34),
(0, 14, 16, 11),
(0, 14, 16, 31),
(0, 14, 17, 35),
(0, 14, 18, 48),
(0, 14, 19, 24),
(0, 14, 21, 5),
(0, 14, 22, 62),
(0, 14, 25, 21),
(0, 14, 25, 47),
(0, 14, 26, 1),
(0, 14, 27, 10),
(0, 14, 28, 50),
(0, 14, 28, 59),
(0, 14, 29, 13),
(0, 14, 30, 2),
(0, 14, 30, 60),
(0, 14, 33, 26),
(0, 14, 33, 56),
(0, 14, 37, 22),
(0, 14, 38, 4),
(0, 14, 38, 6),
(0, 14, 40, 46),
(0, 14, 41, 67),
(0, 14, 42, 42),
(0, 14, 45, 64),
(0, 14, 46, 15),
(0, 14, 46, 25),
(0, 14, 47, 37),
(0, 14, 48, 8),
(0, 14, 48, 9),
(0, 14, 49, 54),
(0, 14, 50, 16),
(0, 14, 50, 18),
(0, 15, 1, 61),
(0, 15, 1, 63),
(0, 15, 2, 36),
(0, 15, 3, 66),
(0, 15, 4, 3),
(0, 15, 4, 15),
(0, 15, 4, 19),
(0, 15, 4, 49),
(0, 15, 5, 45),
(0, 15, 6, 12),
(0, 15, 6, 17),
(0, 15, 6, 38),
(0, 15, 6, 55),
(0, 15, 6, 67),
(0, 15, 6, 68),
(0, 15, 7, 30),
(0, 15, 7, 58),
(0, 15, 8, 23),
(0, 15, 8, 52),
(0, 15, 10, 44),
(0, 15, 11, 29),
(0, 15, 12, 20),
(0, 15, 13, 43),
(0, 15, 14, 7),
(0, 15, 15, 32),
(0, 15, 15, 34),
(0, 15, 16, 11),
(0, 15, 17, 31),
(0, 15, 17, 35),
(0, 15, 18, 48),
(0, 15, 18, 51),
(0, 15, 19, 24),
(0, 15, 20, 46),
(0, 15, 21, 1),
(0, 15, 21, 5),
(0, 15, 25, 21),
(0, 15, 25, 47),
(0, 15, 27, 10),
(0, 15, 28, 50),
(0, 15, 28, 59),
(0, 15, 29, 62),
(0, 15, 30, 2),
(0, 15, 30, 60),
(0, 15, 33, 26),
(0, 15, 33, 56),
(0, 15, 35, 13),
(0, 15, 35, 57),
(0, 15, 37, 22),
(0, 15, 38, 4),
(0, 15, 38, 6),
(0, 15, 42, 42),
(0, 15, 45, 64),
(0, 15, 47, 37),
(0, 15, 48, 8),
(0, 15, 48, 9),
(0, 15, 49, 25),
(0, 15, 49, 54),
(0, 15, 50, 16),
(0, 15, 50, 18),
(0, 16, 1, 61),
(0, 16, 1, 63),
(0, 16, 3, 7),
(0, 16, 3, 66),
(0, 16, 4, 3),
(0, 16, 4, 15),
(0, 16, 4, 49),
(0, 16, 6, 17),
(0, 16, 6, 38),
(0, 16, 6, 45),
(0, 16, 6, 55),
(0, 16, 6, 67),
(0, 16, 6, 68),
(0, 16, 7, 30),
(0, 16, 8, 52),
(0, 16, 9, 19),
(0, 16, 10, 26),
(0, 16, 10, 44),
(0, 16, 11, 29),
(0, 16, 12, 20),
(0, 16, 13, 43),
(0, 16, 14, 36),
(0, 16, 15, 32),
(0, 16, 15, 34),
(0, 16, 16, 11),
(0, 16, 17, 31),
(0, 16, 17, 35),
(0, 16, 18, 48),
(0, 16, 18, 51),
(0, 16, 19, 8),
(0, 16, 19, 24),
(0, 16, 20, 42),
(0, 16, 20, 46),
(0, 16, 21, 1),
(0, 16, 21, 5),
(0, 16, 25, 21),
(0, 16, 25, 47),
(0, 16, 27, 10),
(0, 16, 28, 50),
(0, 16, 28, 59),
(0, 16, 29, 62),
(0, 16, 30, 2),
(0, 16, 30, 60),
(0, 16, 31, 12),
(0, 16, 32, 6),
(0, 16, 33, 56),
(0, 16, 35, 13),
(0, 16, 35, 57),
(0, 16, 37, 22),
(0, 16, 38, 4),
(0, 16, 40, 23),
(0, 16, 41, 58),
(0, 16, 45, 64),
(0, 16, 46, 25),
(0, 16, 47, 37),
(0, 16, 48, 9),
(0, 16, 49, 54),
(0, 16, 50, 16),
(0, 16, 50, 18),
(0, 17, 1, 61),
(0, 17, 1, 63),
(0, 17, 2, 5),
(0, 17, 3, 11),
(0, 17, 4, 3),
(0, 17, 4, 15),
(0, 17, 4, 49),
(0, 17, 6, 17),
(0, 17, 6, 38),
(0, 17, 6, 45),
(0, 17, 6, 67),
(0, 17, 6, 68),
(0, 17, 7, 30),
(0, 17, 8, 52),
(0, 17, 9, 19),
(0, 17, 10, 26),
(0, 17, 10, 44),
(0, 17, 11, 29),
(0, 17, 12, 20),
(0, 17, 13, 43),
(0, 17, 14, 7),
(0, 17, 14, 36),
(0, 17, 15, 32),
(0, 17, 15, 34),
(0, 17, 16, 22),
(0, 17, 17, 35),
(0, 17, 18, 48),
(0, 17, 18, 51),
(0, 17, 20, 24),
(0, 17, 20, 42),
(0, 17, 20, 46),
(0, 17, 21, 1),
(0, 17, 22, 37),
(0, 17, 23, 55),
(0, 17, 25, 21),
(0, 17, 25, 47),
(0, 17, 27, 10),
(0, 17, 28, 59),
(0, 17, 30, 2),
(0, 17, 30, 60),
(0, 17, 31, 12),
(0, 17, 32, 6),
(0, 17, 33, 56),
(0, 17, 34, 50),
(0, 17, 34, 66),
(0, 17, 35, 13),
(0, 17, 35, 57),
(0, 17, 36, 31),
(0, 17, 37, 62),
(0, 17, 38, 4),
(0, 17, 40, 23),
(0, 17, 41, 58),
(0, 17, 45, 64),
(0, 17, 46, 25),
(0, 17, 48, 8),
(0, 17, 48, 9),
(0, 17, 49, 54),
(0, 17, 50, 16),
(0, 17, 50, 18),
(0, 18, 1, 61),
(0, 18, 1, 63),
(0, 18, 3, 11),
(0, 18, 4, 3),
(0, 18, 4, 15),
(0, 18, 4, 49),
(0, 18, 6, 5),
(0, 18, 6, 17),
(0, 18, 6, 38),
(0, 18, 6, 45),
(0, 18, 6, 67),
(0, 18, 6, 68),
(0, 18, 7, 30),
(0, 18, 7, 47),
(0, 18, 7, 58),
(0, 18, 8, 52),
(0, 18, 10, 44),
(0, 18, 11, 26),
(0, 18, 11, 29),
(0, 18, 12, 20),
(0, 18, 12, 51),
(0, 18, 13, 43),
(0, 18, 14, 7),
(0, 18, 14, 36),
(0, 18, 15, 32),
(0, 18, 15, 34),
(0, 18, 16, 22),
(0, 18, 17, 35),
(0, 18, 18, 48),
(0, 18, 20, 24),
(0, 18, 20, 42),
(0, 18, 21, 1),
(0, 18, 22, 37),
(0, 18, 23, 55),
(0, 18, 25, 21),
(0, 18, 27, 10),
(0, 18, 30, 2),
(0, 18, 30, 60),
(0, 18, 32, 6),
(0, 18, 33, 56),
(0, 18, 34, 50),
(0, 18, 34, 66),
(0, 18, 35, 57),
(0, 18, 36, 31),
(0, 18, 37, 62),
(0, 18, 38, 4),
(0, 18, 40, 23),
(0, 18, 40, 46),
(0, 18, 42, 13),
(0, 18, 43, 59),
(0, 18, 44, 12),
(0, 18, 45, 64),
(0, 18, 46, 25),
(0, 18, 48, 8),
(0, 18, 48, 9),
(0, 18, 49, 54),
(0, 18, 50, 16),
(0, 18, 50, 18),
(0, 18, 50, 19),
(0, 19, 1, 61),
(0, 19, 1, 62),
(0, 19, 1, 63),
(0, 19, 2, 45),
(0, 19, 3, 66),
(0, 19, 4, 3),
(0, 19, 4, 49),
(0, 19, 5, 59),
(0, 19, 6, 5),
(0, 19, 6, 17),
(0, 19, 6, 38),
(0, 19, 6, 68),
(0, 19, 7, 30),
(0, 19, 7, 47),
(0, 19, 7, 58),
(0, 19, 8, 52),
(0, 19, 9, 31),
(0, 19, 10, 44),
(0, 19, 10, 67),
(0, 19, 11, 26),
(0, 19, 11, 29),
(0, 19, 12, 20),
(0, 19, 12, 51),
(0, 19, 13, 11),
(0, 19, 13, 43),
(0, 19, 14, 7),
(0, 19, 14, 36),
(0, 19, 15, 32),
(0, 19, 15, 34),
(0, 19, 16, 22),
(0, 19, 17, 35),
(0, 19, 18, 48),
(0, 19, 20, 24),
(0, 19, 20, 42),
(0, 19, 23, 37),
(0, 19, 23, 55),
(0, 19, 25, 21),
(0, 19, 26, 1),
(0, 19, 27, 10),
(0, 19, 27, 50),
(0, 19, 30, 2),
(0, 19, 30, 60),
(0, 19, 31, 15),
(0, 19, 32, 6),
(0, 19, 33, 56),
(0, 19, 36, 57),
(0, 19, 38, 4),
(0, 19, 40, 23),
(0, 19, 40, 46),
(0, 19, 42, 13),
(0, 19, 44, 12),
(0, 19, 45, 64),
(0, 19, 48, 8),
(0, 19, 48, 9),
(0, 19, 49, 25),
(0, 19, 49, 54),
(0, 19, 50, 16),
(0, 19, 50, 18),
(0, 19, 50, 19),
(0, 20, 1, 61),
(0, 20, 1, 62),
(0, 20, 1, 63),
(0, 20, 2, 36),
(0, 20, 2, 45),
(0, 20, 3, 7),
(0, 20, 3, 66),
(0, 20, 4, 3),
(0, 20, 4, 49),
(0, 20, 5, 59),
(0, 20, 6, 5),
(0, 20, 6, 12),
(0, 20, 6, 17),
(0, 20, 6, 38),
(0, 20, 6, 55),
(0, 20, 6, 68),
(0, 20, 7, 30),
(0, 20, 7, 58),
(0, 20, 8, 23),
(0, 20, 8, 52),
(0, 20, 9, 31),
(0, 20, 10, 44),
(0, 20, 10, 67),
(0, 20, 11, 26),
(0, 20, 11, 29),
(0, 20, 12, 20),
(0, 20, 13, 11),
(0, 20, 13, 43),
(0, 20, 15, 32),
(0, 20, 15, 34),
(0, 20, 17, 35),
(0, 20, 18, 48),
(0, 20, 18, 51),
(0, 20, 19, 8),
(0, 20, 20, 24),
(0, 20, 20, 46),
(0, 20, 21, 1),
(0, 20, 23, 42),
(0, 20, 25, 21),
(0, 20, 25, 47),
(0, 20, 27, 10),
(0, 20, 27, 50),
(0, 20, 30, 2),
(0, 20, 30, 60),
(0, 20, 32, 15),
(0, 20, 33, 56),
(0, 20, 36, 57),
(0, 20, 37, 22),
(0, 20, 38, 4),
(0, 20, 38, 6),
(0, 20, 42, 13),
(0, 20, 45, 64),
(0, 20, 46, 25),
(0, 20, 47, 37),
(0, 20, 48, 9),
(0, 20, 49, 54),
(0, 20, 50, 16),
(0, 20, 50, 18),
(0, 20, 50, 19),
(0, 21, 1, 61),
(0, 21, 1, 63),
(0, 21, 3, 7),
(0, 21, 4, 3),
(0, 21, 4, 19),
(0, 21, 4, 49),
(0, 21, 5, 45),
(0, 21, 5, 59),
(0, 21, 6, 12),
(0, 21, 6, 17),
(0, 21, 6, 38),
(0, 21, 6, 55),
(0, 21, 6, 68),
(0, 21, 7, 30),
(0, 21, 7, 47),
(0, 21, 8, 23),
(0, 21, 8, 52),
(0, 21, 9, 31),
(0, 21, 10, 44),
(0, 21, 11, 29),
(0, 21, 12, 20),
(0, 21, 13, 43),
(0, 21, 14, 36),
(0, 21, 15, 32),
(0, 21, 15, 34),
(0, 21, 16, 11),
(0, 21, 17, 35),
(0, 21, 18, 48),
(0, 21, 18, 51),
(0, 21, 19, 8),
(0, 21, 20, 46),
(0, 21, 21, 1),
(0, 21, 21, 5),
(0, 21, 22, 62),
(0, 21, 23, 42),
(0, 21, 24, 24),
(0, 21, 25, 21),
(0, 21, 26, 67),
(0, 21, 27, 10),
(0, 21, 27, 50),
(0, 21, 30, 2),
(0, 21, 30, 60),
(0, 21, 33, 26),
(0, 21, 33, 56),
(0, 21, 34, 66),
(0, 21, 37, 22),
(0, 21, 38, 4),
(0, 21, 38, 6),
(0, 21, 41, 58),
(0, 21, 43, 13),
(0, 21, 45, 15),
(0, 21, 45, 64),
(0, 21, 46, 25),
(0, 21, 47, 37),
(0, 21, 47, 57),
(0, 21, 48, 9),
(0, 21, 49, 54),
(0, 21, 50, 16),
(0, 21, 50, 18),
(0, 22, 1, 61),
(0, 22, 1, 63),
(0, 22, 3, 7),
(0, 22, 4, 3),
(0, 22, 4, 19),
(0, 22, 4, 49),
(0, 22, 6, 17),
(0, 22, 6, 38),
(0, 22, 6, 45),
(0, 22, 6, 55),
(0, 22, 6, 68),
(0, 22, 7, 30),
(0, 22, 7, 47),
(0, 22, 8, 23),
(0, 22, 8, 52),
(0, 22, 10, 44),
(0, 22, 11, 29),
(0, 22, 12, 20),
(0, 22, 12, 51),
(0, 22, 13, 43),
(0, 22, 14, 36),
(0, 22, 15, 32),
(0, 22, 15, 34),
(0, 22, 16, 11),
(0, 22, 16, 31),
(0, 22, 17, 35),
(0, 22, 18, 48),
(0, 22, 19, 8),
(0, 22, 20, 46),
(0, 22, 21, 5),
(0, 22, 22, 62),
(0, 22, 24, 59),
(0, 22, 25, 21),
(0, 22, 26, 1),
(0, 22, 26, 67),
(0, 22, 27, 10),
(0, 22, 28, 50),
(0, 22, 30, 2),
(0, 22, 30, 60),
(0, 22, 31, 12),
(0, 22, 33, 26),
(0, 22, 33, 56),
(0, 22, 34, 24),
(0, 22, 34, 66),
(0, 22, 37, 22),
(0, 22, 38, 4),
(0, 22, 38, 6),
(0, 22, 41, 58),
(0, 22, 42, 42),
(0, 22, 43, 13),
(0, 22, 45, 15),
(0, 22, 45, 64),
(0, 22, 47, 37),
(0, 22, 47, 57),
(0, 22, 48, 9),
(0, 22, 49, 25),
(0, 22, 49, 54),
(0, 22, 50, 16),
(0, 22, 50, 18),
(0, 23, 1, 61),
(0, 23, 1, 63),
(0, 23, 3, 7),
(0, 23, 4, 3),
(0, 23, 4, 19),
(0, 23, 4, 49),
(0, 23, 6, 17),
(0, 23, 6, 38),
(0, 23, 6, 45),
(0, 23, 6, 68),
(0, 23, 7, 30),
(0, 23, 7, 47),
(0, 23, 8, 23),
(0, 23, 8, 52),
(0, 23, 10, 44),
(0, 23, 11, 29),
(0, 23, 12, 20),
(0, 23, 12, 51),
(0, 23, 13, 43),
(0, 23, 14, 36),
(0, 23, 15, 32),
(0, 23, 15, 34),
(0, 23, 16, 11),
(0, 23, 16, 31),
(0, 23, 17, 35),
(0, 23, 18, 48),
(0, 23, 21, 5),
(0, 23, 22, 37),
(0, 23, 23, 55),
(0, 23, 24, 59),
(0, 23, 25, 21),
(0, 23, 26, 1),
(0, 23, 26, 67),
(0, 23, 27, 10),
(0, 23, 28, 50),
(0, 23, 29, 62),
(0, 23, 30, 2),
(0, 23, 30, 60),
(0, 23, 31, 12),
(0, 23, 32, 6),
(0, 23, 33, 26),
(0, 23, 33, 56),
(0, 23, 34, 24),
(0, 23, 34, 66),
(0, 23, 37, 22),
(0, 23, 38, 4),
(0, 23, 40, 46),
(0, 23, 41, 58),
(0, 23, 42, 42),
(0, 23, 43, 13),
(0, 23, 45, 15),
(0, 23, 45, 64),
(0, 23, 47, 57),
(0, 23, 48, 8),
(0, 23, 48, 9),
(0, 23, 49, 25),
(0, 23, 49, 54),
(0, 23, 50, 16),
(0, 23, 50, 18),
(0, 24, 1, 61),
(0, 24, 1, 63),
(0, 24, 2, 36),
(0, 24, 2, 45),
(0, 24, 3, 11),
(0, 24, 3, 66),
(0, 24, 4, 3),
(0, 24, 4, 49),
(0, 24, 6, 17),
(0, 24, 6, 38),
(0, 24, 6, 68),
(0, 24, 7, 30),
(0, 24, 7, 58),
(0, 24, 8, 52),
(0, 24, 9, 19),
(0, 24, 10, 26),
(0, 24, 10, 44),
(0, 24, 11, 29),
(0, 24, 12, 20),
(0, 24, 13, 43),
(0, 24, 14, 7),
(0, 24, 15, 32),
(0, 24, 15, 34),
(0, 24, 16, 22),
(0, 24, 17, 13),
(0, 24, 17, 31),
(0, 24, 17, 35),
(0, 24, 18, 48),
(0, 24, 18, 51),
(0, 24, 21, 5),
(0, 24, 23, 37),
(0, 24, 23, 55),
(0, 24, 24, 59),
(0, 24, 25, 21),
(0, 24, 25, 47),
(0, 24, 26, 1),
(0, 24, 26, 67),
(0, 24, 27, 10),
(0, 24, 28, 50),
(0, 24, 29, 62),
(0, 24, 30, 2),
(0, 24, 30, 60),
(0, 24, 31, 12),
(0, 24, 32, 6),
(0, 24, 33, 56),
(0, 24, 34, 24),
(0, 24, 38, 4),
(0, 24, 40, 23),
(0, 24, 40, 46),
(0, 24, 42, 42),
(0, 24, 45, 64),
(0, 24, 46, 15),
(0, 24, 47, 57),
(0, 24, 48, 8),
(0, 24, 48, 9),
(0, 24, 49, 25),
(0, 24, 49, 54),
(0, 24, 50, 16),
(0, 24, 50, 18),
(0, 25, 1, 61),
(0, 25, 1, 63),
(0, 25, 2, 5),
(0, 25, 3, 7),
(0, 25, 3, 11),
(0, 25, 3, 66),
(0, 25, 4, 3),
(0, 25, 4, 49),
(0, 25, 5, 45),
(0, 25, 6, 17),
(0, 25, 6, 38),
(0, 25, 6, 68),
(0, 25, 7, 30),
(0, 25, 7, 47),
(0, 25, 7, 58),
(0, 25, 8, 52),
(0, 25, 9, 19),
(0, 25, 10, 26),
(0, 25, 10, 44),
(0, 25, 11, 29),
(0, 25, 12, 20),
(0, 25, 12, 51),
(0, 25, 12, 57),
(0, 25, 13, 43),
(0, 25, 14, 36),
(0, 25, 15, 32),
(0, 25, 15, 34),
(0, 25, 17, 31),
(0, 25, 17, 35),
(0, 25, 18, 48),
(0, 25, 20, 42),
(0, 25, 20, 46),
(0, 25, 21, 1),
(0, 25, 23, 37),
(0, 25, 23, 55),
(0, 25, 25, 21),
(0, 25, 27, 10),
(0, 25, 28, 59),
(0, 25, 29, 13),
(0, 25, 29, 62),
(0, 25, 30, 2),
(0, 25, 30, 60),
(0, 25, 32, 6),
(0, 25, 33, 56),
(0, 25, 34, 24),
(0, 25, 34, 50),
(0, 25, 37, 22),
(0, 25, 38, 4),
(0, 25, 39, 67),
(0, 25, 40, 23),
(0, 25, 44, 12),
(0, 25, 45, 64),
(0, 25, 46, 15),
(0, 25, 48, 8),
(0, 25, 48, 9),
(0, 25, 49, 25),
(0, 25, 49, 54),
(0, 25, 50, 16),
(0, 25, 50, 18),
(0, 26, 1, 61),
(0, 26, 1, 63),
(0, 26, 2, 5),
(0, 26, 3, 7),
(0, 26, 3, 11),
(0, 26, 3, 66),
(0, 26, 4, 3),
(0, 26, 4, 15),
(0, 26, 4, 49),
(0, 26, 5, 45),
(0, 26, 6, 17),
(0, 26, 6, 38),
(0, 26, 6, 55),
(0, 26, 7, 58),
(0, 26, 8, 23),
(0, 26, 8, 52),
(0, 26, 9, 19),
(0, 26, 10, 26),
(0, 26, 10, 44),
(0, 26, 11, 29),
(0, 26, 12, 20),
(0, 26, 12, 51),
(0, 26, 12, 57),
(0, 26, 13, 43),
(0, 26, 14, 36),
(0, 26, 15, 32),
(0, 26, 15, 34),
(0, 26, 17, 31),
(0, 26, 17, 35),
(0, 26, 18, 48),
(0, 26, 19, 8),
(0, 26, 20, 42),
(0, 26, 20, 46),
(0, 26, 21, 1),
(0, 26, 25, 21),
(0, 26, 25, 47),
(0, 26, 27, 10),
(0, 26, 28, 59),
(0, 26, 30, 2),
(0, 26, 30, 60),
(0, 26, 32, 6),
(0, 26, 33, 56),
(0, 26, 34, 50),
(0, 26, 35, 13),
(0, 26, 37, 22),
(0, 26, 37, 62),
(0, 26, 38, 4),
(0, 26, 39, 24),
(0, 26, 39, 67),
(0, 26, 44, 12),
(0, 26, 45, 64),
(0, 26, 46, 25),
(0, 26, 47, 37),
(0, 26, 48, 9),
(0, 26, 49, 54),
(0, 26, 50, 16),
(0, 26, 50, 18),
(0, 27, 1, 61),
(0, 27, 1, 63),
(0, 27, 3, 7),
(0, 27, 3, 66),
(0, 27, 4, 3),
(0, 27, 4, 15),
(0, 27, 4, 49),
(0, 27, 6, 5),
(0, 27, 6, 12),
(0, 27, 6, 17),
(0, 27, 6, 45),
(0, 27, 8, 23),
(0, 27, 8, 52),
(0, 27, 10, 44),
(0, 27, 11, 26),
(0, 27, 11, 29),
(0, 27, 12, 51),
(0, 27, 12, 57),
(0, 27, 13, 11),
(0, 27, 14, 36),
(0, 27, 15, 32),
(0, 27, 15, 34),
(0, 27, 17, 35),
(0, 27, 18, 48),
(0, 27, 19, 8),
(0, 27, 20, 46),
(0, 27, 21, 1),
(0, 27, 23, 42),
(0, 27, 23, 55),
(0, 27, 25, 21),
(0, 27, 25, 47),
(0, 27, 27, 10),
(0, 27, 28, 59),
(0, 27, 30, 2),
(0, 27, 30, 60),
(0, 27, 33, 56),
(0, 27, 34, 50),
(0, 27, 35, 13),
(0, 27, 36, 31),
(0, 27, 37, 22),
(0, 27, 37, 62),
(0, 27, 38, 4),
(0, 27, 38, 6),
(0, 27, 39, 24),
(0, 27, 41, 58),
(0, 27, 41, 67),
(0, 27, 45, 64),
(0, 27, 46, 25),
(0, 27, 47, 37),
(0, 27, 48, 9),
(0, 27, 49, 54),
(0, 27, 50, 16),
(0, 27, 50, 18),
(0, 27, 50, 19),
(0, 28, 1, 61),
(0, 28, 1, 63),
(0, 28, 2, 36),
(0, 28, 4, 3),
(0, 28, 4, 15),
(0, 28, 4, 19),
(0, 28, 6, 5),
(0, 28, 6, 12),
(0, 28, 6, 17),
(0, 28, 6, 45),
(0, 28, 6, 67),
(0, 28, 7, 58),
(0, 28, 8, 52),
(0, 28, 10, 44),
(0, 28, 11, 26),
(0, 28, 12, 51),
(0, 28, 14, 7),
(0, 28, 15, 32),
(0, 28, 15, 34),
(0, 28, 16, 11),
(0, 28, 16, 22),
(0, 28, 17, 35),
(0, 28, 18, 48),
(0, 28, 19, 8),
(0, 28, 20, 46),
(0, 28, 21, 1),
(0, 28, 23, 42),
(0, 28, 23, 55),
(0, 28, 25, 21),
(0, 28, 25, 47),
(0, 28, 27, 10),
(0, 28, 27, 50),
(0, 28, 30, 2),
(0, 28, 30, 60),
(0, 28, 33, 56),
(0, 28, 34, 66),
(0, 28, 35, 13),
(0, 28, 35, 57),
(0, 28, 36, 31),
(0, 28, 37, 62),
(0, 28, 38, 6),
(0, 28, 39, 24),
(0, 28, 40, 23),
(0, 28, 43, 59),
(0, 28, 45, 64),
(0, 28, 46, 25),
(0, 28, 47, 37),
(0, 28, 48, 9),
(0, 28, 49, 54),
(0, 28, 50, 16),
(0, 28, 50, 18),
(0, 29, 1, 61),
(0, 29, 1, 62),
(0, 29, 1, 63),
(0, 29, 3, 66),
(0, 29, 4, 3),
(0, 29, 4, 19),
(0, 29, 6, 5),
(0, 29, 6, 12),
(0, 29, 6, 17),
(0, 29, 6, 45),
(0, 29, 6, 67),
(0, 29, 7, 47),
(0, 29, 7, 58),
(0, 29, 8, 23),
(0, 29, 8, 52),
(0, 29, 10, 44),
(0, 29, 14, 7),
(0, 29, 14, 36),
(0, 29, 15, 32),
(0, 29, 16, 11),
(0, 29, 16, 22),
(0, 29, 18, 48),
(0, 29, 18, 51),
(0, 29, 19, 8),
(0, 29, 19, 24),
(0, 29, 22, 37),
(0, 29, 23, 42),
(0, 29, 23, 55),
(0, 29, 25, 21),
(0, 29, 26, 1),
(0, 29, 27, 10),
(0, 29, 27, 50),
(0, 29, 30, 2),
(0, 29, 30, 60),
(0, 29, 31, 15),
(0, 29, 33, 26),
(0, 29, 33, 56),
(0, 29, 35, 13),
(0, 29, 35, 57),
(0, 29, 36, 31),
(0, 29, 38, 6),
(0, 29, 40, 46),
(0, 29, 43, 59),
(0, 29, 45, 64),
(0, 29, 46, 25),
(0, 29, 48, 9),
(0, 29, 49, 54),
(0, 29, 50, 16),
(0, 29, 50, 18),
(0, 30, 1, 61),
(0, 30, 2, 36),
(0, 30, 2, 45),
(0, 30, 4, 3),
(0, 30, 4, 19),
(0, 30, 6, 17),
(0, 30, 7, 47),
(0, 30, 8, 52),
(0, 30, 9, 31),
(0, 30, 10, 44),
(0, 30, 10, 67),
(0, 30, 14, 7),
(0, 30, 15, 32),
(0, 30, 16, 11),
(0, 30, 18, 51),
(0, 30, 20, 24),
(0, 30, 21, 1),
(0, 30, 21, 5),
(0, 30, 22, 62),
(0, 30, 23, 37),
(0, 30, 23, 42),
(0, 30, 23, 55),
(0, 30, 25, 21),
(0, 30, 27, 10),
(0, 30, 27, 50),
(0, 30, 30, 2),
(0, 30, 30, 60),
(0, 30, 31, 12),
(0, 30, 31, 15),
(0, 30, 32, 6),
(0, 30, 33, 26),
(0, 30, 33, 56),
(0, 30, 34, 66),
(0, 30, 36, 57),
(0, 30, 37, 22),
(0, 30, 40, 23),
(0, 30, 40, 46),
(0, 30, 41, 58),
(0, 30, 42, 13),
(0, 30, 43, 59),
(0, 30, 45, 64),
(0, 30, 48, 8),
(0, 30, 49, 25),
(0, 30, 50, 16),
(0, 30, 50, 18),
(0, 31, 1, 61),
(0, 31, 2, 36),
(0, 31, 2, 45),
(0, 31, 3, 7),
(0, 31, 4, 3),
(0, 31, 4, 19),
(0, 31, 5, 59),
(0, 31, 6, 17),
(0, 31, 6, 55),
(0, 31, 7, 47),
(0, 31, 8, 52),
(0, 31, 9, 31),
(0, 31, 10, 26),
(0, 31, 10, 67),
(0, 31, 12, 51),
(0, 31, 15, 32),
(0, 31, 16, 11),
(0, 31, 20, 24),
(0, 31, 20, 46),
(0, 31, 21, 1),
(0, 31, 21, 5),
(0, 31, 22, 62),
(0, 31, 23, 37),
(0, 31, 25, 21),
(0, 31, 27, 50),
(0, 31, 30, 2),
(0, 31, 30, 60),
(0, 31, 31, 12),
(0, 31, 31, 15),
(0, 31, 33, 56),
(0, 31, 34, 66),
(0, 31, 36, 57),
(0, 31, 37, 22),
(0, 31, 38, 6),
(0, 31, 40, 23),
(0, 31, 41, 58),
(0, 31, 42, 13),
(0, 31, 42, 42),
(0, 31, 48, 8),
(0, 31, 49, 25),
(0, 31, 50, 16),
(0, 31, 50, 18),
(0, 32, 1, 61),
(0, 32, 2, 36),
(0, 32, 3, 7),
(0, 32, 3, 11),
(0, 32, 4, 3),
(0, 32, 5, 45),
(0, 32, 6, 17),
(0, 32, 6, 55),
(0, 32, 7, 58),
(0, 32, 8, 23),
(0, 32, 8, 52),
(0, 32, 9, 19),
(0, 32, 9, 31),
(0, 32, 10, 26),
(0, 32, 12, 51),
(0, 32, 15, 32),
(0, 32, 16, 22),
(0, 32, 20, 46),
(0, 32, 21, 5),
(0, 32, 22, 62),
(0, 32, 24, 24),
(0, 32, 24, 59),
(0, 32, 25, 21),
(0, 32, 25, 47),
(0, 32, 26, 1),
(0, 32, 26, 67),
(0, 32, 28, 50),
(0, 32, 30, 2),
(0, 32, 31, 12),
(0, 32, 32, 15),
(0, 32, 33, 56),
(0, 32, 34, 66),
(0, 32, 38, 6),
(0, 32, 42, 13),
(0, 32, 42, 42),
(0, 32, 47, 37),
(0, 32, 47, 57),
(0, 32, 48, 8),
(0, 32, 49, 25),
(0, 32, 50, 16),
(0, 32, 50, 18),
(0, 33, 2, 5),
(0, 33, 3, 11),
(0, 33, 3, 66),
(0, 33, 4, 3),
(0, 33, 5, 45),
(0, 33, 6, 17),
(0, 33, 6, 55),
(0, 33, 7, 47),
(0, 33, 7, 58),
(0, 33, 8, 23),
(0, 33, 9, 19),
(0, 33, 10, 26),
(0, 33, 14, 7),
(0, 33, 14, 36),
(0, 33, 15, 32),
(0, 33, 16, 22),
(0, 33, 16, 31),
(0, 33, 18, 51),
(0, 33, 20, 42),
(0, 33, 20, 46),
(0, 33, 24, 24),
(0, 33, 25, 21),
(0, 33, 26, 1),
(0, 33, 26, 67),
(0, 33, 28, 50),
(0, 33, 28, 59),
(0, 33, 29, 62),
(0, 33, 32, 6),
(0, 33, 33, 56),
(0, 33, 43, 13),
(0, 33, 44, 12),
(0, 33, 45, 15),
(0, 33, 47, 37),
(0, 33, 47, 57),
(0, 33, 48, 8),
(0, 33, 49, 25),
(0, 33, 50, 16),
(0, 33, 50, 18),
(0, 34, 2, 5),
(0, 34, 2, 36),
(0, 34, 3, 7),
(0, 34, 3, 66),
(0, 34, 5, 45),
(0, 34, 6, 12),
(0, 34, 7, 47),
(0, 34, 7, 58),
(0, 34, 8, 23),
(0, 34, 9, 19),
(0, 34, 11, 26),
(0, 34, 13, 11),
(0, 34, 15, 32),
(0, 34, 16, 22),
(0, 34, 17, 31),
(0, 34, 18, 51),
(0, 34, 19, 8),
(0, 34, 20, 42),
(0, 34, 21, 1),
(0, 34, 23, 55),
(0, 34, 25, 21),
(0, 34, 28, 59),
(0, 34, 29, 62),
(0, 34, 32, 6),
(0, 34, 33, 56),
(0, 34, 34, 24),
(0, 34, 34, 50),
(0, 34, 39, 67),
(0, 34, 40, 46),
(0, 34, 43, 13),
(0, 34, 45, 15),
(0, 34, 46, 25),
(0, 34, 47, 37),
(0, 34, 47, 57),
(0, 34, 50, 16),
(0, 34, 50, 18),
(0, 35, 2, 5),
(0, 35, 2, 36),
(0, 35, 6, 12),
(0, 35, 6, 45),
(0, 35, 7, 47),
(0, 35, 11, 26),
(0, 35, 12, 57),
(0, 35, 13, 11),
(0, 35, 14, 7),
(0, 35, 16, 22),
(0, 35, 17, 31),
(0, 35, 18, 51),
(0, 35, 19, 8),
(0, 35, 20, 42),
(0, 35, 20, 46),
(0, 35, 21, 1),
(0, 35, 23, 55),
(0, 35, 29, 62),
(0, 35, 33, 56),
(0, 35, 34, 50),
(0, 35, 34, 66),
(0, 35, 38, 6),
(0, 35, 39, 24),
(0, 35, 39, 67),
(0, 35, 40, 23),
(0, 35, 41, 58),
(0, 35, 43, 13),
(0, 35, 43, 59),
(0, 35, 46, 15),
(0, 35, 46, 25),
(0, 35, 47, 37),
(0, 35, 50, 16),
(0, 35, 50, 19),
(0, 36, 2, 5),
(0, 36, 6, 12),
(0, 36, 6, 45),
(0, 36, 6, 55),
(0, 36, 11, 26),
(0, 36, 12, 57),
(0, 36, 13, 11),
(0, 36, 14, 7),
(0, 36, 14, 36),
(0, 36, 17, 13),
(0, 36, 17, 31),
(0, 36, 18, 51),
(0, 36, 20, 46),
(0, 36, 22, 37),
(0, 36, 23, 42),
(0, 36, 25, 47),
(0, 36, 26, 1),
(0, 36, 34, 50),
(0, 36, 34, 66),
(0, 36, 37, 22),
(0, 36, 37, 62),
(0, 36, 38, 6),
(0, 36, 39, 24),
(0, 36, 40, 23),
(0, 36, 41, 58),
(0, 36, 41, 67),
(0, 36, 43, 59),
(0, 36, 46, 15),
(0, 36, 46, 25),
(0, 36, 48, 8),
(0, 36, 50, 16),
(0, 36, 50, 19),
(0, 37, 3, 7),
(0, 37, 4, 19),
(0, 37, 5, 59),
(0, 37, 6, 5),
(0, 37, 6, 45),
(0, 37, 6, 55),
(0, 37, 7, 47),
(0, 37, 7, 58),
(0, 37, 8, 23),
(0, 37, 11, 26),
(0, 37, 12, 51),
(0, 37, 12, 57),
(0, 37, 14, 36),
(0, 37, 16, 11),
(0, 37, 17, 13),
(0, 37, 17, 31),
(0, 37, 21, 1),
(0, 37, 22, 37),
(0, 37, 23, 42),
(0, 37, 27, 50),
(0, 37, 31, 12),
(0, 37, 32, 6),
(0, 37, 34, 66),
(0, 37, 37, 22),
(0, 37, 37, 62),
(0, 37, 39, 24),
(0, 37, 40, 46),
(0, 37, 41, 67),
(0, 37, 46, 15),
(0, 37, 48, 8),
(0, 37, 49, 25),
(0, 37, 50, 16),
(0, 38, 2, 36),
(0, 38, 2, 45),
(0, 38, 3, 7),
(0, 38, 3, 66),
(0, 38, 4, 15),
(0, 38, 4, 19),
(0, 38, 5, 59),
(0, 38, 6, 5),
(0, 38, 6, 55),
(0, 38, 7, 47),
(0, 38, 7, 58),
(0, 38, 8, 23),
(0, 38, 16, 11),
(0, 38, 18, 51),
(0, 38, 19, 8),
(0, 38, 19, 24),
(0, 38, 21, 1),
(0, 38, 22, 37),
(0, 38, 27, 50),
(0, 38, 29, 13),
(0, 38, 31, 12),
(0, 38, 32, 6),
(0, 38, 33, 26),
(0, 38, 35, 57),
(0, 38, 36, 31),
(0, 38, 37, 22),
(0, 38, 37, 62),
(0, 38, 40, 46),
(0, 38, 41, 67),
(0, 38, 42, 42),
(0, 38, 46, 25),
(0, 39, 1, 62),
(0, 39, 2, 36),
(0, 39, 2, 45),
(0, 39, 3, 7),
(0, 39, 3, 66),
(0, 39, 4, 19),
(0, 39, 6, 5),
(0, 39, 6, 55),
(0, 39, 6, 67),
(0, 39, 7, 47),
(0, 39, 16, 11),
(0, 39, 16, 22),
(0, 39, 18, 51),
(0, 39, 19, 24),
(0, 39, 20, 46),
(0, 39, 22, 37),
(0, 39, 24, 59),
(0, 39, 26, 1),
(0, 39, 27, 50),
(0, 39, 29, 13),
(0, 39, 31, 15),
(0, 39, 32, 6),
(0, 39, 33, 26),
(0, 39, 35, 57),
(0, 39, 36, 31),
(0, 39, 40, 23),
(0, 39, 41, 58),
(0, 39, 42, 42),
(0, 39, 44, 12),
(0, 39, 46, 25),
(0, 39, 48, 8),
(0, 40, 1, 62),
(0, 40, 2, 45),
(0, 40, 3, 7),
(0, 40, 3, 11),
(0, 40, 3, 66),
(0, 40, 9, 19),
(0, 40, 9, 31),
(0, 40, 10, 67),
(0, 40, 12, 51),
(0, 40, 14, 36),
(0, 40, 16, 22),
(0, 40, 20, 24),
(0, 40, 20, 46),
(0, 40, 21, 1),
(0, 40, 21, 5),
(0, 40, 23, 37),
(0, 40, 23, 55),
(0, 40, 24, 59),
(0, 40, 25, 47),
(0, 40, 28, 50),
(0, 40, 32, 15),
(0, 40, 33, 26),
(0, 40, 35, 13),
(0, 40, 36, 57),
(0, 40, 38, 6),
(0, 40, 40, 23),
(0, 40, 41, 58),
(0, 40, 42, 42),
(0, 40, 44, 12),
(0, 40, 48, 8),
(0, 40, 49, 25),
(0, 41, 1, 62),
(0, 41, 3, 11),
(0, 41, 5, 45),
(0, 41, 6, 12),
(0, 41, 9, 19),
(0, 41, 9, 31),
(0, 41, 10, 26),
(0, 41, 10, 67),
(0, 41, 12, 51),
(0, 41, 14, 7),
(0, 41, 14, 36),
(0, 41, 19, 8),
(0, 41, 20, 24),
(0, 41, 20, 42),
(0, 41, 21, 1),
(0, 41, 21, 5),
(0, 41, 23, 37),
(0, 41, 23, 55),
(0, 41, 24, 59),
(0, 41, 25, 47),
(0, 41, 28, 50),
(0, 41, 32, 6),
(0, 41, 32, 15),
(0, 41, 34, 66),
(0, 41, 35, 13),
(0, 41, 36, 57),
(0, 41, 37, 22),
(0, 41, 40, 23),
(0, 41, 40, 46),
(0, 41, 41, 58),
(0, 41, 49, 25),
(0, 42, 1, 62),
(0, 42, 3, 11),
(0, 42, 5, 45),
(0, 42, 6, 12),
(0, 42, 7, 58),
(0, 42, 9, 31),
(0, 42, 10, 26),
(0, 42, 10, 67),
(0, 42, 12, 51),
(0, 42, 14, 7),
(0, 42, 14, 36),
(0, 42, 16, 22),
(0, 42, 21, 5),
(0, 42, 23, 37),
(0, 42, 23, 42),
(0, 42, 23, 55),
(0, 42, 24, 24),
(0, 42, 25, 47),
(0, 42, 26, 1),
(0, 42, 28, 50),
(0, 42, 28, 59),
(0, 42, 32, 6),
(0, 42, 34, 66),
(0, 42, 36, 57),
(0, 42, 40, 23),
(0, 42, 40, 46),
(0, 42, 42, 13),
(0, 42, 45, 15),
(0, 42, 48, 8),
(0, 42, 49, 25),
(0, 42, 50, 19),
(0, 43, 2, 5),
(0, 43, 3, 7),
(0, 43, 5, 45),
(0, 43, 6, 55),
(0, 43, 7, 58),
(0, 43, 8, 23),
(0, 43, 10, 67),
(0, 43, 11, 26),
(0, 43, 12, 51),
(0, 43, 13, 11),
(0, 43, 14, 36),
(0, 43, 16, 22),
(0, 43, 16, 31),
(0, 43, 22, 62),
(0, 43, 23, 37),
(0, 43, 23, 42),
(0, 43, 24, 24),
(0, 43, 25, 47),
(0, 43, 26, 1),
(0, 43, 31, 12),
(0, 43, 32, 6),
(0, 43, 34, 50),
(0, 43, 34, 66),
(0, 43, 40, 46),
(0, 43, 42, 13),
(0, 43, 43, 59),
(0, 43, 46, 15),
(0, 43, 47, 57),
(0, 43, 48, 8),
(0, 43, 49, 25),
(0, 43, 50, 19),
(0, 44, 2, 5),
(0, 44, 2, 36),
(0, 44, 3, 7),
(0, 44, 3, 66),
(0, 44, 6, 45),
(0, 44, 7, 47),
(0, 44, 7, 58),
(0, 44, 8, 23),
(0, 44, 11, 26),
(0, 44, 13, 11),
(0, 44, 16, 22),
(0, 44, 16, 31),
(0, 44, 18, 51),
(0, 44, 22, 62),
(0, 44, 23, 42),
(0, 44, 23, 55),
(0, 44, 26, 1),
(0, 44, 26, 67),
(0, 44, 31, 12),
(0, 44, 34, 24),
(0, 44, 34, 50),
(0, 44, 38, 6),
(0, 44, 40, 46),
(0, 44, 42, 13),
(0, 44, 43, 59),
(0, 44, 46, 15),
(0, 44, 46, 25),
(0, 44, 47, 37),
(0, 44, 47, 57),
(0, 44, 48, 8),
(0, 44, 50, 19),
(0, 45, 2, 36),
(0, 45, 3, 7),
(0, 45, 3, 66),
(0, 45, 4, 15),
(0, 45, 4, 19),
(0, 45, 5, 59),
(0, 45, 6, 5),
(0, 45, 6, 45),
(0, 45, 7, 47),
(0, 45, 7, 58),
(0, 45, 8, 23),
(0, 45, 11, 26),
(0, 45, 13, 11),
(0, 45, 17, 31),
(0, 45, 18, 51),
(0, 45, 19, 8),
(0, 45, 20, 46),
(0, 45, 22, 37),
(0, 45, 22, 62),
(0, 45, 23, 42),
(0, 45, 23, 55),
(0, 45, 26, 1),
(0, 45, 26, 67),
(0, 45, 31, 12),
(0, 45, 34, 24),
(0, 45, 34, 50),
(0, 45, 37, 22),
(0, 45, 38, 6),
(0, 45, 43, 13),
(0, 45, 46, 25),
(0, 45, 47, 57),
(0, 46, 2, 36),
(0, 46, 3, 66),
(0, 46, 4, 19),
(0, 46, 5, 59),
(0, 46, 6, 45),
(0, 46, 6, 55),
(0, 46, 7, 47),
(0, 46, 12, 51),
(0, 46, 12, 57),
(0, 46, 13, 11),
(0, 46, 14, 7),
(0, 46, 17, 31),
(0, 46, 19, 8),
(0, 46, 21, 1),
(0, 46, 21, 5),
(0, 46, 22, 37),
(0, 46, 29, 62),
(0, 46, 31, 15),
(0, 46, 33, 26),
(0, 46, 34, 24),
(0, 46, 34, 50),
(0, 46, 37, 22),
(0, 46, 38, 6),
(0, 46, 39, 67),
(0, 46, 40, 23),
(0, 46, 40, 46),
(0, 46, 41, 58),
(0, 46, 42, 42),
(0, 46, 43, 13),
(0, 46, 44, 12),
(0, 46, 46, 25),
(0, 47, 6, 45),
(0, 47, 6, 55),
(0, 47, 9, 19),
(0, 47, 10, 26),
(0, 47, 12, 51),
(0, 47, 12, 57),
(0, 47, 14, 7),
(0, 47, 14, 36),
(0, 47, 16, 11),
(0, 47, 16, 22),
(0, 47, 17, 31),
(0, 47, 19, 8),
(0, 47, 21, 1),
(0, 47, 21, 5),
(0, 47, 23, 37),
(0, 47, 24, 59),
(0, 47, 25, 47),
(0, 47, 27, 50),
(0, 47, 31, 15),
(0, 47, 34, 66),
(0, 47, 37, 62),
(0, 47, 38, 6),
(0, 47, 39, 24),
(0, 47, 39, 67),
(0, 47, 40, 23),
(0, 47, 40, 46),
(0, 47, 41, 58),
(0, 47, 42, 42),
(0, 47, 43, 13),
(0, 47, 44, 12),
(0, 47, 49, 25),
(0, 48, 2, 45),
(0, 48, 3, 7),
(0, 48, 7, 58),
(0, 48, 8, 23),
(0, 48, 10, 26),
(0, 48, 14, 36),
(0, 48, 16, 11),
(0, 48, 16, 22),
(0, 48, 17, 13),
(0, 48, 18, 51),
(0, 48, 19, 8),
(0, 48, 21, 5),
(0, 48, 23, 37),
(0, 48, 23, 55),
(0, 48, 24, 59),
(0, 48, 25, 47),
(0, 48, 26, 1),
(0, 48, 27, 50),
(0, 48, 32, 6),
(0, 48, 32, 15),
(0, 48, 34, 66),
(0, 48, 35, 57),
(0, 48, 36, 31),
(0, 48, 37, 62),
(0, 48, 39, 24),
(0, 48, 40, 46),
(0, 48, 41, 67),
(0, 48, 42, 42),
(0, 48, 44, 12),
(0, 48, 49, 25),
(0, 48, 50, 19),
(0, 49, 2, 5),
(0, 49, 2, 45),
(0, 49, 3, 11),
(0, 49, 3, 66),
(0, 49, 7, 58),
(0, 49, 9, 31),
(0, 49, 11, 26),
(0, 49, 14, 7),
(0, 49, 14, 36),
(0, 49, 16, 22),
(0, 49, 17, 13),
(0, 49, 18, 51),
(0, 49, 20, 42),
(0, 49, 20, 46),
(0, 49, 23, 37),
(0, 49, 23, 55),
(0, 49, 25, 47),
(0, 49, 26, 1),
(0, 49, 28, 50),
(0, 49, 28, 59),
(0, 49, 32, 6),
(0, 49, 32, 15),
(0, 49, 35, 57),
(0, 49, 37, 62),
(0, 49, 39, 24),
(0, 49, 40, 23),
(0, 49, 41, 67),
(0, 49, 44, 12),
(0, 49, 46, 25),
(0, 49, 48, 8),
(0, 49, 50, 19),
(0, 50, 1, 62),
(0, 50, 2, 5),
(0, 50, 3, 7),
(0, 50, 3, 11),
(0, 50, 3, 66),
(0, 50, 4, 19),
(0, 50, 5, 45),
(0, 50, 6, 12),
(0, 50, 7, 58),
(0, 50, 9, 31),
(0, 50, 11, 26),
(0, 50, 12, 51),
(0, 50, 14, 36),
(0, 50, 16, 22),
(0, 50, 17, 13),
(0, 50, 20, 42),
(0, 50, 20, 46),
(0, 50, 23, 55),
(0, 50, 25, 47),
(0, 50, 26, 1),
(0, 50, 28, 50),
(0, 50, 35, 57),
(0, 50, 38, 6),
(0, 50, 39, 24),
(0, 50, 40, 23),
(0, 50, 41, 67),
(0, 50, 43, 59),
(0, 50, 45, 15),
(0, 50, 46, 25),
(0, 50, 47, 37),
(0, 50, 48, 8),
(0, 51, 2, 5),
(0, 51, 2, 36),
(0, 51, 3, 7),
(0, 51, 3, 11),
(0, 51, 4, 19),
(0, 51, 5, 45),
(0, 51, 6, 12),
(0, 51, 6, 55),
(0, 51, 6, 67),
(0, 51, 7, 47),
(0, 51, 8, 23),
(0, 51, 11, 26),
(0, 51, 12, 51),
(0, 51, 16, 31),
(0, 51, 19, 24),
(0, 51, 20, 46),
(0, 51, 22, 62),
(0, 51, 23, 42),
(0, 51, 26, 1),
(0, 51, 29, 13),
(0, 51, 34, 50),
(0, 51, 34, 66),
(0, 51, 36, 57),
(0, 51, 37, 22),
(0, 51, 38, 6),
(0, 51, 41, 58),
(0, 51, 43, 59),
(0, 51, 45, 15),
(0, 51, 46, 25),
(0, 51, 47, 37),
(0, 51, 48, 8),
(0, 52, 3, 11),
(0, 52, 5, 45),
(0, 52, 6, 5),
(0, 52, 6, 55),
(0, 52, 6, 67),
(0, 52, 7, 47),
(0, 52, 9, 19),
(0, 52, 14, 7),
(0, 52, 14, 36),
(0, 52, 16, 31),
(0, 52, 18, 51),
(0, 52, 19, 8),
(0, 52, 19, 24),
(0, 52, 21, 1),
(0, 52, 22, 37),
(0, 52, 22, 62),
(0, 52, 31, 12),
(0, 52, 33, 26),
(0, 52, 34, 50),
(0, 52, 34, 66),
(0, 52, 35, 13),
(0, 52, 37, 22),
(0, 52, 38, 6),
(0, 52, 40, 23),
(0, 52, 40, 46),
(0, 52, 41, 58),
(0, 52, 42, 42),
(0, 52, 43, 59),
(0, 52, 46, 15),
(0, 52, 47, 57),
(0, 52, 49, 25),
(0, 53, 3, 66),
(0, 53, 4, 15),
(0, 53, 5, 45),
(0, 53, 5, 59),
(0, 53, 6, 55),
(0, 53, 6, 67),
(0, 53, 7, 58),
(0, 53, 12, 51),
(0, 53, 13, 11),
(0, 53, 14, 7),
(0, 53, 14, 36),
(0, 53, 16, 31),
(0, 53, 19, 8),
(0, 53, 19, 24),
(0, 53, 20, 42),
(0, 53, 20, 46),
(0, 53, 21, 1),
(0, 53, 21, 5),
(0, 53, 22, 37),
(0, 53, 22, 62),
(0, 53, 25, 47),
(0, 53, 33, 26),
(0, 53, 34, 50),
(0, 53, 35, 13),
(0, 53, 37, 22),
(0, 53, 38, 6),
(0, 53, 40, 23),
(0, 53, 44, 12),
(0, 53, 47, 57),
(0, 53, 49, 25),
(0, 53, 50, 19),
(0, 54, 3, 66),
(0, 54, 4, 15),
(0, 54, 5, 59),
(0, 54, 6, 45),
(0, 54, 7, 58),
(0, 54, 8, 23),
(0, 54, 10, 26),
(0, 54, 10, 67),
(0, 54, 12, 51),
(0, 54, 12, 57),
(0, 54, 13, 11),
(0, 54, 14, 7),
(0, 54, 14, 36),
(0, 54, 17, 31),
(0, 54, 19, 8),
(0, 54, 20, 24),
(0, 54, 20, 42),
(0, 54, 20, 46),
(0, 54, 21, 5),
(0, 54, 23, 37),
(0, 54, 23, 55),
(0, 54, 25, 47),
(0, 54, 26, 1),
(0, 54, 29, 62),
(0, 54, 32, 6),
(0, 54, 34, 50),
(0, 54, 37, 22),
(0, 54, 42, 13),
(0, 54, 44, 12),
(0, 54, 49, 25),
(0, 54, 50, 19),
(0, 55, 3, 66),
(0, 55, 4, 15),
(0, 55, 5, 59),
(0, 55, 6, 12),
(0, 55, 6, 45),
(0, 55, 7, 58),
(0, 55, 8, 23),
(0, 55, 10, 26),
(0, 55, 10, 67),
(0, 55, 12, 57),
(0, 55, 13, 11),
(0, 55, 14, 36),
(0, 55, 16, 22),
(0, 55, 17, 31),
(0, 55, 18, 51),
(0, 55, 19, 8),
(0, 55, 20, 24),
(0, 55, 21, 5),
(0, 55, 23, 37),
(0, 55, 23, 42),
(0, 55, 23, 55),
(0, 55, 25, 47),
(0, 55, 26, 1),
(0, 55, 27, 50),
(0, 55, 29, 62),
(0, 55, 32, 6),
(0, 55, 40, 46),
(0, 55, 43, 13),
(0, 55, 49, 25),
(0, 55, 50, 19),
(0, 56, 2, 5),
(0, 56, 2, 36),
(0, 56, 2, 45),
(0, 56, 4, 19),
(0, 56, 6, 12),
(0, 56, 7, 47),
(0, 56, 8, 23),
(0, 56, 10, 67),
(0, 56, 11, 26),
(0, 56, 13, 11),
(0, 56, 16, 22),
(0, 56, 17, 13),
(0, 56, 17, 31),
(0, 56, 20, 24),
(0, 56, 23, 37),
(0, 56, 23, 42),
(0, 56, 23, 55),
(0, 56, 24, 59),
(0, 56, 27, 50),
(0, 56, 29, 62),
(0, 56, 31, 15),
(0, 56, 32, 6),
(0, 56, 34, 66),
(0, 56, 35, 57),
(0, 56, 40, 46),
(0, 56, 41, 58),
(0, 56, 46, 25),
(0, 56, 48, 8),
(0, 57, 2, 5),
(0, 57, 2, 36),
(0, 57, 4, 19),
(0, 57, 5, 45),
(0, 57, 6, 12),
(0, 57, 6, 55),
(0, 57, 7, 47),
(0, 57, 10, 67),
(0, 57, 11, 26),
(0, 57, 16, 11),
(0, 57, 23, 42),
(0, 57, 24, 24),
(0, 57, 24, 59),
(0, 57, 27, 50),
(0, 57, 29, 13),
(0, 57, 29, 62),
(0, 57, 31, 15),
(0, 57, 34, 66),
(0, 57, 36, 31),
(0, 57, 36, 57),
(0, 57, 37, 22),
(0, 57, 38, 6),
(0, 57, 40, 23),
(0, 57, 40, 46),
(0, 57, 46, 25),
(0, 57, 47, 37),
(0, 57, 48, 8),
(0, 58, 2, 5),
(0, 58, 2, 36),
(0, 58, 3, 11),
(0, 58, 4, 19),
(0, 58, 5, 45),
(0, 58, 6, 55),
(0, 58, 7, 47),
(0, 58, 11, 26),
(0, 58, 24, 24),
(0, 58, 24, 59),
(0, 58, 26, 67),
(0, 58, 28, 50),
(0, 58, 29, 13),
(0, 58, 31, 12),
(0, 58, 31, 15),
(0, 58, 36, 31),
(0, 58, 36, 57),
(0, 58, 37, 22),
(0, 58, 37, 62),
(0, 58, 38, 6),
(0, 58, 40, 23),
(0, 58, 40, 46),
(0, 58, 42, 42),
(0, 58, 46, 25),
(0, 58, 47, 37),
(0, 58, 48, 8),
(0, 59, 3, 11),
(0, 59, 4, 19),
(0, 59, 5, 45),
(0, 59, 6, 5),
(0, 59, 11, 26),
(0, 59, 14, 36),
(0, 59, 19, 8),
(0, 59, 20, 42),
(0, 59, 23, 55),
(0, 59, 25, 47),
(0, 59, 26, 67),
(0, 59, 28, 50),
(0, 59, 28, 59),
(0, 59, 31, 12),
(0, 59, 31, 15),
(0, 59, 34, 24),
(0, 59, 35, 13),
(0, 59, 36, 31),
(0, 59, 36, 57),
(0, 59, 37, 22),
(0, 59, 37, 62),
(0, 59, 38, 6),
(0, 59, 40, 23),
(0, 59, 46, 25),
(0, 59, 47, 37),
(0, 60, 1, 62),
(0, 60, 3, 11),
(0, 60, 5, 45),
(0, 60, 6, 5),
(0, 60, 9, 19),
(0, 60, 9, 31),
(0, 60, 14, 36),
(0, 60, 19, 8),
(0, 60, 20, 42),
(0, 60, 22, 37),
(0, 60, 23, 55),
(0, 60, 26, 67),
(0, 60, 28, 59),
(0, 60, 31, 12),
(0, 60, 32, 15),
(0, 60, 33, 26),
(0, 60, 34, 24),
(0, 60, 34, 50),
(0, 60, 35, 13),
(0, 60, 37, 22),
(0, 60, 40, 23),
(0, 60, 47, 57),
(0, 60, 49, 25),
(0, 61, 1, 62),
(0, 61, 6, 45),
(0, 61, 6, 55),
(0, 61, 9, 19),
(0, 61, 9, 31),
(0, 61, 13, 11),
(0, 61, 14, 36),
(0, 61, 16, 22),
(0, 61, 19, 8),
(0, 61, 20, 42),
(0, 61, 21, 5),
(0, 61, 22, 37),
(0, 61, 28, 59),
(0, 61, 32, 15),
(0, 61, 33, 26),
(0, 61, 34, 24),
(0, 61, 34, 50),
(0, 61, 35, 13),
(0, 61, 39, 67),
(0, 61, 44, 12),
(0, 61, 47, 57),
(0, 61, 49, 25),
(0, 62, 1, 62),
(0, 62, 2, 45),
(0, 62, 6, 55),
(0, 62, 9, 19),
(0, 62, 16, 11),
(0, 62, 16, 31),
(0, 62, 21, 5),
(0, 62, 22, 37),
(0, 62, 23, 42),
(0, 62, 27, 50),
(0, 62, 32, 15),
(0, 62, 33, 26),
(0, 62, 35, 13),
(0, 62, 37, 22),
(0, 62, 39, 24),
(0, 62, 39, 67),
(0, 62, 43, 59),
(0, 62, 44, 12),
(0, 62, 47, 57),
(0, 62, 48, 8),
(0, 62, 49, 25),
(0, 63, 2, 5),
(0, 63, 2, 45),
(0, 63, 3, 11),
(0, 63, 6, 12),
(0, 63, 6, 55),
(0, 63, 9, 19),
(0, 63, 12, 57),
(0, 63, 16, 31),
(0, 63, 19, 24),
(0, 63, 22, 62),
(0, 63, 23, 37),
(0, 63, 23, 42),
(0, 63, 27, 50),
(0, 63, 32, 15),
(0, 63, 33, 26),
(0, 63, 37, 22),
(0, 63, 39, 67),
(0, 63, 42, 13),
(0, 63, 43, 59),
(0, 63, 48, 8),
(0, 63, 49, 25),
(0, 64, 2, 45),
(0, 64, 3, 11),
(0, 64, 6, 5),
(0, 64, 6, 12),
(0, 64, 6, 55),
(0, 64, 10, 26),
(0, 64, 12, 57),
(0, 64, 16, 31),
(0, 64, 19, 24),
(0, 64, 22, 62),
(0, 64, 23, 37),
(0, 64, 23, 42),
(0, 64, 27, 50),
(0, 64, 37, 22),
(0, 64, 41, 67),
(0, 64, 42, 13),
(0, 64, 43, 59),
(0, 64, 45, 15),
(0, 64, 50, 19),
(0, 65, 2, 45),
(0, 65, 5, 59),
(0, 65, 6, 5),
(0, 65, 10, 26),
(0, 65, 12, 57),
(0, 65, 13, 11),
(0, 65, 17, 31),
(0, 65, 20, 24),
(0, 65, 23, 37),
(0, 65, 23, 55),
(0, 65, 28, 50),
(0, 65, 29, 62),
(0, 65, 31, 12),
(0, 65, 41, 67),
(0, 65, 42, 42),
(0, 65, 43, 13),
(0, 65, 45, 15),
(0, 65, 50, 19),
(0, 66, 5, 45),
(0, 66, 5, 59),
(0, 66, 6, 5),
(0, 66, 6, 67),
(0, 66, 11, 26),
(0, 66, 12, 57),
(0, 66, 13, 11),
(0, 66, 17, 31),
(0, 66, 20, 24),
(0, 66, 29, 62),
(0, 66, 31, 12),
(0, 66, 34, 50),
(0, 66, 42, 42),
(0, 66, 43, 13),
(0, 66, 46, 15),
(0, 66, 47, 37),
(0, 66, 50, 19),
(0, 67, 4, 19),
(0, 67, 5, 45),
(0, 67, 6, 67),
(0, 67, 11, 26),
(0, 67, 13, 11),
(0, 67, 17, 13),
(0, 67, 21, 5),
(0, 67, 24, 24),
(0, 67, 24, 59),
(0, 67, 27, 50),
(0, 67, 29, 62),
(0, 67, 31, 12),
(0, 67, 35, 57),
(0, 67, 36, 31),
(0, 67, 42, 42),
(0, 67, 46, 15),
(0, 67, 47, 37),
(0, 68, 2, 5),
(0, 68, 4, 15),
(0, 68, 5, 45),
(0, 68, 9, 19),
(0, 68, 10, 67),
(0, 68, 11, 26),
(0, 68, 16, 11),
(0, 68, 17, 13),
(0, 68, 20, 42),
(0, 68, 24, 24),
(0, 68, 24, 59),
(0, 68, 27, 50),
(0, 68, 31, 12),
(0, 68, 35, 57),
(0, 68, 36, 31),
(0, 68, 37, 62),
(0, 68, 47, 37),
(0, 69, 4, 15),
(0, 69, 6, 5),
(0, 69, 6, 45),
(0, 69, 9, 19),
(0, 69, 9, 31),
(0, 69, 10, 67),
(0, 69, 16, 11),
(0, 69, 17, 13),
(0, 69, 20, 42),
(0, 69, 22, 37),
(0, 69, 28, 50),
(0, 69, 28, 59),
(0, 69, 33, 26),
(0, 69, 34, 24),
(0, 69, 35, 57),
(0, 69, 37, 62),
(0, 69, 44, 12),
(0, 70, 4, 15),
(0, 70, 6, 5),
(0, 70, 6, 12),
(0, 70, 6, 45),
(0, 70, 9, 31),
(0, 70, 16, 11),
(0, 70, 20, 42),
(0, 70, 23, 37),
(0, 70, 26, 67),
(0, 70, 28, 50),
(0, 70, 28, 59),
(0, 70, 29, 13),
(0, 70, 33, 26),
(0, 70, 34, 24),
(0, 70, 36, 57),
(0, 70, 37, 62),
(0, 70, 50, 19),
(0, 71, 1, 62),
(0, 71, 3, 11),
(0, 71, 6, 5),
(0, 71, 6, 12),
(0, 71, 6, 45),
(0, 71, 9, 31),
(0, 71, 23, 37),
(0, 71, 23, 42),
(0, 71, 28, 50),
(0, 71, 28, 59),
(0, 71, 29, 13),
(0, 71, 31, 15),
(0, 71, 33, 26),
(0, 71, 34, 24),
(0, 71, 36, 57),
(0, 71, 39, 67),
(0, 71, 50, 19),
(0, 72, 1, 62),
(0, 72, 2, 45),
(0, 72, 3, 11),
(0, 72, 4, 19),
(0, 72, 10, 26),
(0, 72, 16, 31),
(0, 72, 21, 5),
(0, 72, 23, 37),
(0, 72, 23, 42),
(0, 72, 29, 13),
(0, 72, 31, 12),
(0, 72, 31, 15),
(0, 72, 34, 50),
(0, 72, 36, 57),
(0, 72, 39, 24),
(0, 72, 39, 67),
(0, 72, 43, 59),
(0, 73, 1, 62),
(0, 73, 2, 45),
(0, 73, 4, 19),
(0, 73, 5, 59),
(0, 73, 10, 26),
(0, 73, 13, 11),
(0, 73, 16, 31),
(0, 73, 21, 5),
(0, 73, 29, 13),
(0, 73, 31, 15),
(0, 73, 34, 50),
(0, 73, 39, 24),
(0, 73, 41, 67),
(0, 73, 42, 42),
(0, 73, 44, 12),
(0, 73, 47, 37),
(0, 73, 47, 57),
(0, 74, 2, 45),
(0, 74, 5, 59),
(0, 74, 6, 12),
(0, 74, 6, 67),
(0, 74, 9, 19),
(0, 74, 10, 26),
(0, 74, 13, 11),
(0, 74, 16, 31),
(0, 74, 21, 5),
(0, 74, 22, 62),
(0, 74, 27, 50),
(0, 74, 32, 15),
(0, 74, 35, 13),
(0, 74, 39, 24),
(0, 74, 42, 42),
(0, 74, 47, 37),
(0, 74, 47, 57),
(0, 75, 2, 5),
(0, 75, 5, 45),
(0, 75, 5, 59),
(0, 75, 6, 12),
(0, 75, 6, 67),
(0, 75, 9, 19),
(0, 75, 11, 26),
(0, 75, 12, 57),
(0, 75, 13, 11),
(0, 75, 17, 31),
(0, 75, 19, 24),
(0, 75, 22, 62),
(0, 75, 27, 50),
(0, 75, 35, 13),
(0, 75, 42, 42),
(0, 75, 45, 15),
(0, 75, 47, 37),
(0, 76, 5, 45),
(0, 76, 5, 59),
(0, 76, 6, 5),
(0, 76, 6, 67),
(0, 76, 11, 26),
(0, 76, 13, 11),
(0, 76, 19, 24),
(0, 76, 20, 42),
(0, 76, 22, 37),
(0, 76, 22, 62),
(0, 76, 27, 50),
(0, 76, 31, 12),
(0, 76, 35, 13),
(0, 76, 35, 57),
(0, 76, 36, 31),
(0, 76, 45, 15),
(0, 76, 50, 19),
(0, 77, 5, 45),
(0, 77, 6, 5),
(0, 77, 6, 67),
(0, 77, 11, 26),
(0, 77, 16, 11),
(0, 77, 20, 24),
(0, 77, 20, 42),
(0, 77, 22, 37),
(0, 77, 22, 62),
(0, 77, 24, 59),
(0, 77, 28, 50),
(0, 77, 31, 12),
(0, 77, 35, 57),
(0, 77, 36, 31),
(0, 77, 42, 13),
(0, 77, 46, 15),
(0, 77, 50, 19),
(0, 78, 3, 11),
(0, 78, 6, 5),
(0, 78, 6, 45),
(0, 78, 10, 67),
(0, 78, 20, 24),
(0, 78, 20, 42),
(0, 78, 23, 37),
(0, 78, 24, 59),
(0, 78, 29, 62),
(0, 78, 33, 26),
(0, 78, 34, 50),
(0, 78, 35, 57),
(0, 78, 36, 31),
(0, 78, 42, 13),
(0, 78, 44, 12),
(0, 78, 46, 15),
(0, 78, 50, 19),
(0, 79, 2, 45),
(0, 79, 3, 11),
(0, 79, 4, 19),
(0, 79, 10, 67),
(0, 79, 20, 24),
(0, 79, 21, 5),
(0, 79, 23, 37),
(0, 79, 23, 42),
(0, 79, 24, 59),
(0, 79, 29, 62),
(0, 79, 33, 26),
(0, 79, 34, 50),
(0, 79, 36, 31),
(0, 79, 36, 57),
(0, 79, 43, 13),
(0, 79, 46, 15),
(0, 80, 2, 45),
(0, 80, 3, 11),
(0, 80, 4, 15),
(0, 80, 4, 19),
(0, 80, 9, 31),
(0, 80, 10, 67),
(0, 80, 17, 13),
(0, 80, 21, 5),
(0, 80, 23, 37),
(0, 80, 23, 42),
(0, 80, 24, 24),
(0, 80, 28, 59),
(0, 80, 29, 62),
(0, 80, 33, 26),
(0, 80, 34, 50),
(0, 80, 36, 57),
(0, 81, 3, 11),
(0, 81, 4, 15),
(0, 81, 4, 19),
(0, 81, 5, 45),
(0, 81, 9, 31),
(0, 81, 10, 26),
(0, 81, 17, 13),
(0, 81, 21, 5),
(0, 81, 23, 37),
(0, 81, 23, 42),
(0, 81, 24, 24),
(0, 81, 26, 67),
(0, 81, 27, 50),
(0, 81, 29, 62),
(0, 81, 43, 59),
(0, 81, 47, 57),
(0, 82, 2, 5),
(0, 82, 4, 15),
(0, 82, 5, 45),
(0, 82, 9, 19),
(0, 82, 10, 26),
(0, 82, 13, 11),
(0, 82, 16, 31),
(0, 82, 23, 42),
(0, 82, 24, 24),
(0, 82, 26, 67),
(0, 82, 27, 50),
(0, 82, 29, 13),
(0, 82, 37, 62),
(0, 82, 43, 59),
(0, 82, 47, 37),
(0, 82, 47, 57),
(0, 83, 6, 5),
(0, 83, 6, 45),
(0, 83, 9, 19),
(0, 83, 10, 26),
(0, 83, 13, 11),
(0, 83, 16, 31),
(0, 83, 26, 67),
(0, 83, 27, 50),
(0, 83, 29, 13),
(0, 83, 31, 15),
(0, 83, 34, 24),
(0, 83, 37, 62),
(0, 83, 42, 42),
(0, 83, 43, 59),
(0, 83, 47, 37),
(0, 83, 47, 57),
(0, 84, 5, 59),
(0, 84, 6, 45),
(0, 84, 11, 26),
(0, 84, 12, 57),
(0, 84, 13, 11),
(0, 84, 16, 31),
(0, 84, 21, 5),
(0, 84, 27, 50),
(0, 84, 31, 15),
(0, 84, 35, 13),
(0, 84, 37, 62),
(0, 84, 39, 24),
(0, 84, 39, 67),
(0, 84, 42, 42),
(0, 84, 47, 37),
(0, 84, 50, 19),
(0, 85, 5, 59),
(0, 85, 6, 45),
(0, 85, 11, 26),
(0, 85, 16, 11),
(0, 85, 16, 31),
(0, 85, 20, 42),
(0, 85, 21, 5),
(0, 85, 28, 50),
(0, 85, 31, 15),
(0, 85, 35, 13),
(0, 85, 35, 57),
(0, 85, 37, 62),
(0, 85, 39, 24),
(0, 85, 39, 67),
(0, 85, 47, 37),
(0, 85, 50, 19),
(0, 86, 1, 62),
(0, 86, 2, 45),
(0, 86, 5, 59),
(0, 86, 11, 26),
(0, 86, 16, 11),
(0, 86, 17, 31),
(0, 86, 19, 24),
(0, 86, 20, 42),
(0, 86, 21, 5),
(0, 86, 22, 37),
(0, 86, 28, 50),
(0, 86, 32, 15),
(0, 86, 35, 13),
(0, 86, 35, 57),
(0, 86, 41, 67),
(0, 87, 1, 62),
(0, 87, 2, 45),
(0, 87, 3, 11),
(0, 87, 11, 26),
(0, 87, 17, 31),
(0, 87, 19, 24),
(0, 87, 22, 37),
(0, 87, 23, 42),
(0, 87, 24, 59),
(0, 87, 32, 15),
(0, 87, 34, 50),
(0, 87, 36, 57),
(0, 87, 41, 67),
(0, 87, 42, 13),
(0, 88, 1, 62),
(0, 88, 2, 45),
(0, 88, 3, 11),
(0, 88, 17, 31),
(0, 88, 19, 24),
(0, 88, 23, 37),
(0, 88, 23, 42),
(0, 88, 24, 59),
(0, 88, 33, 26),
(0, 88, 34, 50),
(0, 88, 36, 57),
(0, 88, 41, 67),
(0, 88, 42, 13),
(0, 88, 45, 15),
(0, 89, 1, 62),
(0, 89, 3, 11),
(0, 89, 5, 45),
(0, 89, 6, 67),
(0, 89, 19, 24),
(0, 89, 23, 37),
(0, 89, 23, 42),
(0, 89, 27, 50),
(0, 89, 28, 59),
(0, 89, 33, 26),
(0, 89, 36, 31),
(0, 89, 42, 13),
(0, 89, 45, 15),
(0, 89, 47, 57),
(0, 90, 5, 45),
(0, 90, 6, 67),
(0, 90, 10, 26),
(0, 90, 13, 11),
(0, 90, 20, 24),
(0, 90, 22, 62),
(0, 90, 27, 50),
(0, 90, 28, 59),
(0, 90, 36, 31),
(0, 90, 42, 42),
(0, 90, 43, 13),
(0, 90, 45, 15),
(0, 90, 47, 37),
(0, 90, 47, 57),
(0, 91, 5, 45),
(0, 91, 6, 67),
(0, 91, 9, 31),
(0, 91, 10, 26),
(0, 91, 13, 11),
(0, 91, 20, 24),
(0, 91, 22, 62),
(0, 91, 28, 50),
(0, 91, 42, 42),
(0, 91, 43, 13),
(0, 91, 43, 59),
(0, 91, 46, 15),
(0, 91, 47, 37),
(0, 91, 47, 57),
(0, 92, 6, 45),
(0, 92, 9, 31),
(0, 92, 10, 26),
(0, 92, 10, 67),
(0, 92, 12, 57),
(0, 92, 16, 11),
(0, 92, 17, 13),
(0, 92, 20, 24),
(0, 92, 22, 62),
(0, 92, 34, 50),
(0, 92, 42, 42),
(0, 92, 43, 59),
(0, 92, 46, 15),
(0, 93, 6, 45),
(0, 93, 10, 26),
(0, 93, 10, 67),
(0, 93, 16, 11),
(0, 93, 16, 31),
(0, 93, 17, 13),
(0, 93, 24, 24),
(0, 93, 29, 62),
(0, 93, 35, 57),
(0, 93, 43, 59),
(0, 93, 46, 15),
(0, 94, 4, 15),
(0, 94, 5, 59),
(0, 94, 11, 26),
(0, 94, 16, 11),
(0, 94, 16, 31),
(0, 94, 24, 24),
(0, 94, 26, 67),
(0, 94, 29, 13),
(0, 94, 29, 62),
(0, 94, 35, 57),
(0, 95, 4, 15),
(0, 95, 5, 59),
(0, 95, 16, 31),
(0, 95, 29, 13),
(0, 95, 29, 62),
(0, 95, 33, 26),
(0, 95, 34, 24),
(0, 95, 36, 57),
(0, 95, 39, 67),
(0, 96, 4, 15),
(0, 96, 17, 31),
(0, 96, 24, 59),
(0, 96, 29, 62),
(0, 96, 33, 26),
(0, 96, 34, 24),
(0, 96, 35, 13),
(0, 96, 36, 57),
(0, 96, 39, 67),
(0, 97, 17, 31),
(0, 97, 24, 59),
(0, 97, 31, 15),
(0, 97, 33, 26),
(0, 97, 34, 24),
(0, 97, 35, 13),
(0, 97, 36, 57),
(0, 97, 37, 62),
(0, 97, 41, 67),
(0, 98, 17, 31),
(0, 98, 24, 59),
(0, 98, 31, 15),
(0, 98, 34, 24),
(0, 98, 35, 13),
(0, 98, 36, 57),
(0, 98, 37, 62),
(0, 98, 41, 67),
(0, 99, 1, 62),
(0, 99, 28, 59),
(0, 99, 32, 15),
(0, 99, 35, 13),
(0, 99, 36, 31),
(0, 99, 39, 24),
(0, 99, 41, 67),
(0, 99, 47, 57),
(0, 100, 1, 62),
(0, 100, 6, 67),
(0, 100, 32, 15),
(0, 100, 36, 31),
(0, 100, 39, 24),
(0, 100, 42, 13),
(0, 100, 43, 59),
(0, 100, 47, 57),
(0, 101, 6, 67),
(0, 101, 9, 31),
(0, 101, 22, 62),
(0, 101, 32, 15),
(0, 101, 39, 24),
(0, 101, 42, 13),
(0, 101, 43, 59),
(0, 101, 47, 57),
(0, 102, 9, 31),
(0, 102, 10, 67),
(0, 102, 12, 57),
(0, 102, 19, 24),
(0, 102, 22, 62),
(0, 102, 32, 15),
(0, 102, 43, 13),
(0, 102, 43, 59),
(0, 103, 5, 59),
(0, 103, 9, 31),
(0, 103, 10, 67),
(0, 103, 12, 57),
(0, 103, 20, 24),
(0, 103, 22, 62),
(0, 103, 43, 13),
(0, 103, 45, 15),
(0, 104, 10, 67),
(0, 104, 12, 57),
(0, 104, 16, 31),
(0, 104, 17, 13),
(0, 104, 24, 24),
(0, 104, 24, 59),
(0, 104, 29, 62),
(0, 104, 45, 15),
(0, 105, 10, 67),
(0, 105, 12, 57),
(0, 105, 16, 31),
(0, 105, 17, 13),
(0, 105, 24, 24),
(0, 105, 28, 59),
(0, 105, 29, 62),
(0, 105, 46, 15),
(0, 106, 16, 31),
(0, 106, 17, 13),
(0, 106, 24, 24),
(0, 106, 26, 67),
(0, 106, 35, 57),
(0, 106, 37, 62),
(0, 106, 43, 59),
(0, 106, 46, 15),
(0, 107, 4, 15),
(0, 107, 17, 13),
(0, 107, 17, 31),
(0, 107, 26, 67),
(0, 107, 34, 24),
(0, 107, 35, 57),
(0, 107, 37, 62),
(0, 107, 43, 59),
(0, 108, 1, 62),
(0, 108, 4, 15),
(0, 108, 17, 31),
(0, 108, 26, 67),
(0, 108, 29, 13),
(0, 108, 34, 24),
(0, 108, 35, 57),
(0, 108, 43, 59),
(0, 109, 17, 31),
(0, 109, 22, 62),
(0, 109, 26, 67),
(0, 109, 29, 13),
(0, 109, 31, 15),
(0, 109, 34, 24),
(0, 109, 36, 57),
(0, 109, 43, 59),
(0, 110, 22, 62),
(0, 110, 31, 15),
(0, 110, 35, 13),
(0, 110, 36, 31),
(0, 110, 36, 57),
(0, 110, 39, 24),
(0, 110, 39, 67),
(0, 111, 29, 62),
(0, 111, 31, 15),
(0, 111, 36, 31),
(0, 111, 36, 57),
(0, 111, 39, 24),
(0, 111, 39, 67),
(0, 111, 42, 13),
(0, 112, 9, 31),
(0, 112, 19, 24),
(0, 112, 29, 62),
(0, 112, 32, 15),
(0, 112, 41, 67),
(0, 112, 42, 13),
(0, 112, 47, 57),
(0, 113, 9, 31),
(0, 113, 20, 24),
(0, 113, 32, 15),
(0, 113, 37, 62),
(0, 113, 41, 67),
(0, 113, 43, 13),
(0, 113, 47, 57),
(0, 114, 9, 31),
(0, 114, 20, 24),
(0, 114, 37, 62),
(0, 114, 41, 67),
(0, 114, 43, 13),
(0, 114, 45, 15),
(0, 114, 47, 57),
(0, 115, 12, 57),
(0, 115, 16, 31),
(0, 115, 20, 24),
(0, 115, 37, 62),
(0, 115, 41, 67),
(0, 115, 43, 13),
(0, 115, 45, 15),
(0, 116, 6, 67),
(0, 116, 12, 57),
(0, 116, 16, 31),
(0, 116, 17, 13),
(0, 116, 24, 24),
(0, 116, 37, 62),
(0, 116, 45, 15),
(0, 117, 1, 62),
(0, 117, 6, 67),
(0, 117, 12, 57),
(0, 117, 16, 31),
(0, 117, 17, 13),
(0, 117, 24, 24),
(0, 117, 46, 15),
(0, 118, 6, 67),
(0, 118, 12, 57),
(0, 118, 17, 13),
(0, 118, 17, 31),
(0, 118, 22, 62),
(0, 118, 34, 24),
(0, 118, 46, 15),
(0, 119, 10, 67),
(0, 119, 17, 31),
(0, 119, 22, 62),
(0, 119, 29, 13),
(0, 119, 34, 24),
(0, 119, 35, 57),
(0, 119, 46, 15),
(0, 120, 10, 67),
(0, 120, 17, 31),
(0, 120, 22, 62),
(0, 120, 35, 13),
(0, 120, 35, 57),
(0, 120, 39, 24),
(0, 120, 46, 15),
(0, 121, 4, 15),
(0, 121, 22, 62),
(0, 121, 26, 67),
(0, 121, 35, 13),
(0, 121, 35, 57),
(0, 121, 36, 31),
(0, 121, 39, 24),
(0, 122, 4, 15),
(0, 122, 26, 67),
(0, 122, 29, 62),
(0, 122, 35, 13),
(0, 122, 36, 57),
(0, 122, 39, 24),
(0, 123, 4, 15),
(0, 123, 19, 24),
(0, 123, 26, 67);
INSERT INTO `LANCER` (`idL`, `numT`, `idP`, `idJ`) VALUES
(0, 123, 29, 62),
(0, 123, 36, 57),
(0, 123, 42, 13),
(0, 124, 19, 24),
(0, 124, 26, 67),
(0, 124, 29, 62),
(0, 124, 31, 15),
(0, 124, 36, 57),
(0, 124, 43, 13),
(0, 125, 19, 24),
(0, 125, 29, 62),
(0, 125, 31, 15),
(0, 125, 39, 67),
(0, 125, 43, 13),
(0, 125, 47, 57),
(0, 126, 20, 24),
(0, 126, 32, 15),
(0, 126, 37, 62),
(0, 126, 41, 67),
(0, 126, 43, 13),
(0, 126, 47, 57),
(0, 127, 6, 67),
(0, 127, 17, 13),
(0, 127, 20, 24),
(0, 127, 32, 15),
(0, 127, 37, 62),
(0, 128, 6, 67),
(0, 128, 17, 13),
(0, 128, 24, 24),
(0, 128, 37, 62),
(0, 128, 45, 15),
(0, 129, 6, 67),
(0, 129, 24, 24),
(0, 129, 29, 13),
(0, 129, 45, 15),
(0, 130, 10, 67),
(0, 130, 29, 13),
(0, 130, 34, 24),
(0, 130, 45, 15),
(0, 131, 10, 67),
(0, 131, 34, 24),
(0, 131, 35, 13),
(0, 131, 45, 15),
(0, 132, 10, 67),
(0, 132, 35, 13),
(0, 132, 39, 24),
(0, 132, 46, 15),
(0, 133, 10, 67),
(0, 133, 19, 24),
(0, 133, 35, 13),
(0, 133, 46, 15),
(0, 134, 4, 15),
(0, 134, 19, 24),
(0, 134, 26, 67),
(0, 134, 35, 13),
(0, 135, 4, 15),
(0, 135, 19, 24),
(0, 135, 26, 67),
(0, 135, 42, 13),
(0, 136, 20, 24),
(0, 136, 26, 67),
(0, 136, 31, 15),
(0, 136, 42, 13),
(0, 137, 20, 24),
(0, 137, 26, 67),
(0, 137, 32, 15),
(0, 137, 43, 13),
(0, 138, 24, 24),
(0, 138, 32, 15),
(0, 138, 39, 67),
(0, 138, 43, 13),
(0, 139, 24, 24),
(0, 139, 32, 15),
(0, 139, 39, 67),
(0, 139, 43, 13),
(0, 140, 24, 24),
(0, 140, 39, 67),
(0, 140, 43, 13),
(0, 140, 45, 15),
(0, 141, 34, 24),
(0, 141, 39, 67),
(0, 141, 45, 15),
(0, 142, 34, 24),
(0, 142, 41, 67),
(0, 142, 46, 15),
(0, 143, 39, 24),
(0, 143, 41, 67),
(0, 143, 46, 15),
(0, 144, 39, 24),
(0, 144, 41, 67),
(0, 145, 6, 67),
(0, 145, 39, 24),
(0, 146, 10, 67),
(0, 147, 10, 67),
(0, 148, 26, 67),
(0, 149, 39, 67),
(0, 150, 39, 67),
(0, 151, 41, 67),
(1, 1, 1, 61),
(1, 1, 1, 62),
(1, 1, 1, 63),
(1, 1, 2, 5),
(1, 1, 2, 36),
(1, 1, 2, 45),
(1, 1, 3, 7),
(1, 1, 3, 11),
(1, 1, 3, 66),
(1, 1, 4, 3),
(1, 1, 4, 15),
(1, 1, 4, 19),
(1, 1, 4, 49),
(1, 1, 5, 59),
(1, 1, 6, 12),
(1, 1, 6, 17),
(1, 1, 6, 38),
(1, 1, 6, 55),
(1, 1, 6, 67),
(1, 1, 6, 68),
(1, 1, 7, 30),
(1, 1, 7, 47),
(1, 1, 7, 58),
(1, 1, 8, 23),
(1, 1, 8, 52),
(1, 1, 9, 31),
(1, 1, 10, 26),
(1, 1, 10, 44),
(1, 1, 11, 29),
(1, 1, 12, 20),
(1, 1, 12, 51),
(1, 1, 12, 57),
(1, 1, 13, 43),
(1, 1, 15, 32),
(1, 1, 15, 34),
(1, 1, 16, 22),
(1, 1, 17, 13),
(1, 1, 17, 35),
(1, 1, 18, 48),
(1, 1, 19, 8),
(1, 1, 19, 24),
(1, 1, 20, 42),
(1, 1, 20, 46),
(1, 1, 21, 1),
(1, 1, 22, 37),
(1, 1, 25, 21),
(1, 1, 27, 10),
(1, 1, 27, 50),
(1, 1, 30, 2),
(1, 1, 30, 60),
(1, 1, 32, 6),
(1, 1, 33, 56),
(1, 1, 38, 4),
(1, 1, 45, 64),
(1, 1, 46, 25),
(1, 1, 48, 9),
(1, 1, 49, 54),
(1, 1, 50, 16),
(1, 1, 50, 18),
(1, 2, 1, 61),
(1, 2, 1, 62),
(1, 2, 1, 63),
(1, 2, 2, 5),
(1, 2, 2, 36),
(1, 2, 2, 45),
(1, 2, 3, 7),
(1, 2, 3, 11),
(1, 2, 3, 66),
(1, 2, 4, 3),
(1, 2, 4, 15),
(1, 2, 4, 19),
(1, 2, 4, 49),
(1, 2, 5, 59),
(1, 2, 6, 17),
(1, 2, 6, 38),
(1, 2, 6, 55),
(1, 2, 6, 67),
(1, 2, 6, 68),
(1, 2, 7, 30),
(1, 2, 7, 47),
(1, 2, 7, 58),
(1, 2, 8, 23),
(1, 2, 8, 52),
(1, 2, 9, 31),
(1, 2, 10, 26),
(1, 2, 10, 44),
(1, 2, 11, 29),
(1, 2, 12, 20),
(1, 2, 12, 51),
(1, 2, 12, 57),
(1, 2, 13, 43),
(1, 2, 15, 32),
(1, 2, 15, 34),
(1, 2, 16, 22),
(1, 2, 17, 13),
(1, 2, 17, 35),
(1, 2, 18, 48),
(1, 2, 19, 8),
(1, 2, 19, 24),
(1, 2, 20, 46),
(1, 2, 21, 1),
(1, 2, 22, 37),
(1, 2, 23, 42),
(1, 2, 25, 21),
(1, 2, 27, 10),
(1, 2, 27, 50),
(1, 2, 30, 2),
(1, 2, 30, 60),
(1, 2, 31, 12),
(1, 2, 32, 6),
(1, 2, 33, 56),
(1, 2, 38, 4),
(1, 2, 45, 64),
(1, 2, 46, 25),
(1, 2, 48, 9),
(1, 2, 49, 54),
(1, 2, 50, 16),
(1, 2, 50, 18),
(1, 3, 1, 61),
(1, 3, 1, 62),
(1, 3, 1, 63),
(1, 3, 2, 36),
(1, 3, 2, 45),
(1, 3, 3, 7),
(1, 3, 3, 66),
(1, 3, 4, 3),
(1, 3, 4, 15),
(1, 3, 4, 49),
(1, 3, 5, 59),
(1, 3, 6, 5),
(1, 3, 6, 17),
(1, 3, 6, 38),
(1, 3, 6, 55),
(1, 3, 6, 68),
(1, 3, 7, 30),
(1, 3, 7, 47),
(1, 3, 8, 23),
(1, 3, 8, 52),
(1, 3, 9, 19),
(1, 3, 10, 26),
(1, 3, 10, 44),
(1, 3, 10, 67),
(1, 3, 11, 29),
(1, 3, 12, 20),
(1, 3, 12, 51),
(1, 3, 13, 11),
(1, 3, 13, 43),
(1, 3, 15, 32),
(1, 3, 15, 34),
(1, 3, 16, 22),
(1, 3, 16, 31),
(1, 3, 17, 13),
(1, 3, 17, 35),
(1, 3, 18, 48),
(1, 3, 19, 24),
(1, 3, 20, 46),
(1, 3, 21, 1),
(1, 3, 22, 37),
(1, 3, 23, 42),
(1, 3, 25, 21),
(1, 3, 27, 10),
(1, 3, 27, 50),
(1, 3, 30, 2),
(1, 3, 30, 60),
(1, 3, 33, 56),
(1, 3, 35, 57),
(1, 3, 38, 4),
(1, 3, 38, 6),
(1, 3, 41, 58),
(1, 3, 44, 12),
(1, 3, 45, 64),
(1, 3, 48, 8),
(1, 3, 48, 9),
(1, 3, 49, 25),
(1, 3, 49, 54),
(1, 3, 50, 16),
(1, 3, 50, 18),
(1, 4, 1, 61),
(1, 4, 1, 63),
(1, 4, 3, 66),
(1, 4, 4, 3),
(1, 4, 4, 49),
(1, 4, 5, 45),
(1, 4, 5, 59),
(1, 4, 6, 5),
(1, 4, 6, 17),
(1, 4, 6, 38),
(1, 4, 6, 68),
(1, 4, 7, 30),
(1, 4, 8, 23),
(1, 4, 8, 52),
(1, 4, 10, 44),
(1, 4, 10, 67),
(1, 4, 11, 26),
(1, 4, 11, 29),
(1, 4, 12, 20),
(1, 4, 13, 11),
(1, 4, 13, 43),
(1, 4, 14, 7),
(1, 4, 14, 36),
(1, 4, 15, 32),
(1, 4, 15, 34),
(1, 4, 16, 31),
(1, 4, 17, 35),
(1, 4, 18, 48),
(1, 4, 18, 51),
(1, 4, 20, 24),
(1, 4, 22, 62),
(1, 4, 23, 37),
(1, 4, 23, 42),
(1, 4, 23, 55),
(1, 4, 25, 21),
(1, 4, 25, 47),
(1, 4, 26, 1),
(1, 4, 27, 10),
(1, 4, 27, 50),
(1, 4, 29, 13),
(1, 4, 30, 2),
(1, 4, 30, 60),
(1, 4, 31, 15),
(1, 4, 33, 56),
(1, 4, 35, 57),
(1, 4, 37, 22),
(1, 4, 38, 4),
(1, 4, 38, 6),
(1, 4, 40, 46),
(1, 4, 41, 58),
(1, 4, 44, 12),
(1, 4, 45, 64),
(1, 4, 48, 8),
(1, 4, 48, 9),
(1, 4, 49, 25),
(1, 4, 49, 54),
(1, 4, 50, 16),
(1, 4, 50, 18),
(1, 4, 50, 19),
(1, 5, 1, 61),
(1, 5, 1, 63),
(1, 5, 4, 3),
(1, 5, 4, 49),
(1, 5, 5, 45),
(1, 5, 6, 5),
(1, 5, 6, 17),
(1, 5, 6, 38),
(1, 5, 6, 68),
(1, 5, 7, 30),
(1, 5, 8, 52),
(1, 5, 10, 44),
(1, 5, 10, 67),
(1, 5, 11, 29),
(1, 5, 12, 20),
(1, 5, 13, 11),
(1, 5, 13, 43),
(1, 5, 14, 7),
(1, 5, 14, 36),
(1, 5, 15, 32),
(1, 5, 15, 34),
(1, 5, 16, 31),
(1, 5, 17, 35),
(1, 5, 18, 48),
(1, 5, 18, 51),
(1, 5, 20, 24),
(1, 5, 21, 1),
(1, 5, 22, 62),
(1, 5, 23, 37),
(1, 5, 23, 42),
(1, 5, 23, 55),
(1, 5, 24, 59),
(1, 5, 25, 21),
(1, 5, 25, 47),
(1, 5, 27, 10),
(1, 5, 28, 50),
(1, 5, 30, 2),
(1, 5, 30, 60),
(1, 5, 32, 15),
(1, 5, 33, 26),
(1, 5, 33, 56),
(1, 5, 34, 66),
(1, 5, 35, 13),
(1, 5, 35, 57),
(1, 5, 37, 22),
(1, 5, 38, 4),
(1, 5, 38, 6),
(1, 5, 40, 23),
(1, 5, 40, 46),
(1, 5, 41, 58),
(1, 5, 44, 12),
(1, 5, 45, 64),
(1, 5, 48, 8),
(1, 5, 48, 9),
(1, 5, 49, 25),
(1, 5, 49, 54),
(1, 5, 50, 16),
(1, 5, 50, 18),
(1, 5, 50, 19),
(1, 6, 1, 61),
(1, 6, 1, 63),
(1, 6, 4, 3),
(1, 6, 4, 19),
(1, 6, 4, 49),
(1, 6, 5, 45),
(1, 6, 6, 12),
(1, 6, 6, 17),
(1, 6, 6, 38),
(1, 6, 6, 55),
(1, 6, 6, 68),
(1, 6, 7, 30),
(1, 6, 7, 47),
(1, 6, 7, 58),
(1, 6, 8, 52),
(1, 6, 10, 44),
(1, 6, 11, 29),
(1, 6, 12, 20),
(1, 6, 12, 51),
(1, 6, 13, 43),
(1, 6, 14, 7),
(1, 6, 14, 36),
(1, 6, 15, 32),
(1, 6, 15, 34),
(1, 6, 16, 11),
(1, 6, 16, 22),
(1, 6, 16, 31),
(1, 6, 17, 35),
(1, 6, 18, 48),
(1, 6, 20, 46),
(1, 6, 21, 1),
(1, 6, 21, 5),
(1, 6, 23, 37),
(1, 6, 24, 24),
(1, 6, 25, 21),
(1, 6, 26, 67),
(1, 6, 27, 10),
(1, 6, 28, 50),
(1, 6, 28, 59),
(1, 6, 29, 62),
(1, 6, 30, 2),
(1, 6, 30, 60),
(1, 6, 32, 6),
(1, 6, 32, 15),
(1, 6, 33, 26),
(1, 6, 33, 56),
(1, 6, 34, 66),
(1, 6, 35, 13),
(1, 6, 36, 57),
(1, 6, 38, 4),
(1, 6, 40, 23),
(1, 6, 42, 42),
(1, 6, 45, 64),
(1, 6, 46, 25),
(1, 6, 48, 8),
(1, 6, 48, 9),
(1, 6, 49, 54),
(1, 6, 50, 16),
(1, 6, 50, 18),
(1, 7, 1, 61),
(1, 7, 1, 63),
(1, 7, 2, 36),
(1, 7, 3, 7),
(1, 7, 4, 3),
(1, 7, 4, 49),
(1, 7, 5, 45),
(1, 7, 6, 12),
(1, 7, 6, 17),
(1, 7, 6, 38),
(1, 7, 6, 55),
(1, 7, 6, 68),
(1, 7, 7, 30),
(1, 7, 7, 47),
(1, 7, 7, 58),
(1, 7, 8, 23),
(1, 7, 8, 52),
(1, 7, 9, 19),
(1, 7, 10, 26),
(1, 7, 10, 44),
(1, 7, 11, 29),
(1, 7, 12, 20),
(1, 7, 12, 51),
(1, 7, 13, 43),
(1, 7, 15, 32),
(1, 7, 15, 34),
(1, 7, 16, 11),
(1, 7, 16, 22),
(1, 7, 17, 31),
(1, 7, 17, 35),
(1, 7, 18, 48),
(1, 7, 19, 8),
(1, 7, 21, 5),
(1, 7, 24, 24),
(1, 7, 25, 21),
(1, 7, 26, 1),
(1, 7, 26, 67),
(1, 7, 27, 10),
(1, 7, 28, 50),
(1, 7, 28, 59),
(1, 7, 29, 62),
(1, 7, 30, 2),
(1, 7, 30, 60),
(1, 7, 32, 6),
(1, 7, 32, 15),
(1, 7, 33, 56),
(1, 7, 34, 66),
(1, 7, 36, 57),
(1, 7, 38, 4),
(1, 7, 40, 46),
(1, 7, 42, 13),
(1, 7, 42, 42),
(1, 7, 45, 64),
(1, 7, 46, 25),
(1, 7, 47, 37),
(1, 7, 48, 9),
(1, 7, 49, 54),
(1, 7, 50, 16),
(1, 7, 50, 18),
(1, 8, 1, 61),
(1, 8, 1, 63),
(1, 8, 2, 5),
(1, 8, 2, 36),
(1, 8, 3, 7),
(1, 8, 3, 66),
(1, 8, 4, 3),
(1, 8, 4, 49),
(1, 8, 6, 12),
(1, 8, 6, 17),
(1, 8, 6, 38),
(1, 8, 6, 45),
(1, 8, 6, 55),
(1, 8, 6, 68),
(1, 8, 7, 30),
(1, 8, 7, 47),
(1, 8, 8, 23),
(1, 8, 8, 52),
(1, 8, 9, 19),
(1, 8, 10, 26),
(1, 8, 10, 44),
(1, 8, 11, 29),
(1, 8, 12, 20),
(1, 8, 12, 51),
(1, 8, 13, 43),
(1, 8, 15, 32),
(1, 8, 15, 34),
(1, 8, 16, 11),
(1, 8, 17, 35),
(1, 8, 18, 48),
(1, 8, 19, 8),
(1, 8, 24, 24),
(1, 8, 25, 21),
(1, 8, 26, 1),
(1, 8, 26, 67),
(1, 8, 27, 10),
(1, 8, 28, 50),
(1, 8, 30, 2),
(1, 8, 30, 60),
(1, 8, 32, 15),
(1, 8, 33, 56),
(1, 8, 36, 31),
(1, 8, 36, 57),
(1, 8, 37, 22),
(1, 8, 37, 62),
(1, 8, 38, 4),
(1, 8, 38, 6),
(1, 8, 40, 46),
(1, 8, 41, 58),
(1, 8, 42, 13),
(1, 8, 42, 42),
(1, 8, 43, 59),
(1, 8, 45, 64),
(1, 8, 46, 25),
(1, 8, 47, 37),
(1, 8, 48, 9),
(1, 8, 49, 54),
(1, 8, 50, 16),
(1, 8, 50, 18),
(1, 9, 1, 61),
(1, 9, 1, 63),
(1, 9, 2, 5),
(1, 9, 2, 36),
(1, 9, 3, 11),
(1, 9, 4, 3),
(1, 9, 4, 49),
(1, 9, 6, 17),
(1, 9, 6, 38),
(1, 9, 6, 45),
(1, 9, 6, 68),
(1, 9, 7, 30),
(1, 9, 7, 47),
(1, 9, 8, 23),
(1, 9, 8, 52),
(1, 9, 10, 44),
(1, 9, 11, 26),
(1, 9, 11, 29),
(1, 9, 12, 20),
(1, 9, 13, 43),
(1, 9, 14, 7),
(1, 9, 15, 32),
(1, 9, 15, 34),
(1, 9, 17, 35),
(1, 9, 18, 48),
(1, 9, 18, 51),
(1, 9, 19, 8),
(1, 9, 20, 42),
(1, 9, 21, 1),
(1, 9, 23, 55),
(1, 9, 25, 21),
(1, 9, 26, 67),
(1, 9, 27, 10),
(1, 9, 30, 2),
(1, 9, 30, 60),
(1, 9, 31, 12),
(1, 9, 32, 6),
(1, 9, 33, 56),
(1, 9, 34, 24),
(1, 9, 34, 50),
(1, 9, 34, 66),
(1, 9, 36, 31),
(1, 9, 36, 57),
(1, 9, 37, 22),
(1, 9, 37, 62),
(1, 9, 38, 4),
(1, 9, 40, 46),
(1, 9, 41, 58),
(1, 9, 43, 13),
(1, 9, 43, 59),
(1, 9, 45, 15),
(1, 9, 45, 64),
(1, 9, 46, 25),
(1, 9, 47, 37),
(1, 9, 48, 9),
(1, 9, 49, 54),
(1, 9, 50, 16),
(1, 9, 50, 18),
(1, 9, 50, 19),
(1, 10, 1, 61),
(1, 10, 1, 63),
(1, 10, 2, 5),
(1, 10, 2, 45),
(1, 10, 3, 11),
(1, 10, 3, 66),
(1, 10, 4, 3),
(1, 10, 4, 49),
(1, 10, 6, 17),
(1, 10, 6, 38),
(1, 10, 6, 68),
(1, 10, 7, 30),
(1, 10, 8, 52),
(1, 10, 9, 31),
(1, 10, 10, 44),
(1, 10, 11, 26),
(1, 10, 11, 29),
(1, 10, 12, 20),
(1, 10, 13, 43),
(1, 10, 14, 7),
(1, 10, 14, 36),
(1, 10, 15, 32),
(1, 10, 15, 34),
(1, 10, 16, 22),
(1, 10, 17, 35),
(1, 10, 18, 48),
(1, 10, 18, 51),
(1, 10, 20, 42),
(1, 10, 20, 46),
(1, 10, 21, 1),
(1, 10, 23, 55),
(1, 10, 25, 21),
(1, 10, 25, 47),
(1, 10, 27, 10),
(1, 10, 30, 2),
(1, 10, 30, 60),
(1, 10, 31, 12),
(1, 10, 33, 56),
(1, 10, 34, 24),
(1, 10, 34, 50),
(1, 10, 37, 62),
(1, 10, 38, 4),
(1, 10, 38, 6),
(1, 10, 39, 67),
(1, 10, 40, 23),
(1, 10, 41, 58),
(1, 10, 43, 13),
(1, 10, 43, 59),
(1, 10, 45, 15),
(1, 10, 45, 64),
(1, 10, 47, 37),
(1, 10, 47, 57),
(1, 10, 48, 8),
(1, 10, 48, 9),
(1, 10, 49, 25),
(1, 10, 49, 54),
(1, 10, 50, 16),
(1, 10, 50, 18),
(1, 10, 50, 19),
(1, 11, 1, 61),
(1, 11, 1, 62),
(1, 11, 1, 63),
(1, 11, 2, 45),
(1, 11, 4, 3),
(1, 11, 4, 49),
(1, 11, 5, 59),
(1, 11, 6, 5),
(1, 11, 6, 17),
(1, 11, 6, 38),
(1, 11, 6, 68),
(1, 11, 7, 30),
(1, 11, 7, 58),
(1, 11, 8, 52),
(1, 11, 9, 31),
(1, 11, 10, 44),
(1, 11, 11, 26),
(1, 11, 11, 29),
(1, 11, 12, 20),
(1, 11, 13, 11),
(1, 11, 13, 43),
(1, 11, 14, 7),
(1, 11, 14, 36),
(1, 11, 15, 32),
(1, 11, 15, 34),
(1, 11, 16, 22),
(1, 11, 17, 13),
(1, 11, 17, 35),
(1, 11, 18, 48),
(1, 11, 18, 51),
(1, 11, 20, 42),
(1, 11, 20, 46),
(1, 11, 22, 37),
(1, 11, 23, 55),
(1, 11, 25, 21),
(1, 11, 25, 47),
(1, 11, 26, 1),
(1, 11, 27, 10),
(1, 11, 27, 50),
(1, 11, 30, 2),
(1, 11, 30, 60),
(1, 11, 32, 6),
(1, 11, 33, 56),
(1, 11, 34, 24),
(1, 11, 34, 66),
(1, 11, 38, 4),
(1, 11, 39, 67),
(1, 11, 40, 23),
(1, 11, 44, 12),
(1, 11, 45, 15),
(1, 11, 45, 64),
(1, 11, 46, 25),
(1, 11, 47, 57),
(1, 11, 48, 8),
(1, 11, 48, 9),
(1, 11, 49, 54),
(1, 11, 50, 16),
(1, 11, 50, 18),
(1, 11, 50, 19),
(1, 12, 1, 61),
(1, 12, 1, 63),
(1, 12, 2, 45),
(1, 12, 3, 7),
(1, 12, 4, 3),
(1, 12, 4, 19),
(1, 12, 4, 49),
(1, 12, 6, 5),
(1, 12, 6, 17),
(1, 12, 6, 38),
(1, 12, 6, 68),
(1, 12, 7, 30),
(1, 12, 7, 47),
(1, 12, 8, 52),
(1, 12, 9, 31),
(1, 12, 10, 44),
(1, 12, 11, 26),
(1, 12, 11, 29),
(1, 12, 12, 20),
(1, 12, 12, 51),
(1, 12, 13, 11),
(1, 12, 13, 43),
(1, 12, 14, 36),
(1, 12, 15, 32),
(1, 12, 15, 34),
(1, 12, 16, 22),
(1, 12, 17, 13),
(1, 12, 17, 35),
(1, 12, 18, 48),
(1, 12, 19, 8),
(1, 12, 22, 62),
(1, 12, 23, 37),
(1, 12, 23, 42),
(1, 12, 23, 55),
(1, 12, 24, 59),
(1, 12, 25, 21),
(1, 12, 26, 1),
(1, 12, 27, 10),
(1, 12, 27, 50),
(1, 12, 30, 2),
(1, 12, 30, 60),
(1, 12, 32, 6),
(1, 12, 33, 56),
(1, 12, 34, 66),
(1, 12, 38, 4),
(1, 12, 39, 24),
(1, 12, 39, 67),
(1, 12, 40, 23),
(1, 12, 40, 46),
(1, 12, 41, 58),
(1, 12, 44, 12),
(1, 12, 45, 64),
(1, 12, 46, 15),
(1, 12, 46, 25),
(1, 12, 47, 57),
(1, 12, 48, 9),
(1, 12, 49, 54),
(1, 12, 50, 16),
(1, 12, 50, 18),
(1, 13, 1, 61),
(1, 13, 1, 63),
(1, 13, 2, 36),
(1, 13, 2, 45),
(1, 13, 4, 3),
(1, 13, 4, 19),
(1, 13, 4, 49),
(1, 13, 6, 12),
(1, 13, 6, 17),
(1, 13, 6, 38),
(1, 13, 6, 55),
(1, 13, 6, 68),
(1, 13, 7, 30),
(1, 13, 7, 47),
(1, 13, 8, 23),
(1, 13, 8, 52),
(1, 13, 10, 44),
(1, 13, 11, 29),
(1, 13, 12, 20),
(1, 13, 12, 51),
(1, 13, 12, 57),
(1, 13, 13, 43),
(1, 13, 14, 7),
(1, 13, 15, 32),
(1, 13, 15, 34),
(1, 13, 16, 11),
(1, 13, 16, 31),
(1, 13, 17, 35),
(1, 13, 18, 48),
(1, 13, 21, 5),
(1, 13, 22, 62),
(1, 13, 23, 37),
(1, 13, 23, 42),
(1, 13, 24, 59),
(1, 13, 25, 21),
(1, 13, 26, 1),
(1, 13, 27, 10),
(1, 13, 27, 50),
(1, 13, 29, 13),
(1, 13, 30, 2),
(1, 13, 30, 60),
(1, 13, 33, 26),
(1, 13, 33, 56),
(1, 13, 34, 66),
(1, 13, 37, 22),
(1, 13, 38, 4),
(1, 13, 38, 6),
(1, 13, 39, 24),
(1, 13, 39, 67),
(1, 13, 40, 46),
(1, 13, 41, 58),
(1, 13, 45, 64),
(1, 13, 46, 15),
(1, 13, 48, 8),
(1, 13, 48, 9),
(1, 13, 49, 25),
(1, 13, 49, 54),
(1, 13, 50, 16),
(1, 13, 50, 18),
(1, 14, 1, 61),
(1, 14, 1, 63),
(1, 14, 2, 36),
(1, 14, 3, 66),
(1, 14, 4, 3),
(1, 14, 4, 19),
(1, 14, 4, 49),
(1, 14, 5, 45),
(1, 14, 6, 12),
(1, 14, 6, 17),
(1, 14, 6, 38),
(1, 14, 6, 55),
(1, 14, 6, 68),
(1, 14, 7, 30),
(1, 14, 7, 58),
(1, 14, 8, 23),
(1, 14, 8, 52),
(1, 14, 10, 44),
(1, 14, 11, 29),
(1, 14, 12, 20),
(1, 14, 12, 51),
(1, 14, 12, 57),
(1, 14, 13, 43),
(1, 14, 14, 7),
(1, 14, 15, 32),
(1, 14, 15, 34),
(1, 14, 16, 11),
(1, 14, 16, 31),
(1, 14, 17, 35),
(1, 14, 18, 48),
(1, 14, 19, 24),
(1, 14, 21, 5),
(1, 14, 22, 62),
(1, 14, 25, 21),
(1, 14, 25, 47),
(1, 14, 26, 1),
(1, 14, 27, 10),
(1, 14, 28, 50),
(1, 14, 28, 59),
(1, 14, 29, 13),
(1, 14, 30, 2),
(1, 14, 30, 60),
(1, 14, 33, 26),
(1, 14, 33, 56),
(1, 14, 37, 22),
(1, 14, 38, 4),
(1, 14, 38, 6),
(1, 14, 40, 46),
(1, 14, 41, 67),
(1, 14, 42, 42),
(1, 14, 45, 64),
(1, 14, 46, 15),
(1, 14, 46, 25),
(1, 14, 47, 37),
(1, 14, 48, 8),
(1, 14, 48, 9),
(1, 14, 49, 54),
(1, 14, 50, 16),
(1, 14, 50, 18),
(1, 15, 1, 61),
(1, 15, 1, 63),
(1, 15, 2, 36),
(1, 15, 3, 66),
(1, 15, 4, 3),
(1, 15, 4, 15),
(1, 15, 4, 19),
(1, 15, 4, 49),
(1, 15, 5, 45),
(1, 15, 6, 12),
(1, 15, 6, 17),
(1, 15, 6, 38),
(1, 15, 6, 55),
(1, 15, 6, 67),
(1, 15, 6, 68),
(1, 15, 7, 30),
(1, 15, 7, 58),
(1, 15, 8, 23),
(1, 15, 8, 52),
(1, 15, 10, 44),
(1, 15, 11, 29),
(1, 15, 12, 20),
(1, 15, 13, 43),
(1, 15, 14, 7),
(1, 15, 15, 32),
(1, 15, 15, 34),
(1, 15, 16, 11),
(1, 15, 17, 31),
(1, 15, 17, 35),
(1, 15, 18, 48),
(1, 15, 18, 51),
(1, 15, 19, 24),
(1, 15, 20, 46),
(1, 15, 21, 1),
(1, 15, 21, 5),
(1, 15, 25, 21),
(1, 15, 25, 47),
(1, 15, 27, 10),
(1, 15, 28, 50),
(1, 15, 28, 59),
(1, 15, 29, 62),
(1, 15, 30, 2),
(1, 15, 30, 60),
(1, 15, 33, 26),
(1, 15, 33, 56),
(1, 15, 35, 13),
(1, 15, 35, 57),
(1, 15, 37, 22),
(1, 15, 38, 4),
(1, 15, 38, 6),
(1, 15, 42, 42),
(1, 15, 45, 64),
(1, 15, 47, 37),
(1, 15, 48, 8),
(1, 15, 48, 9),
(1, 15, 49, 25),
(1, 15, 49, 54),
(1, 15, 50, 16),
(1, 15, 50, 18),
(1, 16, 1, 61),
(1, 16, 1, 63),
(1, 16, 3, 7),
(1, 16, 3, 66),
(1, 16, 4, 3),
(1, 16, 4, 15),
(1, 16, 4, 49),
(1, 16, 6, 17),
(1, 16, 6, 38),
(1, 16, 6, 45),
(1, 16, 6, 55),
(1, 16, 6, 67),
(1, 16, 6, 68),
(1, 16, 7, 30),
(1, 16, 8, 52),
(1, 16, 9, 19),
(1, 16, 10, 26),
(1, 16, 10, 44),
(1, 16, 11, 29),
(1, 16, 12, 20),
(1, 16, 13, 43),
(1, 16, 14, 36),
(1, 16, 15, 32),
(1, 16, 15, 34),
(1, 16, 16, 11),
(1, 16, 17, 31),
(1, 16, 17, 35),
(1, 16, 18, 48),
(1, 16, 18, 51),
(1, 16, 19, 8),
(1, 16, 19, 24),
(1, 16, 20, 42),
(1, 16, 20, 46),
(1, 16, 21, 1),
(1, 16, 21, 5),
(1, 16, 25, 21),
(1, 16, 25, 47),
(1, 16, 27, 10),
(1, 16, 28, 50),
(1, 16, 28, 59),
(1, 16, 29, 62),
(1, 16, 30, 2),
(1, 16, 30, 60),
(1, 16, 31, 12),
(1, 16, 32, 6),
(1, 16, 33, 56),
(1, 16, 35, 13),
(1, 16, 35, 57),
(1, 16, 37, 22),
(1, 16, 38, 4),
(1, 16, 40, 23),
(1, 16, 41, 58),
(1, 16, 45, 64),
(1, 16, 46, 25),
(1, 16, 47, 37),
(1, 16, 48, 9),
(1, 16, 49, 54),
(1, 16, 50, 16),
(1, 16, 50, 18),
(1, 17, 1, 61),
(1, 17, 1, 63),
(1, 17, 2, 5),
(1, 17, 3, 11),
(1, 17, 4, 3),
(1, 17, 4, 15),
(1, 17, 4, 49),
(1, 17, 6, 17),
(1, 17, 6, 38),
(1, 17, 6, 45),
(1, 17, 6, 67),
(1, 17, 6, 68),
(1, 17, 7, 30),
(1, 17, 8, 52),
(1, 17, 9, 19),
(1, 17, 10, 26),
(1, 17, 10, 44),
(1, 17, 11, 29),
(1, 17, 12, 20),
(1, 17, 13, 43),
(1, 17, 14, 7),
(1, 17, 14, 36),
(1, 17, 15, 32),
(1, 17, 15, 34),
(1, 17, 16, 22),
(1, 17, 17, 35),
(1, 17, 18, 48),
(1, 17, 18, 51),
(1, 17, 20, 24),
(1, 17, 20, 42),
(1, 17, 20, 46),
(1, 17, 21, 1),
(1, 17, 22, 37),
(1, 17, 23, 55),
(1, 17, 25, 21),
(1, 17, 25, 47),
(1, 17, 27, 10),
(1, 17, 28, 59),
(1, 17, 30, 2),
(1, 17, 30, 60),
(1, 17, 31, 12),
(1, 17, 32, 6),
(1, 17, 33, 56),
(1, 17, 34, 50),
(1, 17, 34, 66),
(1, 17, 35, 13),
(1, 17, 35, 57),
(1, 17, 36, 31),
(1, 17, 37, 62),
(1, 17, 38, 4),
(1, 17, 40, 23),
(1, 17, 41, 58),
(1, 17, 45, 64),
(1, 17, 46, 25),
(1, 17, 48, 8),
(1, 17, 48, 9),
(1, 17, 49, 54),
(1, 17, 50, 16),
(1, 17, 50, 18),
(1, 18, 1, 61),
(1, 18, 1, 63),
(1, 18, 3, 11),
(1, 18, 4, 3),
(1, 18, 4, 15),
(1, 18, 4, 49),
(1, 18, 6, 5),
(1, 18, 6, 17),
(1, 18, 6, 38),
(1, 18, 6, 45),
(1, 18, 6, 67),
(1, 18, 6, 68),
(1, 18, 7, 30),
(1, 18, 7, 47),
(1, 18, 7, 58),
(1, 18, 8, 52),
(1, 18, 10, 44),
(1, 18, 11, 26),
(1, 18, 11, 29),
(1, 18, 12, 20),
(1, 18, 12, 51),
(1, 18, 13, 43),
(1, 18, 14, 7),
(1, 18, 14, 36),
(1, 18, 15, 32),
(1, 18, 15, 34),
(1, 18, 16, 22),
(1, 18, 17, 35),
(1, 18, 18, 48),
(1, 18, 20, 24),
(1, 18, 20, 42),
(1, 18, 21, 1),
(1, 18, 22, 37),
(1, 18, 23, 55),
(1, 18, 25, 21),
(1, 18, 27, 10),
(1, 18, 30, 2),
(1, 18, 30, 60),
(1, 18, 32, 6),
(1, 18, 33, 56),
(1, 18, 34, 50),
(1, 18, 34, 66),
(1, 18, 35, 57),
(1, 18, 36, 31),
(1, 18, 37, 62),
(1, 18, 38, 4),
(1, 18, 40, 23),
(1, 18, 40, 46),
(1, 18, 42, 13),
(1, 18, 43, 59),
(1, 18, 44, 12),
(1, 18, 45, 64),
(1, 18, 46, 25),
(1, 18, 48, 8),
(1, 18, 48, 9),
(1, 18, 49, 54),
(1, 18, 50, 16),
(1, 18, 50, 18),
(1, 18, 50, 19),
(1, 19, 1, 61),
(1, 19, 1, 62),
(1, 19, 1, 63),
(1, 19, 2, 45),
(1, 19, 3, 66),
(1, 19, 4, 3),
(1, 19, 4, 49),
(1, 19, 5, 59),
(1, 19, 6, 5),
(1, 19, 6, 17),
(1, 19, 6, 38),
(1, 19, 6, 68),
(1, 19, 7, 30),
(1, 19, 7, 47),
(1, 19, 7, 58),
(1, 19, 8, 52),
(1, 19, 9, 31),
(1, 19, 10, 44),
(1, 19, 10, 67),
(1, 19, 11, 26),
(1, 19, 11, 29),
(1, 19, 12, 20),
(1, 19, 12, 51),
(1, 19, 13, 11),
(1, 19, 13, 43),
(1, 19, 14, 7),
(1, 19, 14, 36),
(1, 19, 15, 32),
(1, 19, 15, 34),
(1, 19, 16, 22),
(1, 19, 17, 35),
(1, 19, 18, 48),
(1, 19, 20, 24),
(1, 19, 20, 42),
(1, 19, 23, 37),
(1, 19, 23, 55),
(1, 19, 25, 21),
(1, 19, 26, 1),
(1, 19, 27, 10),
(1, 19, 27, 50),
(1, 19, 30, 2),
(1, 19, 30, 60),
(1, 19, 31, 15),
(1, 19, 32, 6),
(1, 19, 33, 56),
(1, 19, 36, 57),
(1, 19, 38, 4),
(1, 19, 40, 23),
(1, 19, 40, 46),
(1, 19, 42, 13),
(1, 19, 44, 12),
(1, 19, 45, 64),
(1, 19, 48, 8),
(1, 19, 48, 9),
(1, 19, 49, 25),
(1, 19, 49, 54),
(1, 19, 50, 16),
(1, 19, 50, 18),
(1, 19, 50, 19),
(1, 20, 1, 61),
(1, 20, 1, 62),
(1, 20, 1, 63),
(1, 20, 2, 36),
(1, 20, 2, 45),
(1, 20, 3, 7),
(1, 20, 3, 66),
(1, 20, 4, 3),
(1, 20, 4, 49),
(1, 20, 5, 59),
(1, 20, 6, 5),
(1, 20, 6, 12),
(1, 20, 6, 17),
(1, 20, 6, 38),
(1, 20, 6, 55),
(1, 20, 6, 68),
(1, 20, 7, 30),
(1, 20, 7, 58),
(1, 20, 8, 23),
(1, 20, 8, 52),
(1, 20, 9, 31),
(1, 20, 10, 44),
(1, 20, 10, 67),
(1, 20, 11, 26),
(1, 20, 11, 29),
(1, 20, 12, 20),
(1, 20, 13, 11),
(1, 20, 13, 43),
(1, 20, 15, 32),
(1, 20, 15, 34),
(1, 20, 17, 35),
(1, 20, 18, 48),
(1, 20, 18, 51),
(1, 20, 19, 8),
(1, 20, 20, 24),
(1, 20, 20, 46),
(1, 20, 21, 1),
(1, 20, 23, 42),
(1, 20, 25, 21),
(1, 20, 25, 47),
(1, 20, 27, 10),
(1, 20, 27, 50),
(1, 20, 30, 2),
(1, 20, 30, 60),
(1, 20, 32, 15),
(1, 20, 33, 56),
(1, 20, 36, 57),
(1, 20, 37, 22),
(1, 20, 38, 4),
(1, 20, 38, 6),
(1, 20, 42, 13),
(1, 20, 45, 64),
(1, 20, 46, 25),
(1, 20, 47, 37),
(1, 20, 48, 9),
(1, 20, 49, 54),
(1, 20, 50, 16),
(1, 20, 50, 18),
(1, 20, 50, 19),
(1, 21, 1, 61),
(1, 21, 1, 63),
(1, 21, 3, 7),
(1, 21, 4, 3),
(1, 21, 4, 19),
(1, 21, 4, 49),
(1, 21, 5, 45),
(1, 21, 5, 59),
(1, 21, 6, 12),
(1, 21, 6, 17),
(1, 21, 6, 38),
(1, 21, 6, 55),
(1, 21, 6, 68),
(1, 21, 7, 30),
(1, 21, 7, 47),
(1, 21, 8, 23),
(1, 21, 8, 52),
(1, 21, 9, 31),
(1, 21, 10, 44),
(1, 21, 11, 29),
(1, 21, 12, 20),
(1, 21, 13, 43),
(1, 21, 14, 36),
(1, 21, 15, 32),
(1, 21, 15, 34),
(1, 21, 16, 11),
(1, 21, 17, 35),
(1, 21, 18, 48),
(1, 21, 18, 51),
(1, 21, 19, 8),
(1, 21, 20, 46),
(1, 21, 21, 1),
(1, 21, 21, 5),
(1, 21, 22, 62),
(1, 21, 23, 42),
(1, 21, 24, 24),
(1, 21, 25, 21),
(1, 21, 26, 67),
(1, 21, 27, 10),
(1, 21, 27, 50),
(1, 21, 30, 2),
(1, 21, 30, 60),
(1, 21, 33, 26),
(1, 21, 33, 56),
(1, 21, 34, 66),
(1, 21, 37, 22),
(1, 21, 38, 4),
(1, 21, 38, 6),
(1, 21, 41, 58),
(1, 21, 43, 13),
(1, 21, 45, 15),
(1, 21, 45, 64),
(1, 21, 46, 25),
(1, 21, 47, 37),
(1, 21, 47, 57),
(1, 21, 48, 9),
(1, 21, 49, 54),
(1, 21, 50, 16),
(1, 21, 50, 18),
(1, 22, 1, 61),
(1, 22, 1, 63),
(1, 22, 3, 7),
(1, 22, 4, 3),
(1, 22, 4, 19),
(1, 22, 4, 49),
(1, 22, 6, 17),
(1, 22, 6, 38),
(1, 22, 6, 45),
(1, 22, 6, 55),
(1, 22, 6, 68),
(1, 22, 7, 30),
(1, 22, 7, 47),
(1, 22, 8, 23),
(1, 22, 8, 52),
(1, 22, 10, 44),
(1, 22, 11, 29),
(1, 22, 12, 20),
(1, 22, 12, 51),
(1, 22, 13, 43),
(1, 22, 14, 36),
(1, 22, 15, 32),
(1, 22, 15, 34),
(1, 22, 16, 11),
(1, 22, 16, 31),
(1, 22, 17, 35),
(1, 22, 18, 48),
(1, 22, 19, 8),
(1, 22, 20, 46),
(1, 22, 21, 5),
(1, 22, 22, 62),
(1, 22, 24, 59),
(1, 22, 25, 21),
(1, 22, 26, 1),
(1, 22, 26, 67),
(1, 22, 27, 10),
(1, 22, 28, 50),
(1, 22, 30, 2),
(1, 22, 30, 60),
(1, 22, 31, 12),
(1, 22, 33, 26),
(1, 22, 33, 56),
(1, 22, 34, 24),
(1, 22, 34, 66),
(1, 22, 37, 22),
(1, 22, 38, 4),
(1, 22, 38, 6),
(1, 22, 41, 58),
(1, 22, 42, 42),
(1, 22, 43, 13),
(1, 22, 45, 15),
(1, 22, 45, 64),
(1, 22, 47, 37),
(1, 22, 47, 57),
(1, 22, 48, 9),
(1, 22, 49, 25),
(1, 22, 49, 54),
(1, 22, 50, 16),
(1, 22, 50, 18),
(1, 23, 1, 61),
(1, 23, 1, 63),
(1, 23, 3, 7),
(1, 23, 4, 3),
(1, 23, 4, 19),
(1, 23, 4, 49),
(1, 23, 6, 17),
(1, 23, 6, 38),
(1, 23, 6, 45),
(1, 23, 6, 68),
(1, 23, 7, 30),
(1, 23, 7, 47),
(1, 23, 8, 23),
(1, 23, 8, 52),
(1, 23, 10, 44),
(1, 23, 11, 29),
(1, 23, 12, 20),
(1, 23, 12, 51),
(1, 23, 13, 43),
(1, 23, 14, 36),
(1, 23, 15, 32),
(1, 23, 15, 34),
(1, 23, 16, 11),
(1, 23, 16, 31),
(1, 23, 17, 35),
(1, 23, 18, 48),
(1, 23, 21, 5),
(1, 23, 22, 37),
(1, 23, 23, 55),
(1, 23, 24, 59),
(1, 23, 25, 21),
(1, 23, 26, 1),
(1, 23, 26, 67),
(1, 23, 27, 10),
(1, 23, 28, 50),
(1, 23, 29, 62),
(1, 23, 30, 2),
(1, 23, 30, 60),
(1, 23, 31, 12),
(1, 23, 32, 6),
(1, 23, 33, 26),
(1, 23, 33, 56),
(1, 23, 34, 24),
(1, 23, 34, 66),
(1, 23, 37, 22),
(1, 23, 38, 4),
(1, 23, 40, 46),
(1, 23, 41, 58),
(1, 23, 42, 42),
(1, 23, 43, 13),
(1, 23, 45, 15),
(1, 23, 45, 64),
(1, 23, 47, 57),
(1, 23, 48, 8),
(1, 23, 48, 9),
(1, 23, 49, 25),
(1, 23, 49, 54),
(1, 23, 50, 16),
(1, 23, 50, 18),
(1, 24, 1, 61),
(1, 24, 1, 63),
(1, 24, 2, 36),
(1, 24, 2, 45),
(1, 24, 3, 11),
(1, 24, 3, 66),
(1, 24, 4, 3),
(1, 24, 4, 49),
(1, 24, 6, 17),
(1, 24, 6, 38),
(1, 24, 6, 68),
(1, 24, 7, 30),
(1, 24, 7, 58),
(1, 24, 8, 52),
(1, 24, 9, 19),
(1, 24, 10, 26),
(1, 24, 10, 44),
(1, 24, 11, 29),
(1, 24, 12, 20),
(1, 24, 13, 43),
(1, 24, 14, 7),
(1, 24, 15, 32),
(1, 24, 15, 34),
(1, 24, 16, 22),
(1, 24, 17, 13),
(1, 24, 17, 31),
(1, 24, 17, 35),
(1, 24, 18, 48),
(1, 24, 18, 51),
(1, 24, 21, 5),
(1, 24, 23, 37),
(1, 24, 23, 55),
(1, 24, 24, 59),
(1, 24, 25, 21),
(1, 24, 25, 47),
(1, 24, 26, 1),
(1, 24, 26, 67),
(1, 24, 27, 10),
(1, 24, 28, 50),
(1, 24, 29, 62),
(1, 24, 30, 2),
(1, 24, 30, 60),
(1, 24, 31, 12),
(1, 24, 32, 6),
(1, 24, 33, 56),
(1, 24, 34, 24),
(1, 24, 38, 4),
(1, 24, 40, 23),
(1, 24, 40, 46),
(1, 24, 42, 42),
(1, 24, 45, 64),
(1, 24, 46, 15),
(1, 24, 47, 57),
(1, 24, 48, 8),
(1, 24, 48, 9),
(1, 24, 49, 25),
(1, 24, 49, 54),
(1, 24, 50, 16),
(1, 24, 50, 18),
(1, 25, 1, 61),
(1, 25, 1, 63),
(1, 25, 2, 5),
(1, 25, 3, 7),
(1, 25, 3, 11),
(1, 25, 3, 66),
(1, 25, 4, 3),
(1, 25, 4, 49),
(1, 25, 5, 45),
(1, 25, 6, 17),
(1, 25, 6, 38),
(1, 25, 6, 68),
(1, 25, 7, 30),
(1, 25, 7, 47),
(1, 25, 7, 58),
(1, 25, 8, 52),
(1, 25, 9, 19),
(1, 25, 10, 26),
(1, 25, 10, 44),
(1, 25, 11, 29),
(1, 25, 12, 20),
(1, 25, 12, 51),
(1, 25, 12, 57),
(1, 25, 13, 43),
(1, 25, 14, 36),
(1, 25, 15, 32),
(1, 25, 15, 34),
(1, 25, 17, 31),
(1, 25, 17, 35),
(1, 25, 18, 48),
(1, 25, 20, 42),
(1, 25, 20, 46),
(1, 25, 21, 1),
(1, 25, 23, 37),
(1, 25, 23, 55),
(1, 25, 25, 21),
(1, 25, 27, 10),
(1, 25, 28, 59),
(1, 25, 29, 13),
(1, 25, 29, 62),
(1, 25, 30, 2),
(1, 25, 30, 60),
(1, 25, 32, 6),
(1, 25, 33, 56),
(1, 25, 34, 24),
(1, 25, 34, 50),
(1, 25, 37, 22),
(1, 25, 38, 4),
(1, 25, 39, 67),
(1, 25, 40, 23),
(1, 25, 44, 12),
(1, 25, 45, 64),
(1, 25, 46, 15),
(1, 25, 48, 8),
(1, 25, 48, 9),
(1, 25, 49, 25),
(1, 25, 49, 54),
(1, 25, 50, 16),
(1, 25, 50, 18),
(1, 26, 1, 61),
(1, 26, 1, 63),
(1, 26, 2, 5),
(1, 26, 3, 7),
(1, 26, 3, 11),
(1, 26, 3, 66),
(1, 26, 4, 3),
(1, 26, 4, 15),
(1, 26, 4, 49),
(1, 26, 5, 45),
(1, 26, 6, 17),
(1, 26, 6, 38),
(1, 26, 6, 55),
(1, 26, 7, 58),
(1, 26, 8, 23),
(1, 26, 8, 52),
(1, 26, 9, 19),
(1, 26, 10, 26),
(1, 26, 10, 44),
(1, 26, 11, 29),
(1, 26, 12, 20),
(1, 26, 12, 51),
(1, 26, 12, 57),
(1, 26, 13, 43),
(1, 26, 14, 36),
(1, 26, 15, 32),
(1, 26, 15, 34),
(1, 26, 17, 31),
(1, 26, 17, 35),
(1, 26, 18, 48),
(1, 26, 19, 8),
(1, 26, 20, 42),
(1, 26, 20, 46),
(1, 26, 21, 1),
(1, 26, 25, 21),
(1, 26, 25, 47),
(1, 26, 27, 10),
(1, 26, 28, 59),
(1, 26, 30, 2),
(1, 26, 30, 60),
(1, 26, 32, 6),
(1, 26, 33, 56),
(1, 26, 34, 50),
(1, 26, 35, 13),
(1, 26, 37, 22),
(1, 26, 37, 62),
(1, 26, 38, 4),
(1, 26, 39, 24),
(1, 26, 39, 67),
(1, 26, 44, 12),
(1, 26, 45, 64),
(1, 26, 46, 25),
(1, 26, 47, 37),
(1, 26, 48, 9),
(1, 26, 49, 54),
(1, 26, 50, 16),
(1, 26, 50, 18),
(1, 27, 1, 61),
(1, 27, 1, 63),
(1, 27, 3, 7),
(1, 27, 3, 66),
(1, 27, 4, 3),
(1, 27, 4, 15),
(1, 27, 4, 49),
(1, 27, 6, 5),
(1, 27, 6, 12),
(1, 27, 6, 17),
(1, 27, 6, 45),
(1, 27, 8, 23),
(1, 27, 8, 52),
(1, 27, 10, 44),
(1, 27, 11, 26),
(1, 27, 11, 29),
(1, 27, 12, 51),
(1, 27, 12, 57),
(1, 27, 13, 11),
(1, 27, 14, 36),
(1, 27, 15, 32),
(1, 27, 15, 34),
(1, 27, 17, 35),
(1, 27, 18, 48),
(1, 27, 19, 8),
(1, 27, 20, 46),
(1, 27, 21, 1),
(1, 27, 23, 42),
(1, 27, 23, 55),
(1, 27, 25, 21),
(1, 27, 25, 47),
(1, 27, 27, 10),
(1, 27, 28, 59),
(1, 27, 30, 2),
(1, 27, 30, 60),
(1, 27, 33, 56),
(1, 27, 34, 50),
(1, 27, 35, 13),
(1, 27, 36, 31),
(1, 27, 37, 22),
(1, 27, 37, 62),
(1, 27, 38, 4),
(1, 27, 38, 6),
(1, 27, 39, 24),
(1, 27, 41, 58),
(1, 27, 41, 67),
(1, 27, 45, 64),
(1, 27, 46, 25),
(1, 27, 47, 37),
(1, 27, 48, 9),
(1, 27, 49, 54),
(1, 27, 50, 16),
(1, 27, 50, 18),
(1, 27, 50, 19),
(1, 28, 1, 61),
(1, 28, 1, 63),
(1, 28, 2, 36),
(1, 28, 4, 3),
(1, 28, 4, 15),
(1, 28, 4, 19),
(1, 28, 6, 5),
(1, 28, 6, 12),
(1, 28, 6, 17),
(1, 28, 6, 45),
(1, 28, 6, 67),
(1, 28, 7, 58),
(1, 28, 8, 52),
(1, 28, 10, 44),
(1, 28, 11, 26),
(1, 28, 12, 51),
(1, 28, 14, 7),
(1, 28, 15, 32),
(1, 28, 15, 34),
(1, 28, 16, 11),
(1, 28, 16, 22),
(1, 28, 17, 35),
(1, 28, 18, 48),
(1, 28, 19, 8),
(1, 28, 20, 46),
(1, 28, 21, 1),
(1, 28, 23, 42),
(1, 28, 23, 55),
(1, 28, 25, 21),
(1, 28, 25, 47),
(1, 28, 27, 10),
(1, 28, 27, 50),
(1, 28, 30, 2),
(1, 28, 30, 60),
(1, 28, 33, 56),
(1, 28, 34, 66),
(1, 28, 35, 13),
(1, 28, 35, 57),
(1, 28, 36, 31),
(1, 28, 37, 62),
(1, 28, 38, 6),
(1, 28, 39, 24),
(1, 28, 40, 23),
(1, 28, 43, 59),
(1, 28, 45, 64),
(1, 28, 46, 25),
(1, 28, 47, 37),
(1, 28, 48, 9),
(1, 28, 49, 54),
(1, 28, 50, 16),
(1, 28, 50, 18),
(1, 29, 1, 61),
(1, 29, 1, 62),
(1, 29, 1, 63),
(1, 29, 3, 66),
(1, 29, 4, 3),
(1, 29, 4, 19),
(1, 29, 6, 5),
(1, 29, 6, 12),
(1, 29, 6, 17),
(1, 29, 6, 45),
(1, 29, 6, 67),
(1, 29, 7, 47),
(1, 29, 7, 58),
(1, 29, 8, 23),
(1, 29, 8, 52),
(1, 29, 10, 44),
(1, 29, 14, 7),
(1, 29, 14, 36),
(1, 29, 15, 32),
(1, 29, 16, 11),
(1, 29, 16, 22),
(1, 29, 18, 48),
(1, 29, 18, 51),
(1, 29, 19, 8),
(1, 29, 19, 24),
(1, 29, 22, 37),
(1, 29, 23, 42),
(1, 29, 23, 55),
(1, 29, 25, 21),
(1, 29, 26, 1),
(1, 29, 27, 10),
(1, 29, 27, 50),
(1, 29, 30, 2),
(1, 29, 30, 60),
(1, 29, 31, 15),
(1, 29, 33, 26),
(1, 29, 33, 56),
(1, 29, 35, 13),
(1, 29, 35, 57),
(1, 29, 36, 31),
(1, 29, 38, 6),
(1, 29, 40, 46),
(1, 29, 43, 59),
(1, 29, 45, 64),
(1, 29, 46, 25),
(1, 29, 48, 9),
(1, 29, 49, 54),
(1, 29, 50, 16),
(1, 29, 50, 18),
(1, 30, 1, 61),
(1, 30, 2, 36),
(1, 30, 2, 45),
(1, 30, 4, 3),
(1, 30, 4, 19),
(1, 30, 6, 17),
(1, 30, 7, 47),
(1, 30, 8, 52),
(1, 30, 9, 31),
(1, 30, 10, 44),
(1, 30, 10, 67),
(1, 30, 14, 7),
(1, 30, 15, 32),
(1, 30, 16, 11),
(1, 30, 18, 51),
(1, 30, 20, 24),
(1, 30, 21, 1),
(1, 30, 21, 5),
(1, 30, 22, 62),
(1, 30, 23, 37),
(1, 30, 23, 42),
(1, 30, 23, 55),
(1, 30, 25, 21),
(1, 30, 27, 10),
(1, 30, 27, 50),
(1, 30, 30, 2),
(1, 30, 30, 60),
(1, 30, 31, 12),
(1, 30, 31, 15),
(1, 30, 32, 6),
(1, 30, 33, 26),
(1, 30, 33, 56),
(1, 30, 34, 66),
(1, 30, 36, 57),
(1, 30, 37, 22),
(1, 30, 40, 23),
(1, 30, 40, 46),
(1, 30, 41, 58),
(1, 30, 42, 13),
(1, 30, 43, 59),
(1, 30, 45, 64),
(1, 30, 48, 8),
(1, 30, 49, 25),
(1, 30, 50, 16),
(1, 30, 50, 18),
(1, 31, 1, 61),
(1, 31, 2, 36),
(1, 31, 2, 45),
(1, 31, 3, 7),
(1, 31, 4, 3),
(1, 31, 4, 19),
(1, 31, 5, 59),
(1, 31, 6, 17),
(1, 31, 6, 55),
(1, 31, 7, 47),
(1, 31, 8, 52),
(1, 31, 9, 31),
(1, 31, 10, 26),
(1, 31, 10, 67),
(1, 31, 12, 51),
(1, 31, 15, 32),
(1, 31, 16, 11),
(1, 31, 20, 24),
(1, 31, 20, 46),
(1, 31, 21, 1),
(1, 31, 21, 5),
(1, 31, 22, 62),
(1, 31, 23, 37),
(1, 31, 25, 21),
(1, 31, 27, 50),
(1, 31, 30, 2),
(1, 31, 30, 60),
(1, 31, 31, 12),
(1, 31, 31, 15),
(1, 31, 33, 56),
(1, 31, 34, 66),
(1, 31, 36, 57),
(1, 31, 37, 22),
(1, 31, 38, 6),
(1, 31, 40, 23),
(1, 31, 41, 58),
(1, 31, 42, 13),
(1, 31, 42, 42),
(1, 31, 48, 8),
(1, 31, 49, 25),
(1, 31, 50, 16),
(1, 31, 50, 18),
(1, 32, 1, 61),
(1, 32, 2, 36),
(1, 32, 3, 7),
(1, 32, 3, 11),
(1, 32, 4, 3),
(1, 32, 5, 45),
(1, 32, 6, 17),
(1, 32, 6, 55),
(1, 32, 7, 58),
(1, 32, 8, 23),
(1, 32, 8, 52),
(1, 32, 9, 19),
(1, 32, 9, 31),
(1, 32, 10, 26),
(1, 32, 12, 51),
(1, 32, 15, 32),
(1, 32, 16, 22),
(1, 32, 20, 46),
(1, 32, 21, 5),
(1, 32, 22, 62),
(1, 32, 24, 24),
(1, 32, 24, 59),
(1, 32, 25, 21),
(1, 32, 25, 47),
(1, 32, 26, 1),
(1, 32, 26, 67),
(1, 32, 28, 50),
(1, 32, 30, 2),
(1, 32, 31, 12),
(1, 32, 32, 15),
(1, 32, 33, 56),
(1, 32, 34, 66),
(1, 32, 38, 6),
(1, 32, 42, 13),
(1, 32, 42, 42),
(1, 32, 47, 37),
(1, 32, 47, 57),
(1, 32, 48, 8),
(1, 32, 49, 25),
(1, 32, 50, 16),
(1, 32, 50, 18),
(1, 33, 2, 5),
(1, 33, 3, 11),
(1, 33, 3, 66),
(1, 33, 4, 3),
(1, 33, 5, 45),
(1, 33, 6, 17),
(1, 33, 6, 55),
(1, 33, 7, 47),
(1, 33, 7, 58),
(1, 33, 8, 23),
(1, 33, 9, 19),
(1, 33, 10, 26),
(1, 33, 14, 7),
(1, 33, 14, 36),
(1, 33, 15, 32),
(1, 33, 16, 22),
(1, 33, 16, 31),
(1, 33, 18, 51),
(1, 33, 20, 42),
(1, 33, 20, 46),
(1, 33, 24, 24),
(1, 33, 25, 21),
(1, 33, 26, 1),
(1, 33, 26, 67),
(1, 33, 28, 50),
(1, 33, 28, 59),
(1, 33, 29, 62),
(1, 33, 32, 6),
(1, 33, 33, 56),
(1, 33, 43, 13),
(1, 33, 44, 12),
(1, 33, 45, 15),
(1, 33, 47, 37),
(1, 33, 47, 57),
(1, 33, 48, 8),
(1, 33, 49, 25),
(1, 33, 50, 16),
(1, 33, 50, 18),
(1, 34, 2, 5),
(1, 34, 2, 36),
(1, 34, 3, 7),
(1, 34, 3, 66),
(1, 34, 5, 45),
(1, 34, 6, 12),
(1, 34, 7, 47),
(1, 34, 7, 58),
(1, 34, 8, 23),
(1, 34, 9, 19),
(1, 34, 11, 26),
(1, 34, 13, 11),
(1, 34, 15, 32),
(1, 34, 16, 22),
(1, 34, 17, 31),
(1, 34, 18, 51),
(1, 34, 19, 8),
(1, 34, 20, 42),
(1, 34, 21, 1),
(1, 34, 23, 55),
(1, 34, 25, 21),
(1, 34, 28, 59),
(1, 34, 29, 62),
(1, 34, 32, 6),
(1, 34, 33, 56),
(1, 34, 34, 24),
(1, 34, 34, 50),
(1, 34, 39, 67),
(1, 34, 40, 46),
(1, 34, 43, 13),
(1, 34, 45, 15),
(1, 34, 46, 25),
(1, 34, 47, 37),
(1, 34, 47, 57),
(1, 34, 50, 16),
(1, 34, 50, 18),
(1, 35, 2, 5),
(1, 35, 2, 36),
(1, 35, 6, 12),
(1, 35, 6, 45),
(1, 35, 7, 47),
(1, 35, 11, 26),
(1, 35, 12, 57),
(1, 35, 13, 11),
(1, 35, 14, 7),
(1, 35, 16, 22),
(1, 35, 17, 31),
(1, 35, 18, 51),
(1, 35, 19, 8),
(1, 35, 20, 42),
(1, 35, 20, 46),
(1, 35, 21, 1),
(1, 35, 23, 55),
(1, 35, 29, 62),
(1, 35, 33, 56),
(1, 35, 34, 50),
(1, 35, 34, 66),
(1, 35, 38, 6),
(1, 35, 39, 24),
(1, 35, 39, 67),
(1, 35, 40, 23),
(1, 35, 41, 58),
(1, 35, 43, 13),
(1, 35, 43, 59),
(1, 35, 46, 15),
(1, 35, 46, 25),
(1, 35, 47, 37),
(1, 35, 50, 16),
(1, 35, 50, 19),
(1, 36, 2, 5),
(1, 36, 6, 12),
(1, 36, 6, 45),
(1, 36, 6, 55),
(1, 36, 11, 26),
(1, 36, 12, 57),
(1, 36, 13, 11),
(1, 36, 14, 7),
(1, 36, 14, 36),
(1, 36, 17, 13),
(1, 36, 17, 31),
(1, 36, 18, 51),
(1, 36, 20, 46),
(1, 36, 22, 37),
(1, 36, 23, 42),
(1, 36, 25, 47),
(1, 36, 26, 1),
(1, 36, 34, 50),
(1, 36, 34, 66),
(1, 36, 37, 22),
(1, 36, 37, 62),
(1, 36, 38, 6),
(1, 36, 39, 24),
(1, 36, 40, 23),
(1, 36, 41, 58),
(1, 36, 41, 67),
(1, 36, 43, 59),
(1, 36, 46, 15),
(1, 36, 46, 25),
(1, 36, 48, 8),
(1, 36, 50, 16),
(1, 36, 50, 19),
(1, 37, 3, 7),
(1, 37, 4, 19),
(1, 37, 5, 59),
(1, 37, 6, 5),
(1, 37, 6, 45),
(1, 37, 6, 55),
(1, 37, 7, 47),
(1, 37, 7, 58),
(1, 37, 8, 23),
(1, 37, 11, 26),
(1, 37, 12, 51),
(1, 37, 12, 57),
(1, 37, 14, 36),
(1, 37, 16, 11),
(1, 37, 17, 13),
(1, 37, 17, 31),
(1, 37, 21, 1),
(1, 37, 22, 37),
(1, 37, 23, 42),
(1, 37, 27, 50),
(1, 37, 31, 12),
(1, 37, 32, 6),
(1, 37, 34, 66),
(1, 37, 37, 22),
(1, 37, 37, 62),
(1, 37, 39, 24),
(1, 37, 40, 46),
(1, 37, 41, 67),
(1, 37, 46, 15),
(1, 37, 48, 8),
(1, 37, 49, 25),
(1, 37, 50, 16),
(1, 38, 2, 36),
(1, 38, 2, 45),
(1, 38, 3, 7),
(1, 38, 3, 66),
(1, 38, 4, 15),
(1, 38, 4, 19),
(1, 38, 5, 59),
(1, 38, 6, 5),
(1, 38, 6, 55),
(1, 38, 7, 47),
(1, 38, 7, 58),
(1, 38, 8, 23),
(1, 38, 16, 11),
(1, 38, 18, 51),
(1, 38, 19, 8),
(1, 38, 19, 24),
(1, 38, 21, 1),
(1, 38, 22, 37),
(1, 38, 27, 50),
(1, 38, 29, 13),
(1, 38, 31, 12),
(1, 38, 32, 6),
(1, 38, 33, 26),
(1, 38, 35, 57),
(1, 38, 36, 31),
(1, 38, 37, 22),
(1, 38, 37, 62),
(1, 38, 40, 46),
(1, 38, 41, 67),
(1, 38, 42, 42),
(1, 38, 46, 25),
(1, 39, 1, 62),
(1, 39, 2, 36),
(1, 39, 2, 45),
(1, 39, 3, 7),
(1, 39, 3, 66),
(1, 39, 4, 19),
(1, 39, 6, 5),
(1, 39, 6, 55),
(1, 39, 6, 67),
(1, 39, 7, 47),
(1, 39, 16, 11),
(1, 39, 16, 22),
(1, 39, 18, 51),
(1, 39, 19, 24),
(1, 39, 20, 46),
(1, 39, 22, 37),
(1, 39, 24, 59),
(1, 39, 26, 1),
(1, 39, 27, 50),
(1, 39, 29, 13),
(1, 39, 31, 15),
(1, 39, 32, 6),
(1, 39, 33, 26),
(1, 39, 35, 57),
(1, 39, 36, 31),
(1, 39, 40, 23),
(1, 39, 41, 58),
(1, 39, 42, 42),
(1, 39, 44, 12),
(1, 39, 46, 25),
(1, 39, 48, 8),
(1, 40, 1, 62),
(1, 40, 2, 45),
(1, 40, 3, 7),
(1, 40, 3, 11),
(1, 40, 3, 66),
(1, 40, 9, 19),
(1, 40, 9, 31),
(1, 40, 10, 67),
(1, 40, 12, 51),
(1, 40, 14, 36),
(1, 40, 16, 22),
(1, 40, 20, 24),
(1, 40, 20, 46),
(1, 40, 21, 1),
(1, 40, 21, 5),
(1, 40, 23, 37),
(1, 40, 23, 55),
(1, 40, 24, 59),
(1, 40, 25, 47),
(1, 40, 28, 50),
(1, 40, 32, 15),
(1, 40, 33, 26),
(1, 40, 35, 13),
(1, 40, 36, 57),
(1, 40, 38, 6),
(1, 40, 40, 23),
(1, 40, 41, 58),
(1, 40, 42, 42),
(1, 40, 44, 12),
(1, 40, 48, 8),
(1, 40, 49, 25),
(1, 41, 1, 62),
(1, 41, 3, 11),
(1, 41, 5, 45),
(1, 41, 6, 12),
(1, 41, 9, 19),
(1, 41, 9, 31),
(1, 41, 10, 26),
(1, 41, 10, 67),
(1, 41, 12, 51),
(1, 41, 14, 7),
(1, 41, 14, 36),
(1, 41, 19, 8),
(1, 41, 20, 24),
(1, 41, 20, 42),
(1, 41, 21, 1),
(1, 41, 21, 5),
(1, 41, 23, 37),
(1, 41, 23, 55),
(1, 41, 24, 59),
(1, 41, 25, 47),
(1, 41, 28, 50),
(1, 41, 32, 6),
(1, 41, 32, 15),
(1, 41, 34, 66),
(1, 41, 35, 13),
(1, 41, 36, 57),
(1, 41, 37, 22),
(1, 41, 40, 23),
(1, 41, 40, 46),
(1, 41, 41, 58),
(1, 41, 49, 25),
(1, 42, 1, 62),
(1, 42, 3, 11),
(1, 42, 5, 45),
(1, 42, 6, 12),
(1, 42, 7, 58),
(1, 42, 9, 31),
(1, 42, 10, 26),
(1, 42, 10, 67),
(1, 42, 12, 51),
(1, 42, 14, 7),
(1, 42, 14, 36),
(1, 42, 16, 22),
(1, 42, 21, 5),
(1, 42, 23, 37),
(1, 42, 23, 42),
(1, 42, 23, 55),
(1, 42, 24, 24),
(1, 42, 25, 47),
(1, 42, 26, 1),
(1, 42, 28, 50),
(1, 42, 28, 59),
(1, 42, 32, 6),
(1, 42, 34, 66),
(1, 42, 36, 57),
(1, 42, 40, 23),
(1, 42, 40, 46),
(1, 42, 42, 13),
(1, 42, 45, 15),
(1, 42, 48, 8),
(1, 42, 49, 25),
(1, 42, 50, 19),
(1, 43, 2, 5),
(1, 43, 3, 7),
(1, 43, 5, 45),
(1, 43, 6, 55),
(1, 43, 7, 58),
(1, 43, 8, 23),
(1, 43, 10, 67),
(1, 43, 11, 26),
(1, 43, 12, 51),
(1, 43, 13, 11),
(1, 43, 14, 36),
(1, 43, 16, 22),
(1, 43, 16, 31),
(1, 43, 22, 62),
(1, 43, 23, 37),
(1, 43, 23, 42),
(1, 43, 24, 24),
(1, 43, 25, 47),
(1, 43, 26, 1),
(1, 43, 31, 12),
(1, 43, 32, 6),
(1, 43, 34, 50),
(1, 43, 34, 66),
(1, 43, 40, 46),
(1, 43, 42, 13),
(1, 43, 43, 59),
(1, 43, 46, 15),
(1, 43, 47, 57),
(1, 43, 48, 8),
(1, 43, 49, 25),
(1, 43, 50, 19),
(1, 44, 2, 5),
(1, 44, 2, 36),
(1, 44, 3, 7),
(1, 44, 3, 66),
(1, 44, 6, 45),
(1, 44, 7, 47),
(1, 44, 7, 58),
(1, 44, 8, 23),
(1, 44, 11, 26),
(1, 44, 13, 11),
(1, 44, 16, 22),
(1, 44, 16, 31),
(1, 44, 18, 51),
(1, 44, 22, 62),
(1, 44, 23, 42),
(1, 44, 23, 55),
(1, 44, 26, 1),
(1, 44, 26, 67),
(1, 44, 31, 12),
(1, 44, 34, 24),
(1, 44, 34, 50),
(1, 44, 38, 6),
(1, 44, 40, 46),
(1, 44, 42, 13),
(1, 44, 43, 59),
(1, 44, 46, 15),
(1, 44, 46, 25),
(1, 44, 47, 37),
(1, 44, 47, 57),
(1, 44, 48, 8),
(1, 44, 50, 19),
(1, 45, 2, 36),
(1, 45, 3, 7),
(1, 45, 3, 66),
(1, 45, 4, 15),
(1, 45, 4, 19),
(1, 45, 5, 59),
(1, 45, 6, 5),
(1, 45, 6, 45),
(1, 45, 7, 47),
(1, 45, 7, 58),
(1, 45, 8, 23),
(1, 45, 11, 26),
(1, 45, 13, 11),
(1, 45, 17, 31),
(1, 45, 18, 51),
(1, 45, 19, 8),
(1, 45, 20, 46),
(1, 45, 22, 37),
(1, 45, 22, 62),
(1, 45, 23, 42),
(1, 45, 23, 55),
(1, 45, 26, 1),
(1, 45, 26, 67),
(1, 45, 31, 12),
(1, 45, 34, 24),
(1, 45, 34, 50),
(1, 45, 37, 22),
(1, 45, 38, 6),
(1, 45, 43, 13),
(1, 45, 46, 25),
(1, 45, 47, 57),
(1, 46, 2, 36),
(1, 46, 3, 66),
(1, 46, 4, 19),
(1, 46, 5, 59),
(1, 46, 6, 45),
(1, 46, 6, 55),
(1, 46, 7, 47),
(1, 46, 12, 51),
(1, 46, 12, 57),
(1, 46, 13, 11),
(1, 46, 14, 7),
(1, 46, 17, 31),
(1, 46, 19, 8),
(1, 46, 21, 1),
(1, 46, 21, 5),
(1, 46, 22, 37),
(1, 46, 29, 62),
(1, 46, 31, 15),
(1, 46, 33, 26),
(1, 46, 34, 24),
(1, 46, 34, 50),
(1, 46, 37, 22),
(1, 46, 38, 6),
(1, 46, 39, 67),
(1, 46, 40, 23),
(1, 46, 40, 46),
(1, 46, 41, 58),
(1, 46, 42, 42),
(1, 46, 43, 13),
(1, 46, 44, 12),
(1, 46, 46, 25),
(1, 47, 6, 45),
(1, 47, 6, 55),
(1, 47, 9, 19),
(1, 47, 10, 26),
(1, 47, 12, 51),
(1, 47, 12, 57),
(1, 47, 14, 7),
(1, 47, 14, 36),
(1, 47, 16, 11),
(1, 47, 16, 22),
(1, 47, 17, 31),
(1, 47, 19, 8),
(1, 47, 21, 1),
(1, 47, 21, 5),
(1, 47, 23, 37),
(1, 47, 24, 59),
(1, 47, 25, 47),
(1, 47, 27, 50),
(1, 47, 31, 15),
(1, 47, 34, 66),
(1, 47, 37, 62),
(1, 47, 38, 6),
(1, 47, 39, 24),
(1, 47, 39, 67),
(1, 47, 40, 23),
(1, 47, 40, 46),
(1, 47, 41, 58),
(1, 47, 42, 42),
(1, 47, 43, 13),
(1, 47, 44, 12),
(1, 47, 49, 25),
(1, 48, 2, 45),
(1, 48, 3, 7),
(1, 48, 7, 58),
(1, 48, 8, 23),
(1, 48, 10, 26),
(1, 48, 14, 36),
(1, 48, 16, 11),
(1, 48, 16, 22),
(1, 48, 17, 13),
(1, 48, 18, 51),
(1, 48, 19, 8),
(1, 48, 21, 5),
(1, 48, 23, 37),
(1, 48, 23, 55),
(1, 48, 24, 59),
(1, 48, 25, 47),
(1, 48, 26, 1),
(1, 48, 27, 50),
(1, 48, 32, 6),
(1, 48, 32, 15),
(1, 48, 34, 66),
(1, 48, 35, 57),
(1, 48, 36, 31),
(1, 48, 37, 62),
(1, 48, 39, 24),
(1, 48, 40, 46),
(1, 48, 41, 67),
(1, 48, 42, 42),
(1, 48, 44, 12),
(1, 48, 49, 25),
(1, 48, 50, 19),
(1, 49, 2, 5),
(1, 49, 2, 45),
(1, 49, 3, 11),
(1, 49, 3, 66),
(1, 49, 7, 58),
(1, 49, 9, 31),
(1, 49, 11, 26),
(1, 49, 14, 7),
(1, 49, 14, 36),
(1, 49, 16, 22),
(1, 49, 17, 13),
(1, 49, 18, 51),
(1, 49, 20, 42),
(1, 49, 20, 46),
(1, 49, 23, 37),
(1, 49, 23, 55),
(1, 49, 25, 47),
(1, 49, 26, 1),
(1, 49, 28, 50),
(1, 49, 28, 59),
(1, 49, 32, 6),
(1, 49, 32, 15),
(1, 49, 35, 57),
(1, 49, 37, 62),
(1, 49, 39, 24),
(1, 49, 40, 23),
(1, 49, 41, 67),
(1, 49, 44, 12),
(1, 49, 46, 25),
(1, 49, 48, 8),
(1, 49, 50, 19),
(1, 50, 1, 62),
(1, 50, 2, 5),
(1, 50, 3, 7),
(1, 50, 3, 11),
(1, 50, 3, 66),
(1, 50, 4, 19),
(1, 50, 5, 45),
(1, 50, 6, 12),
(1, 50, 7, 58),
(1, 50, 9, 31),
(1, 50, 11, 26),
(1, 50, 12, 51),
(1, 50, 14, 36),
(1, 50, 16, 22),
(1, 50, 17, 13),
(1, 50, 20, 42),
(1, 50, 20, 46),
(1, 50, 23, 55),
(1, 50, 25, 47),
(1, 50, 26, 1),
(1, 50, 28, 50),
(1, 50, 35, 57),
(1, 50, 38, 6),
(1, 50, 39, 24),
(1, 50, 40, 23),
(1, 50, 41, 67),
(1, 50, 43, 59),
(1, 50, 45, 15),
(1, 50, 46, 25),
(1, 50, 47, 37),
(1, 50, 48, 8),
(1, 51, 2, 5),
(1, 51, 2, 36),
(1, 51, 3, 7),
(1, 51, 3, 11),
(1, 51, 4, 19),
(1, 51, 5, 45),
(1, 51, 6, 12),
(1, 51, 6, 55),
(1, 51, 6, 67),
(1, 51, 7, 47),
(1, 51, 8, 23),
(1, 51, 11, 26),
(1, 51, 12, 51),
(1, 51, 16, 31),
(1, 51, 19, 24),
(1, 51, 20, 46),
(1, 51, 22, 62),
(1, 51, 23, 42),
(1, 51, 26, 1),
(1, 51, 29, 13),
(1, 51, 34, 50),
(1, 51, 34, 66),
(1, 51, 36, 57),
(1, 51, 37, 22),
(1, 51, 38, 6),
(1, 51, 41, 58),
(1, 51, 43, 59),
(1, 51, 45, 15),
(1, 51, 46, 25),
(1, 51, 47, 37),
(1, 51, 48, 8),
(1, 52, 3, 11),
(1, 52, 5, 45),
(1, 52, 6, 5),
(1, 52, 6, 55),
(1, 52, 6, 67),
(1, 52, 7, 47),
(1, 52, 9, 19),
(1, 52, 14, 7),
(1, 52, 14, 36),
(1, 52, 16, 31),
(1, 52, 18, 51),
(1, 52, 19, 8),
(1, 52, 19, 24),
(1, 52, 21, 1),
(1, 52, 22, 37),
(1, 52, 22, 62),
(1, 52, 31, 12),
(1, 52, 33, 26),
(1, 52, 34, 50),
(1, 52, 34, 66),
(1, 52, 35, 13),
(1, 52, 37, 22),
(1, 52, 38, 6),
(1, 52, 40, 23),
(1, 52, 40, 46),
(1, 52, 41, 58),
(1, 52, 42, 42),
(1, 52, 43, 59),
(1, 52, 46, 15),
(1, 52, 47, 57),
(1, 52, 49, 25),
(1, 53, 3, 66),
(1, 53, 4, 15),
(1, 53, 5, 45),
(1, 53, 5, 59),
(1, 53, 6, 55),
(1, 53, 6, 67),
(1, 53, 7, 58),
(1, 53, 12, 51),
(1, 53, 13, 11),
(1, 53, 14, 7),
(1, 53, 14, 36),
(1, 53, 16, 31),
(1, 53, 19, 8),
(1, 53, 19, 24),
(1, 53, 20, 42),
(1, 53, 20, 46),
(1, 53, 21, 1),
(1, 53, 21, 5),
(1, 53, 22, 37),
(1, 53, 22, 62),
(1, 53, 25, 47),
(1, 53, 33, 26),
(1, 53, 34, 50),
(1, 53, 35, 13),
(1, 53, 37, 22),
(1, 53, 38, 6),
(1, 53, 40, 23),
(1, 53, 44, 12),
(1, 53, 47, 57),
(1, 53, 49, 25),
(1, 53, 50, 19),
(1, 54, 3, 66),
(1, 54, 4, 15),
(1, 54, 5, 59),
(1, 54, 6, 45),
(1, 54, 7, 58),
(1, 54, 8, 23),
(1, 54, 10, 26),
(1, 54, 10, 67),
(1, 54, 12, 51),
(1, 54, 12, 57),
(1, 54, 13, 11),
(1, 54, 14, 7),
(1, 54, 14, 36),
(1, 54, 17, 31),
(1, 54, 19, 8),
(1, 54, 20, 24),
(1, 54, 20, 42),
(1, 54, 20, 46),
(1, 54, 21, 5),
(1, 54, 23, 37),
(1, 54, 23, 55),
(1, 54, 25, 47),
(1, 54, 26, 1),
(1, 54, 29, 62),
(1, 54, 32, 6),
(1, 54, 34, 50),
(1, 54, 37, 22),
(1, 54, 42, 13),
(1, 54, 44, 12),
(1, 54, 49, 25),
(1, 54, 50, 19),
(1, 55, 3, 66),
(1, 55, 4, 15),
(1, 55, 5, 59),
(1, 55, 6, 12),
(1, 55, 6, 45),
(1, 55, 7, 58),
(1, 55, 8, 23),
(1, 55, 10, 26),
(1, 55, 10, 67),
(1, 55, 12, 57),
(1, 55, 13, 11),
(1, 55, 14, 36),
(1, 55, 16, 22),
(1, 55, 17, 31),
(1, 55, 18, 51),
(1, 55, 19, 8),
(1, 55, 20, 24),
(1, 55, 21, 5),
(1, 55, 23, 37),
(1, 55, 23, 42),
(1, 55, 23, 55),
(1, 55, 25, 47),
(1, 55, 26, 1),
(1, 55, 27, 50),
(1, 55, 29, 62),
(1, 55, 32, 6),
(1, 55, 40, 46),
(1, 55, 43, 13),
(1, 55, 49, 25),
(1, 55, 50, 19),
(1, 56, 2, 5),
(1, 56, 2, 36),
(1, 56, 2, 45),
(1, 56, 4, 19),
(1, 56, 6, 12),
(1, 56, 7, 47),
(1, 56, 8, 23),
(1, 56, 10, 67),
(1, 56, 11, 26),
(1, 56, 13, 11),
(1, 56, 16, 22),
(1, 56, 17, 13),
(1, 56, 17, 31),
(1, 56, 20, 24),
(1, 56, 23, 37),
(1, 56, 23, 42),
(1, 56, 23, 55),
(1, 56, 24, 59),
(1, 56, 27, 50),
(1, 56, 29, 62),
(1, 56, 31, 15),
(1, 56, 32, 6),
(1, 56, 34, 66),
(1, 56, 35, 57),
(1, 56, 40, 46),
(1, 56, 41, 58),
(1, 56, 46, 25),
(1, 56, 48, 8),
(1, 57, 2, 5),
(1, 57, 2, 36),
(1, 57, 4, 19),
(1, 57, 5, 45),
(1, 57, 6, 12),
(1, 57, 6, 55),
(1, 57, 7, 47),
(1, 57, 10, 67),
(1, 57, 11, 26),
(1, 57, 16, 11),
(1, 57, 23, 42),
(1, 57, 24, 24),
(1, 57, 24, 59),
(1, 57, 27, 50),
(1, 57, 29, 13),
(1, 57, 29, 62),
(1, 57, 31, 15),
(1, 57, 34, 66),
(1, 57, 36, 31),
(1, 57, 36, 57),
(1, 57, 37, 22),
(1, 57, 38, 6),
(1, 57, 40, 23),
(1, 57, 40, 46),
(1, 57, 46, 25),
(1, 57, 47, 37),
(1, 57, 48, 8),
(1, 58, 2, 5),
(1, 58, 2, 36),
(1, 58, 3, 11),
(1, 58, 4, 19),
(1, 58, 5, 45),
(1, 58, 6, 55),
(1, 58, 7, 47),
(1, 58, 11, 26),
(1, 58, 24, 24),
(1, 58, 24, 59),
(1, 58, 26, 67),
(1, 58, 28, 50),
(1, 58, 29, 13),
(1, 58, 31, 12),
(1, 58, 31, 15),
(1, 58, 36, 31),
(1, 58, 36, 57),
(1, 58, 37, 22),
(1, 58, 37, 62),
(1, 58, 38, 6),
(1, 58, 40, 23),
(1, 58, 40, 46),
(1, 58, 42, 42),
(1, 58, 46, 25),
(1, 58, 47, 37),
(1, 58, 48, 8),
(1, 59, 3, 11),
(1, 59, 4, 19),
(1, 59, 5, 45),
(1, 59, 6, 5),
(1, 59, 11, 26),
(1, 59, 14, 36),
(1, 59, 19, 8),
(1, 59, 20, 42),
(1, 59, 23, 55),
(1, 59, 25, 47),
(1, 59, 26, 67),
(1, 59, 28, 50),
(1, 59, 28, 59),
(1, 59, 31, 12),
(1, 59, 31, 15),
(1, 59, 34, 24),
(1, 59, 35, 13),
(1, 59, 36, 31),
(1, 59, 36, 57),
(1, 59, 37, 22),
(1, 59, 37, 62),
(1, 59, 38, 6),
(1, 59, 40, 23),
(1, 59, 46, 25),
(1, 59, 47, 37),
(1, 60, 1, 62),
(1, 60, 3, 11),
(1, 60, 5, 45),
(1, 60, 6, 5),
(1, 60, 9, 19),
(1, 60, 9, 31),
(1, 60, 14, 36),
(1, 60, 19, 8),
(1, 60, 20, 42),
(1, 60, 22, 37),
(1, 60, 23, 55),
(1, 60, 26, 67),
(1, 60, 28, 59),
(1, 60, 31, 12),
(1, 60, 32, 15),
(1, 60, 33, 26),
(1, 60, 34, 24),
(1, 60, 34, 50),
(1, 60, 35, 13),
(1, 60, 37, 22),
(1, 60, 40, 23),
(1, 60, 47, 57),
(1, 60, 49, 25),
(1, 61, 1, 62),
(1, 61, 6, 45),
(1, 61, 6, 55),
(1, 61, 9, 19),
(1, 61, 9, 31),
(1, 61, 13, 11),
(1, 61, 14, 36),
(1, 61, 16, 22),
(1, 61, 19, 8),
(1, 61, 20, 42),
(1, 61, 21, 5),
(1, 61, 22, 37),
(1, 61, 28, 59),
(1, 61, 32, 15),
(1, 61, 33, 26),
(1, 61, 34, 24),
(1, 61, 34, 50),
(1, 61, 35, 13),
(1, 61, 39, 67),
(1, 61, 44, 12),
(1, 61, 47, 57),
(1, 61, 49, 25),
(1, 62, 1, 62),
(1, 62, 2, 45),
(1, 62, 6, 55),
(1, 62, 9, 19),
(1, 62, 16, 11),
(1, 62, 16, 31),
(1, 62, 21, 5),
(1, 62, 22, 37),
(1, 62, 23, 42),
(1, 62, 27, 50),
(1, 62, 32, 15),
(1, 62, 33, 26),
(1, 62, 35, 13),
(1, 62, 37, 22),
(1, 62, 39, 24),
(1, 62, 39, 67),
(1, 62, 43, 59),
(1, 62, 44, 12),
(1, 62, 47, 57),
(1, 62, 48, 8),
(1, 62, 49, 25),
(1, 63, 2, 5),
(1, 63, 2, 45),
(1, 63, 3, 11),
(1, 63, 6, 12),
(1, 63, 6, 55),
(1, 63, 9, 19),
(1, 63, 12, 57),
(1, 63, 16, 31),
(1, 63, 19, 24),
(1, 63, 22, 62),
(1, 63, 23, 37),
(1, 63, 23, 42),
(1, 63, 27, 50),
(1, 63, 32, 15),
(1, 63, 33, 26),
(1, 63, 37, 22),
(1, 63, 39, 67),
(1, 63, 42, 13),
(1, 63, 43, 59),
(1, 63, 48, 8),
(1, 63, 49, 25),
(1, 64, 2, 45),
(1, 64, 3, 11),
(1, 64, 6, 5),
(1, 64, 6, 12),
(1, 64, 6, 55),
(1, 64, 10, 26),
(1, 64, 12, 57),
(1, 64, 16, 31),
(1, 64, 19, 24),
(1, 64, 22, 62),
(1, 64, 23, 37),
(1, 64, 23, 42),
(1, 64, 27, 50),
(1, 64, 37, 22),
(1, 64, 41, 67),
(1, 64, 42, 13),
(1, 64, 43, 59),
(1, 64, 45, 15),
(1, 64, 50, 19),
(1, 65, 2, 45),
(1, 65, 5, 59),
(1, 65, 6, 5),
(1, 65, 10, 26),
(1, 65, 12, 57),
(1, 65, 13, 11),
(1, 65, 17, 31),
(1, 65, 20, 24),
(1, 65, 23, 37),
(1, 65, 23, 55),
(1, 65, 28, 50),
(1, 65, 29, 62),
(1, 65, 31, 12),
(1, 65, 41, 67),
(1, 65, 42, 42),
(1, 65, 43, 13),
(1, 65, 45, 15),
(1, 65, 50, 19),
(1, 66, 5, 45),
(1, 66, 5, 59),
(1, 66, 6, 5),
(1, 66, 6, 67),
(1, 66, 11, 26),
(1, 66, 12, 57),
(1, 66, 13, 11),
(1, 66, 17, 31),
(1, 66, 20, 24),
(1, 66, 29, 62),
(1, 66, 31, 12),
(1, 66, 34, 50),
(1, 66, 42, 42),
(1, 66, 43, 13),
(1, 66, 46, 15),
(1, 66, 47, 37),
(1, 66, 50, 19),
(1, 67, 4, 19),
(1, 67, 5, 45),
(1, 67, 6, 67),
(1, 67, 11, 26),
(1, 67, 13, 11),
(1, 67, 17, 13),
(1, 67, 21, 5),
(1, 67, 24, 24),
(1, 67, 24, 59),
(1, 67, 27, 50),
(1, 67, 29, 62),
(1, 67, 31, 12),
(1, 67, 35, 57),
(1, 67, 36, 31),
(1, 67, 42, 42),
(1, 67, 46, 15),
(1, 67, 47, 37),
(1, 68, 2, 5),
(1, 68, 4, 15),
(1, 68, 5, 45),
(1, 68, 9, 19),
(1, 68, 10, 67),
(1, 68, 11, 26),
(1, 68, 16, 11),
(1, 68, 17, 13),
(1, 68, 20, 42),
(1, 68, 24, 24),
(1, 68, 24, 59),
(1, 68, 27, 50),
(1, 68, 31, 12),
(1, 68, 35, 57),
(1, 68, 36, 31),
(1, 68, 37, 62),
(1, 68, 47, 37),
(1, 69, 4, 15),
(1, 69, 6, 5),
(1, 69, 6, 45),
(1, 69, 9, 19),
(1, 69, 9, 31),
(1, 69, 10, 67),
(1, 69, 16, 11),
(1, 69, 17, 13),
(1, 69, 20, 42),
(1, 69, 22, 37),
(1, 69, 28, 50),
(1, 69, 28, 59),
(1, 69, 33, 26),
(1, 69, 34, 24),
(1, 69, 35, 57),
(1, 69, 37, 62),
(1, 69, 44, 12),
(1, 70, 4, 15),
(1, 70, 6, 5),
(1, 70, 6, 12),
(1, 70, 6, 45),
(1, 70, 9, 31),
(1, 70, 16, 11),
(1, 70, 20, 42),
(1, 70, 23, 37),
(1, 70, 26, 67),
(1, 70, 28, 50),
(1, 70, 28, 59),
(1, 70, 29, 13),
(1, 70, 33, 26),
(1, 70, 34, 24),
(1, 70, 36, 57),
(1, 70, 37, 62),
(1, 70, 50, 19),
(1, 71, 1, 62),
(1, 71, 3, 11),
(1, 71, 6, 5),
(1, 71, 6, 12),
(1, 71, 6, 45),
(1, 71, 9, 31),
(1, 71, 23, 37),
(1, 71, 23, 42),
(1, 71, 28, 50),
(1, 71, 28, 59),
(1, 71, 29, 13),
(1, 71, 31, 15),
(1, 71, 33, 26),
(1, 71, 34, 24),
(1, 71, 36, 57),
(1, 71, 39, 67),
(1, 71, 50, 19),
(1, 72, 1, 62),
(1, 72, 2, 45),
(1, 72, 3, 11),
(1, 72, 4, 19),
(1, 72, 10, 26),
(1, 72, 16, 31),
(1, 72, 21, 5),
(1, 72, 23, 37),
(1, 72, 23, 42),
(1, 72, 29, 13),
(1, 72, 31, 12),
(1, 72, 31, 15),
(1, 72, 34, 50),
(1, 72, 36, 57),
(1, 72, 39, 24),
(1, 72, 39, 67),
(1, 72, 43, 59),
(1, 73, 1, 62),
(1, 73, 2, 45),
(1, 73, 4, 19),
(1, 73, 5, 59),
(1, 73, 10, 26),
(1, 73, 13, 11),
(1, 73, 16, 31),
(1, 73, 21, 5),
(1, 73, 29, 13),
(1, 73, 31, 15),
(1, 73, 34, 50),
(1, 73, 39, 24),
(1, 73, 41, 67),
(1, 73, 42, 42),
(1, 73, 44, 12),
(1, 73, 47, 37),
(1, 73, 47, 57),
(1, 74, 2, 45),
(1, 74, 5, 59),
(1, 74, 6, 12),
(1, 74, 6, 67),
(1, 74, 9, 19),
(1, 74, 10, 26),
(1, 74, 13, 11),
(1, 74, 16, 31),
(1, 74, 21, 5),
(1, 74, 22, 62),
(1, 74, 27, 50),
(1, 74, 32, 15),
(1, 74, 35, 13),
(1, 74, 39, 24),
(1, 74, 42, 42),
(1, 74, 47, 37),
(1, 74, 47, 57),
(1, 75, 2, 5),
(1, 75, 5, 45),
(1, 75, 5, 59),
(1, 75, 6, 12),
(1, 75, 6, 67),
(1, 75, 9, 19),
(1, 75, 11, 26),
(1, 75, 12, 57),
(1, 75, 13, 11),
(1, 75, 17, 31),
(1, 75, 19, 24),
(1, 75, 22, 62),
(1, 75, 27, 50),
(1, 75, 35, 13),
(1, 75, 42, 42),
(1, 75, 45, 15),
(1, 75, 47, 37),
(1, 76, 5, 45),
(1, 76, 5, 59),
(1, 76, 6, 5),
(1, 76, 6, 67),
(1, 76, 11, 26),
(1, 76, 13, 11),
(1, 76, 19, 24),
(1, 76, 20, 42),
(1, 76, 22, 37),
(1, 76, 22, 62),
(1, 76, 27, 50),
(1, 76, 31, 12),
(1, 76, 35, 13),
(1, 76, 35, 57),
(1, 76, 36, 31),
(1, 76, 45, 15),
(1, 76, 50, 19),
(1, 77, 5, 45),
(1, 77, 6, 5),
(1, 77, 6, 67),
(1, 77, 11, 26),
(1, 77, 16, 11),
(1, 77, 20, 24),
(1, 77, 20, 42),
(1, 77, 22, 37),
(1, 77, 22, 62),
(1, 77, 24, 59),
(1, 77, 28, 50),
(1, 77, 31, 12),
(1, 77, 35, 57),
(1, 77, 36, 31),
(1, 77, 42, 13),
(1, 77, 46, 15),
(1, 77, 50, 19),
(1, 78, 3, 11),
(1, 78, 6, 5),
(1, 78, 6, 45),
(1, 78, 10, 67),
(1, 78, 20, 24),
(1, 78, 20, 42),
(1, 78, 23, 37),
(1, 78, 24, 59),
(1, 78, 29, 62),
(1, 78, 33, 26),
(1, 78, 34, 50),
(1, 78, 35, 57),
(1, 78, 36, 31),
(1, 78, 42, 13),
(1, 78, 44, 12),
(1, 78, 46, 15),
(1, 78, 50, 19),
(1, 79, 2, 45),
(1, 79, 3, 11),
(1, 79, 4, 19),
(1, 79, 10, 67),
(1, 79, 20, 24),
(1, 79, 21, 5),
(1, 79, 23, 37),
(1, 79, 23, 42),
(1, 79, 24, 59),
(1, 79, 29, 62),
(1, 79, 33, 26),
(1, 79, 34, 50),
(1, 79, 36, 31),
(1, 79, 36, 57),
(1, 79, 43, 13),
(1, 79, 46, 15),
(1, 80, 2, 45),
(1, 80, 3, 11),
(1, 80, 4, 15),
(1, 80, 4, 19),
(1, 80, 9, 31),
(1, 80, 10, 67),
(1, 80, 17, 13),
(1, 80, 21, 5),
(1, 80, 23, 37),
(1, 80, 23, 42),
(1, 80, 24, 24),
(1, 80, 28, 59),
(1, 80, 29, 62),
(1, 80, 33, 26),
(1, 80, 34, 50),
(1, 80, 36, 57),
(1, 81, 3, 11),
(1, 81, 4, 15),
(1, 81, 4, 19),
(1, 81, 5, 45),
(1, 81, 9, 31),
(1, 81, 10, 26),
(1, 81, 17, 13),
(1, 81, 21, 5),
(1, 81, 23, 37),
(1, 81, 23, 42),
(1, 81, 24, 24),
(1, 81, 26, 67),
(1, 81, 27, 50),
(1, 81, 29, 62),
(1, 81, 43, 59),
(1, 81, 47, 57),
(1, 82, 2, 5),
(1, 82, 4, 15),
(1, 82, 5, 45),
(1, 82, 9, 19),
(1, 82, 10, 26),
(1, 82, 13, 11),
(1, 82, 16, 31),
(1, 82, 23, 42),
(1, 82, 24, 24),
(1, 82, 26, 67),
(1, 82, 27, 50),
(1, 82, 29, 13),
(1, 82, 37, 62),
(1, 82, 43, 59),
(1, 82, 47, 37),
(1, 82, 47, 57),
(1, 83, 6, 5),
(1, 83, 6, 45),
(1, 83, 9, 19),
(1, 83, 10, 26),
(1, 83, 13, 11),
(1, 83, 16, 31),
(1, 83, 26, 67),
(1, 83, 27, 50),
(1, 83, 29, 13),
(1, 83, 31, 15),
(1, 83, 34, 24),
(1, 83, 37, 62),
(1, 83, 42, 42),
(1, 83, 43, 59),
(1, 83, 47, 37),
(1, 83, 47, 57),
(1, 84, 5, 59),
(1, 84, 6, 45),
(1, 84, 11, 26),
(1, 84, 12, 57),
(1, 84, 13, 11),
(1, 84, 16, 31),
(1, 84, 21, 5),
(1, 84, 27, 50),
(1, 84, 31, 15),
(1, 84, 35, 13),
(1, 84, 37, 62),
(1, 84, 39, 24),
(1, 84, 39, 67),
(1, 84, 42, 42),
(1, 84, 47, 37),
(1, 84, 50, 19),
(1, 85, 5, 59),
(1, 85, 6, 45),
(1, 85, 11, 26),
(1, 85, 16, 11),
(1, 85, 16, 31),
(1, 85, 20, 42),
(1, 85, 21, 5),
(1, 85, 28, 50),
(1, 85, 31, 15),
(1, 85, 35, 13),
(1, 85, 35, 57),
(1, 85, 37, 62),
(1, 85, 39, 24),
(1, 85, 39, 67),
(1, 85, 47, 37),
(1, 85, 50, 19),
(1, 86, 1, 62),
(1, 86, 2, 45),
(1, 86, 5, 59),
(1, 86, 11, 26),
(1, 86, 16, 11),
(1, 86, 17, 31),
(1, 86, 19, 24),
(1, 86, 20, 42),
(1, 86, 21, 5),
(1, 86, 22, 37),
(1, 86, 28, 50),
(1, 86, 32, 15),
(1, 86, 35, 13),
(1, 86, 35, 57),
(1, 86, 41, 67),
(1, 87, 1, 62),
(1, 87, 2, 45),
(1, 87, 3, 11),
(1, 87, 11, 26),
(1, 87, 17, 31),
(1, 87, 19, 24),
(1, 87, 22, 37),
(1, 87, 23, 42),
(1, 87, 24, 59),
(1, 87, 32, 15),
(1, 87, 34, 50),
(1, 87, 36, 57),
(1, 87, 41, 67),
(1, 87, 42, 13),
(1, 88, 1, 62),
(1, 88, 2, 45),
(1, 88, 3, 11),
(1, 88, 17, 31),
(1, 88, 19, 24),
(1, 88, 23, 37),
(1, 88, 23, 42),
(1, 88, 24, 59),
(1, 88, 33, 26),
(1, 88, 34, 50),
(1, 88, 36, 57),
(1, 88, 41, 67),
(1, 88, 42, 13),
(1, 88, 45, 15),
(1, 89, 1, 62),
(1, 89, 3, 11),
(1, 89, 5, 45),
(1, 89, 6, 67),
(1, 89, 19, 24),
(1, 89, 23, 37),
(1, 89, 23, 42),
(1, 89, 27, 50),
(1, 89, 28, 59),
(1, 89, 33, 26),
(1, 89, 36, 31),
(1, 89, 42, 13),
(1, 89, 45, 15),
(1, 89, 47, 57),
(1, 90, 5, 45),
(1, 90, 6, 67),
(1, 90, 10, 26),
(1, 90, 13, 11),
(1, 90, 20, 24),
(1, 90, 22, 62),
(1, 90, 27, 50),
(1, 90, 28, 59),
(1, 90, 36, 31),
(1, 90, 42, 42),
(1, 90, 43, 13),
(1, 90, 45, 15),
(1, 90, 47, 37),
(1, 90, 47, 57),
(1, 91, 5, 45),
(1, 91, 6, 67),
(1, 91, 9, 31),
(1, 91, 10, 26),
(1, 91, 13, 11),
(1, 91, 20, 24),
(1, 91, 22, 62),
(1, 91, 28, 50),
(1, 91, 42, 42),
(1, 91, 43, 13),
(1, 91, 43, 59),
(1, 91, 46, 15),
(1, 91, 47, 37),
(1, 91, 47, 57),
(1, 92, 6, 45),
(1, 92, 9, 31),
(1, 92, 10, 26),
(1, 92, 10, 67),
(1, 92, 12, 57),
(1, 92, 16, 11),
(1, 92, 17, 13),
(1, 92, 20, 24),
(1, 92, 22, 62),
(1, 92, 34, 50),
(1, 92, 42, 42),
(1, 92, 43, 59),
(1, 92, 46, 15),
(1, 93, 6, 45),
(1, 93, 10, 26),
(1, 93, 10, 67),
(1, 93, 16, 11),
(1, 93, 16, 31),
(1, 93, 17, 13),
(1, 93, 24, 24),
(1, 93, 29, 62),
(1, 93, 35, 57),
(1, 93, 43, 59),
(1, 93, 46, 15),
(1, 94, 4, 15),
(1, 94, 5, 59),
(1, 94, 11, 26),
(1, 94, 16, 11),
(1, 94, 16, 31),
(1, 94, 24, 24),
(1, 94, 26, 67),
(1, 94, 29, 13),
(1, 94, 29, 62),
(1, 94, 35, 57),
(1, 95, 4, 15),
(1, 95, 5, 59),
(1, 95, 16, 31),
(1, 95, 29, 13),
(1, 95, 29, 62),
(1, 95, 33, 26),
(1, 95, 34, 24),
(1, 95, 36, 57),
(1, 95, 39, 67),
(1, 96, 4, 15),
(1, 96, 17, 31),
(1, 96, 24, 59),
(1, 96, 29, 62),
(1, 96, 33, 26),
(1, 96, 34, 24),
(1, 96, 35, 13),
(1, 96, 36, 57),
(1, 96, 39, 67),
(1, 97, 17, 31),
(1, 97, 24, 59),
(1, 97, 31, 15),
(1, 97, 33, 26),
(1, 97, 34, 24),
(1, 97, 35, 13),
(1, 97, 36, 57),
(1, 97, 37, 62),
(1, 97, 41, 67),
(1, 98, 17, 31),
(1, 98, 24, 59),
(1, 98, 31, 15),
(1, 98, 34, 24),
(1, 98, 35, 13),
(1, 98, 36, 57),
(1, 98, 37, 62),
(1, 98, 41, 67),
(1, 99, 1, 62),
(1, 99, 28, 59),
(1, 99, 32, 15),
(1, 99, 35, 13),
(1, 99, 36, 31),
(1, 99, 39, 24),
(1, 99, 41, 67),
(1, 99, 47, 57),
(1, 100, 1, 62),
(1, 100, 6, 67),
(1, 100, 32, 15),
(1, 100, 36, 31),
(1, 100, 39, 24),
(1, 100, 42, 13),
(1, 100, 43, 59),
(1, 100, 47, 57),
(1, 101, 6, 67),
(1, 101, 9, 31),
(1, 101, 22, 62),
(1, 101, 32, 15),
(1, 101, 39, 24),
(1, 101, 42, 13),
(1, 101, 43, 59),
(1, 101, 47, 57),
(1, 102, 9, 31),
(1, 102, 10, 67),
(1, 102, 12, 57),
(1, 102, 19, 24),
(1, 102, 22, 62),
(1, 102, 32, 15),
(1, 102, 43, 13),
(1, 102, 43, 59),
(1, 103, 5, 59),
(1, 103, 9, 31),
(1, 103, 10, 67),
(1, 103, 12, 57),
(1, 103, 20, 24),
(1, 103, 22, 62),
(1, 103, 43, 13),
(1, 103, 45, 15),
(1, 104, 10, 67),
(1, 104, 12, 57),
(1, 104, 16, 31),
(1, 104, 17, 13),
(1, 104, 24, 24),
(1, 104, 24, 59),
(1, 104, 29, 62),
(1, 104, 45, 15),
(1, 105, 10, 67),
(1, 105, 12, 57),
(1, 105, 16, 31),
(1, 105, 17, 13),
(1, 105, 24, 24),
(1, 105, 28, 59),
(1, 105, 29, 62),
(1, 105, 46, 15),
(1, 106, 16, 31),
(1, 106, 17, 13),
(1, 106, 24, 24),
(1, 106, 26, 67),
(1, 106, 35, 57),
(1, 106, 37, 62),
(1, 106, 43, 59),
(1, 106, 46, 15),
(1, 107, 4, 15),
(1, 107, 17, 13),
(1, 107, 17, 31),
(1, 107, 26, 67),
(1, 107, 34, 24),
(1, 107, 35, 57),
(1, 107, 37, 62),
(1, 107, 43, 59),
(1, 108, 1, 62),
(1, 108, 4, 15),
(1, 108, 17, 31),
(1, 108, 26, 67),
(1, 108, 29, 13),
(1, 108, 34, 24),
(1, 108, 35, 57),
(1, 108, 43, 59),
(1, 109, 17, 31),
(1, 109, 22, 62),
(1, 109, 26, 67);
INSERT INTO `LANCER` (`idL`, `numT`, `idP`, `idJ`) VALUES
(1, 109, 29, 13),
(1, 109, 31, 15),
(1, 109, 34, 24),
(1, 109, 36, 57),
(1, 109, 43, 59),
(1, 110, 22, 62),
(1, 110, 31, 15),
(1, 110, 35, 13),
(1, 110, 36, 31),
(1, 110, 36, 57),
(1, 110, 39, 24),
(1, 110, 39, 67),
(1, 111, 29, 62),
(1, 111, 31, 15),
(1, 111, 36, 31),
(1, 111, 36, 57),
(1, 111, 39, 24),
(1, 111, 39, 67),
(1, 111, 42, 13),
(1, 112, 9, 31),
(1, 112, 19, 24),
(1, 112, 29, 62),
(1, 112, 32, 15),
(1, 112, 41, 67),
(1, 112, 42, 13),
(1, 112, 47, 57),
(1, 113, 9, 31),
(1, 113, 20, 24),
(1, 113, 32, 15),
(1, 113, 37, 62),
(1, 113, 41, 67),
(1, 113, 43, 13),
(1, 113, 47, 57),
(1, 114, 9, 31),
(1, 114, 20, 24),
(1, 114, 37, 62),
(1, 114, 41, 67),
(1, 114, 43, 13),
(1, 114, 45, 15),
(1, 114, 47, 57),
(1, 115, 12, 57),
(1, 115, 16, 31),
(1, 115, 20, 24),
(1, 115, 37, 62),
(1, 115, 41, 67),
(1, 115, 43, 13),
(1, 115, 45, 15),
(1, 116, 6, 67),
(1, 116, 12, 57),
(1, 116, 16, 31),
(1, 116, 17, 13),
(1, 116, 24, 24),
(1, 116, 37, 62),
(1, 116, 45, 15),
(1, 117, 1, 62),
(1, 117, 6, 67),
(1, 117, 12, 57),
(1, 117, 16, 31),
(1, 117, 17, 13),
(1, 117, 24, 24),
(1, 117, 46, 15),
(1, 118, 6, 67),
(1, 118, 12, 57),
(1, 118, 17, 13),
(1, 118, 17, 31),
(1, 118, 22, 62),
(1, 118, 34, 24),
(1, 118, 46, 15),
(1, 119, 10, 67),
(1, 119, 17, 31),
(1, 119, 22, 62),
(1, 119, 29, 13),
(1, 119, 34, 24),
(1, 119, 35, 57),
(1, 119, 46, 15),
(1, 120, 10, 67),
(1, 120, 17, 31),
(1, 120, 22, 62),
(1, 120, 35, 13),
(1, 120, 35, 57),
(1, 120, 39, 24),
(1, 120, 46, 15),
(1, 121, 4, 15),
(1, 121, 22, 62),
(1, 121, 26, 67),
(1, 121, 35, 13),
(1, 121, 35, 57),
(1, 121, 36, 31),
(1, 121, 39, 24),
(1, 122, 4, 15),
(1, 122, 26, 67),
(1, 122, 29, 62),
(1, 122, 35, 13),
(1, 122, 36, 57),
(1, 122, 39, 24),
(1, 123, 4, 15),
(1, 123, 19, 24),
(1, 123, 26, 67),
(1, 123, 29, 62),
(1, 123, 36, 57),
(1, 123, 42, 13),
(1, 124, 19, 24),
(1, 124, 26, 67),
(1, 124, 29, 62),
(1, 124, 31, 15),
(1, 124, 36, 57),
(1, 124, 43, 13),
(1, 125, 19, 24),
(1, 125, 29, 62),
(1, 125, 31, 15),
(1, 125, 39, 67),
(1, 125, 43, 13),
(1, 125, 47, 57),
(1, 126, 20, 24),
(1, 126, 32, 15),
(1, 126, 37, 62),
(1, 126, 41, 67),
(1, 126, 43, 13),
(1, 126, 47, 57),
(1, 127, 6, 67),
(1, 127, 17, 13),
(1, 127, 20, 24),
(1, 127, 32, 15),
(1, 127, 37, 62),
(1, 128, 6, 67),
(1, 128, 17, 13),
(1, 128, 24, 24),
(1, 128, 37, 62),
(1, 128, 45, 15),
(1, 129, 6, 67),
(1, 129, 24, 24),
(1, 129, 29, 13),
(1, 129, 45, 15),
(1, 130, 10, 67),
(1, 130, 29, 13),
(1, 130, 34, 24),
(1, 130, 45, 15),
(1, 131, 10, 67),
(1, 131, 34, 24),
(1, 131, 35, 13),
(1, 131, 45, 15),
(1, 132, 10, 67),
(1, 132, 35, 13),
(1, 132, 39, 24),
(1, 132, 46, 15),
(1, 133, 10, 67),
(1, 133, 19, 24),
(1, 133, 35, 13),
(1, 133, 46, 15),
(1, 134, 4, 15),
(1, 134, 19, 24),
(1, 134, 26, 67),
(1, 134, 35, 13),
(1, 135, 4, 15),
(1, 135, 19, 24),
(1, 135, 26, 67),
(1, 135, 42, 13),
(1, 136, 20, 24),
(1, 136, 26, 67),
(1, 136, 31, 15),
(1, 136, 42, 13),
(1, 137, 20, 24),
(1, 137, 26, 67),
(1, 137, 32, 15),
(1, 137, 43, 13),
(1, 138, 24, 24),
(1, 138, 32, 15),
(1, 138, 39, 67),
(1, 138, 43, 13),
(1, 139, 24, 24),
(1, 139, 32, 15),
(1, 139, 39, 67),
(1, 139, 43, 13),
(1, 140, 24, 24),
(1, 140, 39, 67),
(1, 140, 43, 13),
(1, 140, 45, 15),
(1, 141, 34, 24),
(1, 141, 39, 67),
(1, 141, 45, 15),
(1, 142, 34, 24),
(1, 142, 41, 67),
(1, 142, 46, 15),
(1, 143, 39, 24),
(1, 143, 41, 67),
(1, 143, 46, 15),
(1, 144, 39, 24),
(1, 144, 41, 67),
(1, 145, 6, 67),
(1, 145, 39, 24),
(1, 146, 10, 67),
(1, 147, 10, 67),
(1, 148, 26, 67),
(1, 149, 39, 67),
(1, 150, 39, 67),
(1, 151, 41, 67),
(2, 1, 1, 61),
(2, 1, 1, 62),
(2, 1, 1, 63),
(2, 1, 2, 5),
(2, 1, 2, 36),
(2, 1, 2, 45),
(2, 1, 3, 7),
(2, 1, 3, 11),
(2, 1, 3, 66),
(2, 1, 4, 3),
(2, 1, 4, 15),
(2, 1, 4, 19),
(2, 1, 4, 49),
(2, 1, 5, 59),
(2, 1, 6, 12),
(2, 1, 6, 17),
(2, 1, 6, 38),
(2, 1, 6, 55),
(2, 1, 6, 67),
(2, 1, 6, 68),
(2, 1, 7, 30),
(2, 1, 7, 47),
(2, 1, 7, 58),
(2, 1, 8, 23),
(2, 1, 8, 52),
(2, 1, 9, 31),
(2, 1, 10, 26),
(2, 1, 10, 44),
(2, 1, 11, 29),
(2, 1, 12, 20),
(2, 1, 12, 51),
(2, 1, 12, 57),
(2, 1, 13, 43),
(2, 1, 15, 32),
(2, 1, 15, 34),
(2, 1, 16, 22),
(2, 1, 17, 13),
(2, 1, 17, 35),
(2, 1, 18, 48),
(2, 1, 19, 8),
(2, 1, 19, 24),
(2, 1, 20, 42),
(2, 1, 20, 46),
(2, 1, 21, 1),
(2, 1, 22, 37),
(2, 1, 25, 21),
(2, 1, 27, 10),
(2, 1, 27, 50),
(2, 1, 30, 2),
(2, 1, 30, 60),
(2, 1, 32, 6),
(2, 1, 33, 56),
(2, 1, 38, 4),
(2, 1, 45, 64),
(2, 1, 46, 25),
(2, 1, 48, 9),
(2, 1, 49, 54),
(2, 1, 50, 16),
(2, 1, 50, 18),
(2, 2, 1, 61),
(2, 2, 1, 62),
(2, 2, 1, 63),
(2, 2, 2, 5),
(2, 2, 2, 36),
(2, 2, 2, 45),
(2, 2, 3, 7),
(2, 2, 3, 11),
(2, 2, 3, 66),
(2, 2, 4, 3),
(2, 2, 4, 15),
(2, 2, 4, 19),
(2, 2, 4, 49),
(2, 2, 5, 59),
(2, 2, 6, 17),
(2, 2, 6, 38),
(2, 2, 6, 55),
(2, 2, 6, 67),
(2, 2, 6, 68),
(2, 2, 7, 30),
(2, 2, 7, 47),
(2, 2, 7, 58),
(2, 2, 8, 23),
(2, 2, 8, 52),
(2, 2, 9, 31),
(2, 2, 10, 26),
(2, 2, 10, 44),
(2, 2, 11, 29),
(2, 2, 12, 20),
(2, 2, 12, 51),
(2, 2, 12, 57),
(2, 2, 13, 43),
(2, 2, 15, 32),
(2, 2, 15, 34),
(2, 2, 16, 22),
(2, 2, 17, 13),
(2, 2, 17, 35),
(2, 2, 18, 48),
(2, 2, 19, 8),
(2, 2, 19, 24),
(2, 2, 20, 46),
(2, 2, 21, 1),
(2, 2, 22, 37),
(2, 2, 23, 42),
(2, 2, 25, 21),
(2, 2, 27, 10),
(2, 2, 27, 50),
(2, 2, 30, 2),
(2, 2, 30, 60),
(2, 2, 31, 12),
(2, 2, 32, 6),
(2, 2, 33, 56),
(2, 2, 38, 4),
(2, 2, 45, 64),
(2, 2, 46, 25),
(2, 2, 48, 9),
(2, 2, 49, 54),
(2, 2, 50, 16),
(2, 2, 50, 18),
(2, 3, 1, 61),
(2, 3, 1, 62),
(2, 3, 1, 63),
(2, 3, 2, 36),
(2, 3, 2, 45),
(2, 3, 3, 7),
(2, 3, 3, 66),
(2, 3, 4, 3),
(2, 3, 4, 15),
(2, 3, 4, 49),
(2, 3, 5, 59),
(2, 3, 6, 5),
(2, 3, 6, 17),
(2, 3, 6, 38),
(2, 3, 6, 55),
(2, 3, 6, 68),
(2, 3, 7, 30),
(2, 3, 7, 47),
(2, 3, 8, 23),
(2, 3, 8, 52),
(2, 3, 9, 19),
(2, 3, 10, 26),
(2, 3, 10, 44),
(2, 3, 10, 67),
(2, 3, 11, 29),
(2, 3, 12, 20),
(2, 3, 12, 51),
(2, 3, 13, 11),
(2, 3, 13, 43),
(2, 3, 15, 32),
(2, 3, 15, 34),
(2, 3, 16, 22),
(2, 3, 16, 31),
(2, 3, 17, 13),
(2, 3, 17, 35),
(2, 3, 18, 48),
(2, 3, 19, 24),
(2, 3, 20, 46),
(2, 3, 21, 1),
(2, 3, 22, 37),
(2, 3, 23, 42),
(2, 3, 25, 21),
(2, 3, 27, 10),
(2, 3, 27, 50),
(2, 3, 30, 2),
(2, 3, 30, 60),
(2, 3, 33, 56),
(2, 3, 35, 57),
(2, 3, 38, 4),
(2, 3, 38, 6),
(2, 3, 41, 58),
(2, 3, 44, 12),
(2, 3, 45, 64),
(2, 3, 48, 8),
(2, 3, 48, 9),
(2, 3, 49, 25),
(2, 3, 49, 54),
(2, 3, 50, 16),
(2, 3, 50, 18),
(2, 4, 1, 61),
(2, 4, 1, 63),
(2, 4, 3, 66),
(2, 4, 4, 3),
(2, 4, 4, 49),
(2, 4, 5, 45),
(2, 4, 5, 59),
(2, 4, 6, 5),
(2, 4, 6, 17),
(2, 4, 6, 38),
(2, 4, 6, 68),
(2, 4, 7, 30),
(2, 4, 8, 23),
(2, 4, 8, 52),
(2, 4, 10, 44),
(2, 4, 10, 67),
(2, 4, 11, 26),
(2, 4, 11, 29),
(2, 4, 12, 20),
(2, 4, 13, 11),
(2, 4, 13, 43),
(2, 4, 14, 7),
(2, 4, 14, 36),
(2, 4, 15, 32),
(2, 4, 15, 34),
(2, 4, 16, 31),
(2, 4, 17, 35),
(2, 4, 18, 48),
(2, 4, 18, 51),
(2, 4, 20, 24),
(2, 4, 22, 62),
(2, 4, 23, 37),
(2, 4, 23, 42),
(2, 4, 23, 55),
(2, 4, 25, 21),
(2, 4, 25, 47),
(2, 4, 26, 1),
(2, 4, 27, 10),
(2, 4, 27, 50),
(2, 4, 29, 13),
(2, 4, 30, 2),
(2, 4, 30, 60),
(2, 4, 31, 15),
(2, 4, 33, 56),
(2, 4, 35, 57),
(2, 4, 37, 22),
(2, 4, 38, 4),
(2, 4, 38, 6),
(2, 4, 40, 46),
(2, 4, 41, 58),
(2, 4, 44, 12),
(2, 4, 45, 64),
(2, 4, 48, 8),
(2, 4, 48, 9),
(2, 4, 49, 25),
(2, 4, 49, 54),
(2, 4, 50, 16),
(2, 4, 50, 18),
(2, 4, 50, 19),
(2, 5, 1, 61),
(2, 5, 1, 63),
(2, 5, 4, 3),
(2, 5, 4, 49),
(2, 5, 5, 45),
(2, 5, 6, 5),
(2, 5, 6, 17),
(2, 5, 6, 38),
(2, 5, 6, 68),
(2, 5, 7, 30),
(2, 5, 8, 52),
(2, 5, 10, 44),
(2, 5, 10, 67),
(2, 5, 11, 29),
(2, 5, 12, 20),
(2, 5, 13, 11),
(2, 5, 13, 43),
(2, 5, 14, 7),
(2, 5, 14, 36),
(2, 5, 15, 32),
(2, 5, 15, 34),
(2, 5, 16, 31),
(2, 5, 17, 35),
(2, 5, 18, 48),
(2, 5, 18, 51),
(2, 5, 20, 24),
(2, 5, 21, 1),
(2, 5, 22, 62),
(2, 5, 23, 37),
(2, 5, 23, 42),
(2, 5, 23, 55),
(2, 5, 24, 59),
(2, 5, 25, 21),
(2, 5, 25, 47),
(2, 5, 27, 10),
(2, 5, 28, 50),
(2, 5, 30, 2),
(2, 5, 30, 60),
(2, 5, 32, 15),
(2, 5, 33, 26),
(2, 5, 33, 56),
(2, 5, 34, 66),
(2, 5, 35, 13),
(2, 5, 35, 57),
(2, 5, 37, 22),
(2, 5, 38, 4),
(2, 5, 38, 6),
(2, 5, 40, 23),
(2, 5, 40, 46),
(2, 5, 41, 58),
(2, 5, 44, 12),
(2, 5, 45, 64),
(2, 5, 48, 8),
(2, 5, 48, 9),
(2, 5, 49, 25),
(2, 5, 49, 54),
(2, 5, 50, 16),
(2, 5, 50, 18),
(2, 5, 50, 19),
(2, 6, 1, 61),
(2, 6, 1, 63),
(2, 6, 4, 3),
(2, 6, 4, 19),
(2, 6, 4, 49),
(2, 6, 5, 45),
(2, 6, 6, 12),
(2, 6, 6, 17),
(2, 6, 6, 38),
(2, 6, 6, 55),
(2, 6, 6, 68),
(2, 6, 7, 30),
(2, 6, 7, 47),
(2, 6, 7, 58),
(2, 6, 8, 52),
(2, 6, 10, 44),
(2, 6, 11, 29),
(2, 6, 12, 20),
(2, 6, 12, 51),
(2, 6, 13, 43),
(2, 6, 14, 7),
(2, 6, 14, 36),
(2, 6, 15, 32),
(2, 6, 15, 34),
(2, 6, 16, 11),
(2, 6, 16, 22),
(2, 6, 16, 31),
(2, 6, 17, 35),
(2, 6, 18, 48),
(2, 6, 20, 46),
(2, 6, 21, 1),
(2, 6, 21, 5),
(2, 6, 23, 37),
(2, 6, 24, 24),
(2, 6, 25, 21),
(2, 6, 26, 67),
(2, 6, 27, 10),
(2, 6, 28, 50),
(2, 6, 28, 59),
(2, 6, 29, 62),
(2, 6, 30, 2),
(2, 6, 30, 60),
(2, 6, 32, 6),
(2, 6, 32, 15),
(2, 6, 33, 26),
(2, 6, 33, 56),
(2, 6, 34, 66),
(2, 6, 35, 13),
(2, 6, 36, 57),
(2, 6, 38, 4),
(2, 6, 40, 23),
(2, 6, 42, 42),
(2, 6, 45, 64),
(2, 6, 46, 25),
(2, 6, 48, 8),
(2, 6, 48, 9),
(2, 6, 49, 54),
(2, 6, 50, 16),
(2, 6, 50, 18),
(2, 7, 1, 61),
(2, 7, 1, 63),
(2, 7, 2, 36),
(2, 7, 3, 7),
(2, 7, 4, 3),
(2, 7, 4, 49),
(2, 7, 5, 45),
(2, 7, 6, 12),
(2, 7, 6, 17),
(2, 7, 6, 38),
(2, 7, 6, 55),
(2, 7, 6, 68),
(2, 7, 7, 30),
(2, 7, 7, 47),
(2, 7, 7, 58),
(2, 7, 8, 23),
(2, 7, 8, 52),
(2, 7, 9, 19),
(2, 7, 10, 26),
(2, 7, 10, 44),
(2, 7, 11, 29),
(2, 7, 12, 20),
(2, 7, 12, 51),
(2, 7, 13, 43),
(2, 7, 15, 32),
(2, 7, 15, 34),
(2, 7, 16, 11),
(2, 7, 16, 22),
(2, 7, 17, 31),
(2, 7, 17, 35),
(2, 7, 18, 48),
(2, 7, 19, 8),
(2, 7, 21, 5),
(2, 7, 24, 24),
(2, 7, 25, 21),
(2, 7, 26, 1),
(2, 7, 26, 67),
(2, 7, 27, 10),
(2, 7, 28, 50),
(2, 7, 28, 59),
(2, 7, 29, 62),
(2, 7, 30, 2),
(2, 7, 30, 60),
(2, 7, 32, 6),
(2, 7, 32, 15),
(2, 7, 33, 56),
(2, 7, 34, 66),
(2, 7, 36, 57),
(2, 7, 38, 4),
(2, 7, 40, 46),
(2, 7, 42, 13),
(2, 7, 42, 42),
(2, 7, 45, 64),
(2, 7, 46, 25),
(2, 7, 47, 37),
(2, 7, 48, 9),
(2, 7, 49, 54),
(2, 7, 50, 16),
(2, 7, 50, 18),
(2, 8, 1, 61),
(2, 8, 1, 63),
(2, 8, 2, 5),
(2, 8, 2, 36),
(2, 8, 3, 7),
(2, 8, 3, 66),
(2, 8, 4, 3),
(2, 8, 4, 49),
(2, 8, 6, 12),
(2, 8, 6, 17),
(2, 8, 6, 38),
(2, 8, 6, 45),
(2, 8, 6, 55),
(2, 8, 6, 68),
(2, 8, 7, 30),
(2, 8, 7, 47),
(2, 8, 8, 23),
(2, 8, 8, 52),
(2, 8, 9, 19),
(2, 8, 10, 26),
(2, 8, 10, 44),
(2, 8, 11, 29),
(2, 8, 12, 20),
(2, 8, 12, 51),
(2, 8, 13, 43),
(2, 8, 15, 32),
(2, 8, 15, 34),
(2, 8, 16, 11),
(2, 8, 17, 35),
(2, 8, 18, 48),
(2, 8, 19, 8),
(2, 8, 24, 24),
(2, 8, 25, 21),
(2, 8, 26, 1),
(2, 8, 26, 67),
(2, 8, 27, 10),
(2, 8, 28, 50),
(2, 8, 30, 2),
(2, 8, 30, 60),
(2, 8, 32, 15),
(2, 8, 33, 56),
(2, 8, 36, 31),
(2, 8, 36, 57),
(2, 8, 37, 22),
(2, 8, 37, 62),
(2, 8, 38, 4),
(2, 8, 38, 6),
(2, 8, 40, 46),
(2, 8, 41, 58),
(2, 8, 42, 13),
(2, 8, 42, 42),
(2, 8, 43, 59),
(2, 8, 45, 64),
(2, 8, 46, 25),
(2, 8, 47, 37),
(2, 8, 48, 9),
(2, 8, 49, 54),
(2, 8, 50, 16),
(2, 8, 50, 18),
(2, 9, 1, 61),
(2, 9, 1, 63),
(2, 9, 2, 5),
(2, 9, 2, 36),
(2, 9, 3, 11),
(2, 9, 4, 3),
(2, 9, 4, 49),
(2, 9, 6, 17),
(2, 9, 6, 38),
(2, 9, 6, 45),
(2, 9, 6, 68),
(2, 9, 7, 30),
(2, 9, 7, 47),
(2, 9, 8, 23),
(2, 9, 8, 52),
(2, 9, 10, 44),
(2, 9, 11, 26),
(2, 9, 11, 29),
(2, 9, 12, 20),
(2, 9, 13, 43),
(2, 9, 14, 7),
(2, 9, 15, 32),
(2, 9, 15, 34),
(2, 9, 17, 35),
(2, 9, 18, 48),
(2, 9, 18, 51),
(2, 9, 19, 8),
(2, 9, 20, 42),
(2, 9, 21, 1),
(2, 9, 23, 55),
(2, 9, 25, 21),
(2, 9, 26, 67),
(2, 9, 27, 10),
(2, 9, 30, 2),
(2, 9, 30, 60),
(2, 9, 31, 12),
(2, 9, 32, 6),
(2, 9, 33, 56),
(2, 9, 34, 24),
(2, 9, 34, 50),
(2, 9, 34, 66),
(2, 9, 36, 31),
(2, 9, 36, 57),
(2, 9, 37, 22),
(2, 9, 37, 62),
(2, 9, 38, 4),
(2, 9, 40, 46),
(2, 9, 41, 58),
(2, 9, 43, 13),
(2, 9, 43, 59),
(2, 9, 45, 15),
(2, 9, 45, 64),
(2, 9, 46, 25),
(2, 9, 47, 37),
(2, 9, 48, 9),
(2, 9, 49, 54),
(2, 9, 50, 16),
(2, 9, 50, 18),
(2, 9, 50, 19),
(2, 10, 1, 61),
(2, 10, 1, 63),
(2, 10, 2, 5),
(2, 10, 2, 45),
(2, 10, 3, 11),
(2, 10, 3, 66),
(2, 10, 4, 3),
(2, 10, 4, 49),
(2, 10, 6, 17),
(2, 10, 6, 38),
(2, 10, 6, 68),
(2, 10, 7, 30),
(2, 10, 8, 52),
(2, 10, 9, 31),
(2, 10, 10, 44),
(2, 10, 11, 26),
(2, 10, 11, 29),
(2, 10, 12, 20),
(2, 10, 13, 43),
(2, 10, 14, 7),
(2, 10, 14, 36),
(2, 10, 15, 32),
(2, 10, 15, 34),
(2, 10, 16, 22),
(2, 10, 17, 35),
(2, 10, 18, 48),
(2, 10, 18, 51),
(2, 10, 20, 42),
(2, 10, 20, 46),
(2, 10, 21, 1),
(2, 10, 23, 55),
(2, 10, 25, 21),
(2, 10, 25, 47),
(2, 10, 27, 10),
(2, 10, 30, 2),
(2, 10, 30, 60),
(2, 10, 31, 12),
(2, 10, 33, 56),
(2, 10, 34, 24),
(2, 10, 34, 50),
(2, 10, 37, 62),
(2, 10, 38, 4),
(2, 10, 38, 6),
(2, 10, 39, 67),
(2, 10, 40, 23),
(2, 10, 41, 58),
(2, 10, 43, 13),
(2, 10, 43, 59),
(2, 10, 45, 15),
(2, 10, 45, 64),
(2, 10, 47, 37),
(2, 10, 47, 57),
(2, 10, 48, 8),
(2, 10, 48, 9),
(2, 10, 49, 25),
(2, 10, 49, 54),
(2, 10, 50, 16),
(2, 10, 50, 18),
(2, 10, 50, 19),
(2, 11, 1, 61),
(2, 11, 1, 62),
(2, 11, 1, 63),
(2, 11, 2, 45),
(2, 11, 4, 3),
(2, 11, 4, 49),
(2, 11, 5, 59),
(2, 11, 6, 5),
(2, 11, 6, 17),
(2, 11, 6, 38),
(2, 11, 6, 68),
(2, 11, 7, 30),
(2, 11, 7, 58),
(2, 11, 8, 52),
(2, 11, 9, 31),
(2, 11, 10, 44),
(2, 11, 11, 26),
(2, 11, 11, 29),
(2, 11, 12, 20),
(2, 11, 13, 11),
(2, 11, 13, 43),
(2, 11, 14, 7),
(2, 11, 14, 36),
(2, 11, 15, 32),
(2, 11, 15, 34),
(2, 11, 16, 22),
(2, 11, 17, 13),
(2, 11, 17, 35),
(2, 11, 18, 48),
(2, 11, 18, 51),
(2, 11, 20, 42),
(2, 11, 20, 46),
(2, 11, 22, 37),
(2, 11, 23, 55),
(2, 11, 25, 21),
(2, 11, 25, 47),
(2, 11, 26, 1),
(2, 11, 27, 10),
(2, 11, 27, 50),
(2, 11, 30, 2),
(2, 11, 30, 60),
(2, 11, 32, 6),
(2, 11, 33, 56),
(2, 11, 34, 24),
(2, 11, 34, 66),
(2, 11, 38, 4),
(2, 11, 39, 67),
(2, 11, 40, 23),
(2, 11, 44, 12),
(2, 11, 45, 15),
(2, 11, 45, 64),
(2, 11, 46, 25),
(2, 11, 47, 57),
(2, 11, 48, 8),
(2, 11, 48, 9),
(2, 11, 49, 54),
(2, 11, 50, 16),
(2, 11, 50, 18),
(2, 11, 50, 19),
(2, 12, 1, 61),
(2, 12, 1, 63),
(2, 12, 2, 45),
(2, 12, 3, 7),
(2, 12, 4, 3),
(2, 12, 4, 19),
(2, 12, 4, 49),
(2, 12, 6, 5),
(2, 12, 6, 17),
(2, 12, 6, 38),
(2, 12, 6, 68),
(2, 12, 7, 30),
(2, 12, 7, 47),
(2, 12, 8, 52),
(2, 12, 9, 31),
(2, 12, 10, 44),
(2, 12, 11, 26),
(2, 12, 11, 29),
(2, 12, 12, 20),
(2, 12, 12, 51),
(2, 12, 13, 11),
(2, 12, 13, 43),
(2, 12, 14, 36),
(2, 12, 15, 32),
(2, 12, 15, 34),
(2, 12, 16, 22),
(2, 12, 17, 13),
(2, 12, 17, 35),
(2, 12, 18, 48),
(2, 12, 19, 8),
(2, 12, 22, 62),
(2, 12, 23, 37),
(2, 12, 23, 42),
(2, 12, 23, 55),
(2, 12, 24, 59),
(2, 12, 25, 21),
(2, 12, 26, 1),
(2, 12, 27, 10),
(2, 12, 27, 50),
(2, 12, 30, 2),
(2, 12, 30, 60),
(2, 12, 32, 6),
(2, 12, 33, 56),
(2, 12, 34, 66),
(2, 12, 38, 4),
(2, 12, 39, 24),
(2, 12, 39, 67),
(2, 12, 40, 23),
(2, 12, 40, 46),
(2, 12, 41, 58),
(2, 12, 44, 12),
(2, 12, 45, 64),
(2, 12, 46, 15),
(2, 12, 46, 25),
(2, 12, 47, 57),
(2, 12, 48, 9),
(2, 12, 49, 54),
(2, 12, 50, 16),
(2, 12, 50, 18),
(2, 13, 1, 61),
(2, 13, 1, 63),
(2, 13, 2, 36),
(2, 13, 2, 45),
(2, 13, 4, 3),
(2, 13, 4, 19),
(2, 13, 4, 49),
(2, 13, 6, 12),
(2, 13, 6, 17),
(2, 13, 6, 38),
(2, 13, 6, 55),
(2, 13, 6, 68),
(2, 13, 7, 30),
(2, 13, 7, 47),
(2, 13, 8, 23),
(2, 13, 8, 52),
(2, 13, 10, 44),
(2, 13, 11, 29),
(2, 13, 12, 20),
(2, 13, 12, 51),
(2, 13, 12, 57),
(2, 13, 13, 43),
(2, 13, 14, 7),
(2, 13, 15, 32),
(2, 13, 15, 34),
(2, 13, 16, 11),
(2, 13, 16, 31),
(2, 13, 17, 35),
(2, 13, 18, 48),
(2, 13, 21, 5),
(2, 13, 22, 62),
(2, 13, 23, 37),
(2, 13, 23, 42),
(2, 13, 24, 59),
(2, 13, 25, 21),
(2, 13, 26, 1),
(2, 13, 27, 10),
(2, 13, 27, 50),
(2, 13, 29, 13),
(2, 13, 30, 2),
(2, 13, 30, 60),
(2, 13, 33, 26),
(2, 13, 33, 56),
(2, 13, 34, 66),
(2, 13, 37, 22),
(2, 13, 38, 4),
(2, 13, 38, 6),
(2, 13, 39, 24),
(2, 13, 39, 67),
(2, 13, 40, 46),
(2, 13, 41, 58),
(2, 13, 45, 64),
(2, 13, 46, 15),
(2, 13, 48, 8),
(2, 13, 48, 9),
(2, 13, 49, 25),
(2, 13, 49, 54),
(2, 13, 50, 16),
(2, 13, 50, 18),
(2, 14, 1, 61),
(2, 14, 1, 63),
(2, 14, 2, 36),
(2, 14, 3, 66),
(2, 14, 4, 3),
(2, 14, 4, 19),
(2, 14, 4, 49),
(2, 14, 5, 45),
(2, 14, 6, 12),
(2, 14, 6, 17),
(2, 14, 6, 38),
(2, 14, 6, 55),
(2, 14, 6, 68),
(2, 14, 7, 30),
(2, 14, 7, 58),
(2, 14, 8, 23),
(2, 14, 8, 52),
(2, 14, 10, 44),
(2, 14, 11, 29),
(2, 14, 12, 20),
(2, 14, 12, 51),
(2, 14, 12, 57),
(2, 14, 13, 43),
(2, 14, 14, 7),
(2, 14, 15, 32),
(2, 14, 15, 34),
(2, 14, 16, 11),
(2, 14, 16, 31),
(2, 14, 17, 35),
(2, 14, 18, 48),
(2, 14, 19, 24),
(2, 14, 21, 5),
(2, 14, 22, 62),
(2, 14, 25, 21),
(2, 14, 25, 47),
(2, 14, 26, 1),
(2, 14, 27, 10),
(2, 14, 28, 50),
(2, 14, 28, 59),
(2, 14, 29, 13),
(2, 14, 30, 2),
(2, 14, 30, 60),
(2, 14, 33, 26),
(2, 14, 33, 56),
(2, 14, 37, 22),
(2, 14, 38, 4),
(2, 14, 38, 6),
(2, 14, 40, 46),
(2, 14, 41, 67),
(2, 14, 42, 42),
(2, 14, 45, 64),
(2, 14, 46, 15),
(2, 14, 46, 25),
(2, 14, 47, 37),
(2, 14, 48, 8),
(2, 14, 48, 9),
(2, 14, 49, 54),
(2, 14, 50, 16),
(2, 14, 50, 18),
(2, 15, 1, 61),
(2, 15, 1, 63),
(2, 15, 2, 36),
(2, 15, 3, 66),
(2, 15, 4, 3),
(2, 15, 4, 15),
(2, 15, 4, 19),
(2, 15, 4, 49),
(2, 15, 5, 45),
(2, 15, 6, 12),
(2, 15, 6, 17),
(2, 15, 6, 38),
(2, 15, 6, 55),
(2, 15, 6, 67),
(2, 15, 6, 68),
(2, 15, 7, 30),
(2, 15, 7, 58),
(2, 15, 8, 23),
(2, 15, 8, 52),
(2, 15, 10, 44),
(2, 15, 11, 29),
(2, 15, 12, 20),
(2, 15, 13, 43),
(2, 15, 14, 7),
(2, 15, 15, 32),
(2, 15, 15, 34),
(2, 15, 16, 11),
(2, 15, 17, 31),
(2, 15, 17, 35),
(2, 15, 18, 48),
(2, 15, 18, 51),
(2, 15, 19, 24),
(2, 15, 20, 46),
(2, 15, 21, 1),
(2, 15, 21, 5),
(2, 15, 25, 21),
(2, 15, 25, 47),
(2, 15, 27, 10),
(2, 15, 28, 50),
(2, 15, 28, 59),
(2, 15, 29, 62),
(2, 15, 30, 2),
(2, 15, 30, 60),
(2, 15, 33, 26),
(2, 15, 33, 56),
(2, 15, 35, 13),
(2, 15, 35, 57),
(2, 15, 37, 22),
(2, 15, 38, 4),
(2, 15, 38, 6),
(2, 15, 42, 42),
(2, 15, 45, 64),
(2, 15, 47, 37),
(2, 15, 48, 8),
(2, 15, 48, 9),
(2, 15, 49, 25),
(2, 15, 49, 54),
(2, 15, 50, 16),
(2, 15, 50, 18),
(2, 16, 1, 61),
(2, 16, 1, 63),
(2, 16, 3, 7),
(2, 16, 3, 66),
(2, 16, 4, 3),
(2, 16, 4, 15),
(2, 16, 4, 49),
(2, 16, 6, 17),
(2, 16, 6, 38),
(2, 16, 6, 45),
(2, 16, 6, 55),
(2, 16, 6, 67),
(2, 16, 6, 68),
(2, 16, 7, 30),
(2, 16, 8, 52),
(2, 16, 9, 19),
(2, 16, 10, 26),
(2, 16, 10, 44),
(2, 16, 11, 29),
(2, 16, 12, 20),
(2, 16, 13, 43),
(2, 16, 14, 36),
(2, 16, 15, 32),
(2, 16, 15, 34),
(2, 16, 16, 11),
(2, 16, 17, 31),
(2, 16, 17, 35),
(2, 16, 18, 48),
(2, 16, 18, 51),
(2, 16, 19, 8),
(2, 16, 19, 24),
(2, 16, 20, 42),
(2, 16, 20, 46),
(2, 16, 21, 1),
(2, 16, 21, 5),
(2, 16, 25, 21),
(2, 16, 25, 47),
(2, 16, 27, 10),
(2, 16, 28, 50),
(2, 16, 28, 59),
(2, 16, 29, 62),
(2, 16, 30, 2),
(2, 16, 30, 60),
(2, 16, 31, 12),
(2, 16, 32, 6),
(2, 16, 33, 56),
(2, 16, 35, 13),
(2, 16, 35, 57),
(2, 16, 37, 22),
(2, 16, 38, 4),
(2, 16, 40, 23),
(2, 16, 41, 58),
(2, 16, 45, 64),
(2, 16, 46, 25),
(2, 16, 47, 37),
(2, 16, 48, 9),
(2, 16, 49, 54),
(2, 16, 50, 16),
(2, 16, 50, 18),
(2, 17, 1, 61),
(2, 17, 1, 63),
(2, 17, 2, 5),
(2, 17, 3, 11),
(2, 17, 4, 3),
(2, 17, 4, 15),
(2, 17, 4, 49),
(2, 17, 6, 17),
(2, 17, 6, 38),
(2, 17, 6, 45),
(2, 17, 6, 67),
(2, 17, 6, 68),
(2, 17, 7, 30),
(2, 17, 8, 52),
(2, 17, 9, 19),
(2, 17, 10, 26),
(2, 17, 10, 44),
(2, 17, 11, 29),
(2, 17, 12, 20),
(2, 17, 13, 43),
(2, 17, 14, 7),
(2, 17, 14, 36),
(2, 17, 15, 32),
(2, 17, 15, 34),
(2, 17, 16, 22),
(2, 17, 17, 35),
(2, 17, 18, 48),
(2, 17, 18, 51),
(2, 17, 20, 24),
(2, 17, 20, 42),
(2, 17, 20, 46),
(2, 17, 21, 1),
(2, 17, 22, 37),
(2, 17, 23, 55),
(2, 17, 25, 21),
(2, 17, 25, 47),
(2, 17, 27, 10),
(2, 17, 28, 59),
(2, 17, 30, 2),
(2, 17, 30, 60),
(2, 17, 31, 12),
(2, 17, 32, 6),
(2, 17, 33, 56),
(2, 17, 34, 50),
(2, 17, 34, 66),
(2, 17, 35, 13),
(2, 17, 35, 57),
(2, 17, 36, 31),
(2, 17, 37, 62),
(2, 17, 38, 4),
(2, 17, 40, 23),
(2, 17, 41, 58),
(2, 17, 45, 64),
(2, 17, 46, 25),
(2, 17, 48, 8),
(2, 17, 48, 9),
(2, 17, 49, 54),
(2, 17, 50, 16),
(2, 17, 50, 18),
(2, 18, 1, 61),
(2, 18, 1, 63),
(2, 18, 3, 11),
(2, 18, 4, 3),
(2, 18, 4, 15),
(2, 18, 4, 49),
(2, 18, 6, 5),
(2, 18, 6, 17),
(2, 18, 6, 38),
(2, 18, 6, 45),
(2, 18, 6, 67),
(2, 18, 6, 68),
(2, 18, 7, 30),
(2, 18, 7, 47),
(2, 18, 7, 58),
(2, 18, 8, 52),
(2, 18, 10, 44),
(2, 18, 11, 26),
(2, 18, 11, 29),
(2, 18, 12, 20),
(2, 18, 12, 51),
(2, 18, 13, 43),
(2, 18, 14, 7),
(2, 18, 14, 36),
(2, 18, 15, 32),
(2, 18, 15, 34),
(2, 18, 16, 22),
(2, 18, 17, 35),
(2, 18, 18, 48),
(2, 18, 20, 24),
(2, 18, 20, 42),
(2, 18, 21, 1),
(2, 18, 22, 37),
(2, 18, 23, 55),
(2, 18, 25, 21),
(2, 18, 27, 10),
(2, 18, 30, 2),
(2, 18, 30, 60),
(2, 18, 32, 6),
(2, 18, 33, 56),
(2, 18, 34, 50),
(2, 18, 34, 66),
(2, 18, 35, 57),
(2, 18, 36, 31),
(2, 18, 37, 62),
(2, 18, 38, 4),
(2, 18, 40, 23),
(2, 18, 40, 46),
(2, 18, 42, 13),
(2, 18, 43, 59),
(2, 18, 44, 12),
(2, 18, 45, 64),
(2, 18, 46, 25),
(2, 18, 48, 8),
(2, 18, 48, 9),
(2, 18, 49, 54),
(2, 18, 50, 16),
(2, 18, 50, 18),
(2, 18, 50, 19),
(2, 19, 1, 61),
(2, 19, 1, 62),
(2, 19, 1, 63),
(2, 19, 2, 45),
(2, 19, 3, 66),
(2, 19, 4, 3),
(2, 19, 4, 49),
(2, 19, 5, 59),
(2, 19, 6, 5),
(2, 19, 6, 17),
(2, 19, 6, 38),
(2, 19, 6, 68),
(2, 19, 7, 30),
(2, 19, 7, 47),
(2, 19, 7, 58),
(2, 19, 8, 52),
(2, 19, 9, 31),
(2, 19, 10, 44),
(2, 19, 10, 67),
(2, 19, 11, 26),
(2, 19, 11, 29),
(2, 19, 12, 20),
(2, 19, 12, 51),
(2, 19, 13, 11),
(2, 19, 13, 43),
(2, 19, 14, 7),
(2, 19, 14, 36),
(2, 19, 15, 32),
(2, 19, 15, 34),
(2, 19, 16, 22),
(2, 19, 17, 35),
(2, 19, 18, 48),
(2, 19, 20, 24),
(2, 19, 20, 42),
(2, 19, 23, 37),
(2, 19, 23, 55),
(2, 19, 25, 21),
(2, 19, 26, 1),
(2, 19, 27, 10),
(2, 19, 27, 50),
(2, 19, 30, 2),
(2, 19, 30, 60),
(2, 19, 31, 15),
(2, 19, 32, 6),
(2, 19, 33, 56),
(2, 19, 36, 57),
(2, 19, 38, 4),
(2, 19, 40, 23),
(2, 19, 40, 46),
(2, 19, 42, 13),
(2, 19, 44, 12),
(2, 19, 45, 64),
(2, 19, 48, 8),
(2, 19, 48, 9),
(2, 19, 49, 25),
(2, 19, 49, 54),
(2, 19, 50, 16),
(2, 19, 50, 18),
(2, 19, 50, 19),
(2, 20, 1, 61),
(2, 20, 1, 62),
(2, 20, 1, 63),
(2, 20, 2, 36),
(2, 20, 2, 45),
(2, 20, 3, 7),
(2, 20, 3, 66),
(2, 20, 4, 3),
(2, 20, 4, 49),
(2, 20, 5, 59),
(2, 20, 6, 5),
(2, 20, 6, 12),
(2, 20, 6, 17),
(2, 20, 6, 38),
(2, 20, 6, 55),
(2, 20, 6, 68),
(2, 20, 7, 30),
(2, 20, 7, 58),
(2, 20, 8, 23),
(2, 20, 8, 52),
(2, 20, 9, 31),
(2, 20, 10, 44),
(2, 20, 10, 67),
(2, 20, 11, 26),
(2, 20, 11, 29),
(2, 20, 12, 20),
(2, 20, 13, 11),
(2, 20, 13, 43),
(2, 20, 15, 32),
(2, 20, 15, 34),
(2, 20, 17, 35),
(2, 20, 18, 48),
(2, 20, 18, 51),
(2, 20, 19, 8),
(2, 20, 20, 24),
(2, 20, 20, 46),
(2, 20, 21, 1),
(2, 20, 23, 42),
(2, 20, 25, 21),
(2, 20, 25, 47),
(2, 20, 27, 10),
(2, 20, 27, 50),
(2, 20, 30, 2),
(2, 20, 30, 60),
(2, 20, 32, 15),
(2, 20, 33, 56),
(2, 20, 36, 57),
(2, 20, 37, 22),
(2, 20, 38, 4),
(2, 20, 38, 6),
(2, 20, 42, 13),
(2, 20, 45, 64),
(2, 20, 46, 25),
(2, 20, 47, 37),
(2, 20, 48, 9),
(2, 20, 49, 54),
(2, 20, 50, 16),
(2, 20, 50, 18),
(2, 20, 50, 19),
(2, 21, 1, 61),
(2, 21, 1, 63),
(2, 21, 3, 7),
(2, 21, 4, 3),
(2, 21, 4, 19),
(2, 21, 4, 49),
(2, 21, 5, 45),
(2, 21, 5, 59),
(2, 21, 6, 12),
(2, 21, 6, 17),
(2, 21, 6, 38),
(2, 21, 6, 55),
(2, 21, 6, 68),
(2, 21, 7, 30),
(2, 21, 7, 47),
(2, 21, 8, 23),
(2, 21, 8, 52),
(2, 21, 9, 31),
(2, 21, 10, 44),
(2, 21, 11, 29),
(2, 21, 12, 20),
(2, 21, 13, 43),
(2, 21, 14, 36),
(2, 21, 15, 32),
(2, 21, 15, 34),
(2, 21, 16, 11),
(2, 21, 17, 35),
(2, 21, 18, 48),
(2, 21, 18, 51),
(2, 21, 19, 8),
(2, 21, 20, 46),
(2, 21, 21, 1),
(2, 21, 21, 5),
(2, 21, 22, 62),
(2, 21, 23, 42),
(2, 21, 24, 24),
(2, 21, 25, 21),
(2, 21, 26, 67),
(2, 21, 27, 10),
(2, 21, 27, 50),
(2, 21, 30, 2),
(2, 21, 30, 60),
(2, 21, 33, 26),
(2, 21, 33, 56),
(2, 21, 34, 66),
(2, 21, 37, 22),
(2, 21, 38, 4),
(2, 21, 38, 6),
(2, 21, 41, 58),
(2, 21, 43, 13),
(2, 21, 45, 15),
(2, 21, 45, 64),
(2, 21, 46, 25),
(2, 21, 47, 37),
(2, 21, 47, 57),
(2, 21, 48, 9),
(2, 21, 49, 54),
(2, 21, 50, 16),
(2, 21, 50, 18),
(2, 22, 1, 61),
(2, 22, 1, 63),
(2, 22, 3, 7),
(2, 22, 4, 3),
(2, 22, 4, 19),
(2, 22, 4, 49),
(2, 22, 6, 17),
(2, 22, 6, 38),
(2, 22, 6, 45),
(2, 22, 6, 55),
(2, 22, 6, 68),
(2, 22, 7, 30),
(2, 22, 7, 47),
(2, 22, 8, 23),
(2, 22, 8, 52),
(2, 22, 10, 44),
(2, 22, 11, 29),
(2, 22, 12, 20),
(2, 22, 12, 51),
(2, 22, 13, 43),
(2, 22, 14, 36),
(2, 22, 15, 32),
(2, 22, 15, 34),
(2, 22, 16, 11),
(2, 22, 16, 31),
(2, 22, 17, 35),
(2, 22, 18, 48),
(2, 22, 19, 8),
(2, 22, 20, 46),
(2, 22, 21, 5),
(2, 22, 22, 62),
(2, 22, 24, 59),
(2, 22, 25, 21),
(2, 22, 26, 1),
(2, 22, 26, 67),
(2, 22, 27, 10),
(2, 22, 28, 50),
(2, 22, 30, 2),
(2, 22, 30, 60),
(2, 22, 31, 12),
(2, 22, 33, 26),
(2, 22, 33, 56),
(2, 22, 34, 24),
(2, 22, 34, 66),
(2, 22, 37, 22),
(2, 22, 38, 4),
(2, 22, 38, 6),
(2, 22, 41, 58),
(2, 22, 42, 42),
(2, 22, 43, 13),
(2, 22, 45, 15),
(2, 22, 45, 64),
(2, 22, 47, 37),
(2, 22, 47, 57),
(2, 22, 48, 9),
(2, 22, 49, 25),
(2, 22, 49, 54),
(2, 22, 50, 16),
(2, 22, 50, 18),
(2, 23, 1, 61),
(2, 23, 1, 63),
(2, 23, 3, 7),
(2, 23, 4, 3),
(2, 23, 4, 19),
(2, 23, 4, 49),
(2, 23, 6, 17),
(2, 23, 6, 38),
(2, 23, 6, 45),
(2, 23, 6, 68),
(2, 23, 7, 30),
(2, 23, 7, 47),
(2, 23, 8, 23),
(2, 23, 8, 52),
(2, 23, 10, 44),
(2, 23, 11, 29),
(2, 23, 12, 20),
(2, 23, 12, 51),
(2, 23, 13, 43),
(2, 23, 14, 36),
(2, 23, 15, 32),
(2, 23, 15, 34),
(2, 23, 16, 11),
(2, 23, 16, 31),
(2, 23, 17, 35),
(2, 23, 18, 48),
(2, 23, 21, 5),
(2, 23, 22, 37),
(2, 23, 23, 55),
(2, 23, 24, 59),
(2, 23, 25, 21),
(2, 23, 26, 1),
(2, 23, 26, 67),
(2, 23, 27, 10),
(2, 23, 28, 50),
(2, 23, 29, 62),
(2, 23, 30, 2),
(2, 23, 30, 60),
(2, 23, 31, 12),
(2, 23, 32, 6),
(2, 23, 33, 26),
(2, 23, 33, 56),
(2, 23, 34, 24),
(2, 23, 34, 66),
(2, 23, 37, 22),
(2, 23, 38, 4),
(2, 23, 40, 46),
(2, 23, 41, 58),
(2, 23, 42, 42),
(2, 23, 43, 13),
(2, 23, 45, 15),
(2, 23, 45, 64),
(2, 23, 47, 57),
(2, 23, 48, 8),
(2, 23, 48, 9),
(2, 23, 49, 25),
(2, 23, 49, 54),
(2, 23, 50, 16),
(2, 23, 50, 18),
(2, 24, 1, 61),
(2, 24, 1, 63),
(2, 24, 2, 36),
(2, 24, 2, 45),
(2, 24, 3, 11),
(2, 24, 3, 66),
(2, 24, 4, 3),
(2, 24, 4, 49),
(2, 24, 6, 17),
(2, 24, 6, 38),
(2, 24, 6, 68),
(2, 24, 7, 30),
(2, 24, 7, 58),
(2, 24, 8, 52),
(2, 24, 9, 19),
(2, 24, 10, 26),
(2, 24, 10, 44),
(2, 24, 11, 29),
(2, 24, 12, 20),
(2, 24, 13, 43),
(2, 24, 14, 7),
(2, 24, 15, 32),
(2, 24, 15, 34),
(2, 24, 16, 22),
(2, 24, 17, 13),
(2, 24, 17, 31),
(2, 24, 17, 35),
(2, 24, 18, 48),
(2, 24, 18, 51),
(2, 24, 21, 5),
(2, 24, 23, 37),
(2, 24, 23, 55),
(2, 24, 24, 59),
(2, 24, 25, 21),
(2, 24, 25, 47),
(2, 24, 26, 1),
(2, 24, 26, 67),
(2, 24, 27, 10),
(2, 24, 28, 50),
(2, 24, 29, 62),
(2, 24, 30, 2),
(2, 24, 30, 60),
(2, 24, 31, 12),
(2, 24, 32, 6),
(2, 24, 33, 56),
(2, 24, 34, 24),
(2, 24, 38, 4),
(2, 24, 40, 23),
(2, 24, 40, 46),
(2, 24, 42, 42),
(2, 24, 45, 64),
(2, 24, 46, 15),
(2, 24, 47, 57),
(2, 24, 48, 8),
(2, 24, 48, 9),
(2, 24, 49, 25),
(2, 24, 49, 54),
(2, 24, 50, 16),
(2, 24, 50, 18),
(2, 25, 1, 61),
(2, 25, 1, 63),
(2, 25, 2, 5),
(2, 25, 3, 7),
(2, 25, 3, 11),
(2, 25, 3, 66),
(2, 25, 4, 3),
(2, 25, 4, 49),
(2, 25, 5, 45),
(2, 25, 6, 17),
(2, 25, 6, 38),
(2, 25, 6, 68),
(2, 25, 7, 30),
(2, 25, 7, 47),
(2, 25, 7, 58),
(2, 25, 8, 52),
(2, 25, 9, 19),
(2, 25, 10, 26),
(2, 25, 10, 44),
(2, 25, 11, 29),
(2, 25, 12, 20),
(2, 25, 12, 51),
(2, 25, 12, 57),
(2, 25, 13, 43),
(2, 25, 14, 36),
(2, 25, 15, 32),
(2, 25, 15, 34),
(2, 25, 17, 31),
(2, 25, 17, 35),
(2, 25, 18, 48),
(2, 25, 20, 42),
(2, 25, 20, 46),
(2, 25, 21, 1),
(2, 25, 23, 37),
(2, 25, 23, 55),
(2, 25, 25, 21),
(2, 25, 27, 10),
(2, 25, 28, 59),
(2, 25, 29, 13),
(2, 25, 29, 62),
(2, 25, 30, 2),
(2, 25, 30, 60),
(2, 25, 32, 6),
(2, 25, 33, 56),
(2, 25, 34, 24),
(2, 25, 34, 50),
(2, 25, 37, 22),
(2, 25, 38, 4),
(2, 25, 39, 67),
(2, 25, 40, 23),
(2, 25, 44, 12),
(2, 25, 45, 64),
(2, 25, 46, 15),
(2, 25, 48, 8),
(2, 25, 48, 9),
(2, 25, 49, 25),
(2, 25, 49, 54),
(2, 25, 50, 16),
(2, 25, 50, 18),
(2, 26, 1, 61),
(2, 26, 1, 63),
(2, 26, 2, 5),
(2, 26, 3, 7),
(2, 26, 3, 11),
(2, 26, 3, 66),
(2, 26, 4, 3),
(2, 26, 4, 15),
(2, 26, 4, 49),
(2, 26, 5, 45),
(2, 26, 6, 17),
(2, 26, 6, 38),
(2, 26, 6, 55),
(2, 26, 7, 58),
(2, 26, 8, 23),
(2, 26, 8, 52),
(2, 26, 9, 19),
(2, 26, 10, 26),
(2, 26, 10, 44),
(2, 26, 11, 29),
(2, 26, 12, 20),
(2, 26, 12, 51),
(2, 26, 12, 57),
(2, 26, 13, 43),
(2, 26, 14, 36),
(2, 26, 15, 32),
(2, 26, 15, 34),
(2, 26, 17, 31),
(2, 26, 17, 35),
(2, 26, 18, 48),
(2, 26, 19, 8),
(2, 26, 20, 42),
(2, 26, 20, 46),
(2, 26, 21, 1),
(2, 26, 25, 21),
(2, 26, 25, 47),
(2, 26, 27, 10),
(2, 26, 28, 59),
(2, 26, 30, 2),
(2, 26, 30, 60),
(2, 26, 32, 6),
(2, 26, 33, 56),
(2, 26, 34, 50),
(2, 26, 35, 13),
(2, 26, 37, 22),
(2, 26, 37, 62),
(2, 26, 38, 4),
(2, 26, 39, 24),
(2, 26, 39, 67),
(2, 26, 44, 12),
(2, 26, 45, 64),
(2, 26, 46, 25),
(2, 26, 47, 37),
(2, 26, 48, 9),
(2, 26, 49, 54),
(2, 26, 50, 16),
(2, 26, 50, 18),
(2, 27, 1, 61),
(2, 27, 1, 63),
(2, 27, 3, 7),
(2, 27, 3, 66),
(2, 27, 4, 3),
(2, 27, 4, 15),
(2, 27, 4, 49),
(2, 27, 6, 5),
(2, 27, 6, 12),
(2, 27, 6, 17),
(2, 27, 6, 45),
(2, 27, 8, 23),
(2, 27, 8, 52),
(2, 27, 10, 44),
(2, 27, 11, 26),
(2, 27, 11, 29),
(2, 27, 12, 51),
(2, 27, 12, 57),
(2, 27, 13, 11),
(2, 27, 14, 36),
(2, 27, 15, 32),
(2, 27, 15, 34),
(2, 27, 17, 35),
(2, 27, 18, 48),
(2, 27, 19, 8),
(2, 27, 20, 46),
(2, 27, 21, 1),
(2, 27, 23, 42),
(2, 27, 23, 55),
(2, 27, 25, 21),
(2, 27, 25, 47),
(2, 27, 27, 10),
(2, 27, 28, 59),
(2, 27, 30, 2),
(2, 27, 30, 60),
(2, 27, 33, 56),
(2, 27, 34, 50),
(2, 27, 35, 13),
(2, 27, 36, 31),
(2, 27, 37, 22),
(2, 27, 37, 62),
(2, 27, 38, 4),
(2, 27, 38, 6),
(2, 27, 39, 24),
(2, 27, 41, 58),
(2, 27, 41, 67),
(2, 27, 45, 64),
(2, 27, 46, 25),
(2, 27, 47, 37),
(2, 27, 48, 9),
(2, 27, 49, 54),
(2, 27, 50, 16),
(2, 27, 50, 18),
(2, 27, 50, 19),
(2, 28, 1, 61),
(2, 28, 1, 63),
(2, 28, 2, 36),
(2, 28, 4, 3),
(2, 28, 4, 15),
(2, 28, 4, 19),
(2, 28, 6, 5),
(2, 28, 6, 12),
(2, 28, 6, 17),
(2, 28, 6, 45),
(2, 28, 6, 67),
(2, 28, 7, 58),
(2, 28, 8, 52),
(2, 28, 10, 44),
(2, 28, 11, 26),
(2, 28, 12, 51),
(2, 28, 14, 7),
(2, 28, 15, 32),
(2, 28, 15, 34),
(2, 28, 16, 11),
(2, 28, 16, 22),
(2, 28, 17, 35),
(2, 28, 18, 48),
(2, 28, 19, 8),
(2, 28, 20, 46),
(2, 28, 21, 1),
(2, 28, 23, 42),
(2, 28, 23, 55),
(2, 28, 25, 21),
(2, 28, 25, 47),
(2, 28, 27, 10),
(2, 28, 27, 50),
(2, 28, 30, 2),
(2, 28, 30, 60),
(2, 28, 33, 56),
(2, 28, 34, 66),
(2, 28, 35, 13),
(2, 28, 35, 57),
(2, 28, 36, 31),
(2, 28, 37, 62),
(2, 28, 38, 6),
(2, 28, 39, 24),
(2, 28, 40, 23),
(2, 28, 43, 59),
(2, 28, 45, 64),
(2, 28, 46, 25),
(2, 28, 47, 37),
(2, 28, 48, 9),
(2, 28, 49, 54),
(2, 28, 50, 16),
(2, 28, 50, 18),
(2, 29, 1, 61),
(2, 29, 1, 62),
(2, 29, 1, 63),
(2, 29, 3, 66),
(2, 29, 4, 3),
(2, 29, 4, 19),
(2, 29, 6, 5),
(2, 29, 6, 12),
(2, 29, 6, 17),
(2, 29, 6, 45),
(2, 29, 6, 67),
(2, 29, 7, 47),
(2, 29, 7, 58),
(2, 29, 8, 23),
(2, 29, 8, 52),
(2, 29, 10, 44),
(2, 29, 14, 7),
(2, 29, 14, 36),
(2, 29, 15, 32),
(2, 29, 16, 11),
(2, 29, 16, 22),
(2, 29, 18, 48),
(2, 29, 18, 51),
(2, 29, 19, 8),
(2, 29, 19, 24),
(2, 29, 22, 37),
(2, 29, 23, 42),
(2, 29, 23, 55),
(2, 29, 25, 21),
(2, 29, 26, 1),
(2, 29, 27, 10),
(2, 29, 27, 50),
(2, 29, 30, 2),
(2, 29, 30, 60),
(2, 29, 31, 15),
(2, 29, 33, 26),
(2, 29, 33, 56),
(2, 29, 35, 13),
(2, 29, 35, 57),
(2, 29, 36, 31),
(2, 29, 38, 6),
(2, 29, 40, 46),
(2, 29, 43, 59),
(2, 29, 45, 64),
(2, 29, 46, 25),
(2, 29, 48, 9),
(2, 29, 49, 54),
(2, 29, 50, 16),
(2, 29, 50, 18),
(2, 30, 1, 61),
(2, 30, 2, 36),
(2, 30, 2, 45),
(2, 30, 4, 3),
(2, 30, 4, 19),
(2, 30, 6, 17),
(2, 30, 7, 47),
(2, 30, 8, 52),
(2, 30, 9, 31),
(2, 30, 10, 44),
(2, 30, 10, 67),
(2, 30, 14, 7),
(2, 30, 15, 32),
(2, 30, 16, 11),
(2, 30, 18, 51),
(2, 30, 20, 24),
(2, 30, 21, 1),
(2, 30, 21, 5),
(2, 30, 22, 62),
(2, 30, 23, 37),
(2, 30, 23, 42),
(2, 30, 23, 55),
(2, 30, 25, 21),
(2, 30, 27, 10),
(2, 30, 27, 50),
(2, 30, 30, 2),
(2, 30, 30, 60),
(2, 30, 31, 12),
(2, 30, 31, 15),
(2, 30, 32, 6),
(2, 30, 33, 26),
(2, 30, 33, 56),
(2, 30, 34, 66),
(2, 30, 36, 57),
(2, 30, 37, 22),
(2, 30, 40, 23),
(2, 30, 40, 46),
(2, 30, 41, 58),
(2, 30, 42, 13),
(2, 30, 43, 59),
(2, 30, 45, 64),
(2, 30, 48, 8),
(2, 30, 49, 25),
(2, 30, 50, 16),
(2, 30, 50, 18),
(2, 31, 1, 61),
(2, 31, 2, 36),
(2, 31, 2, 45),
(2, 31, 3, 7),
(2, 31, 4, 3),
(2, 31, 4, 19),
(2, 31, 5, 59),
(2, 31, 6, 17),
(2, 31, 6, 55),
(2, 31, 7, 47),
(2, 31, 8, 52),
(2, 31, 9, 31),
(2, 31, 10, 26),
(2, 31, 10, 67),
(2, 31, 12, 51),
(2, 31, 15, 32),
(2, 31, 16, 11),
(2, 31, 20, 24),
(2, 31, 20, 46),
(2, 31, 21, 1),
(2, 31, 21, 5),
(2, 31, 22, 62),
(2, 31, 23, 37),
(2, 31, 25, 21),
(2, 31, 27, 50),
(2, 31, 30, 2),
(2, 31, 30, 60),
(2, 31, 31, 12),
(2, 31, 31, 15),
(2, 31, 33, 56),
(2, 31, 34, 66),
(2, 31, 36, 57),
(2, 31, 37, 22),
(2, 31, 38, 6),
(2, 31, 40, 23),
(2, 31, 41, 58),
(2, 31, 42, 13),
(2, 31, 42, 42),
(2, 31, 48, 8),
(2, 31, 49, 25),
(2, 31, 50, 16),
(2, 31, 50, 18),
(2, 32, 1, 61),
(2, 32, 2, 36),
(2, 32, 3, 7),
(2, 32, 3, 11),
(2, 32, 4, 3),
(2, 32, 5, 45),
(2, 32, 6, 17),
(2, 32, 6, 55),
(2, 32, 7, 58),
(2, 32, 8, 23),
(2, 32, 8, 52),
(2, 32, 9, 19),
(2, 32, 9, 31),
(2, 32, 10, 26),
(2, 32, 12, 51),
(2, 32, 15, 32),
(2, 32, 16, 22),
(2, 32, 20, 46),
(2, 32, 21, 5),
(2, 32, 22, 62),
(2, 32, 24, 24),
(2, 32, 24, 59),
(2, 32, 25, 21),
(2, 32, 25, 47),
(2, 32, 26, 1),
(2, 32, 26, 67),
(2, 32, 28, 50),
(2, 32, 30, 2),
(2, 32, 31, 12),
(2, 32, 32, 15),
(2, 32, 33, 56),
(2, 32, 34, 66),
(2, 32, 38, 6),
(2, 32, 42, 13),
(2, 32, 42, 42),
(2, 32, 47, 37),
(2, 32, 47, 57),
(2, 32, 48, 8),
(2, 32, 49, 25),
(2, 32, 50, 16),
(2, 32, 50, 18),
(2, 33, 2, 5),
(2, 33, 3, 11),
(2, 33, 3, 66),
(2, 33, 4, 3),
(2, 33, 5, 45),
(2, 33, 6, 17),
(2, 33, 6, 55),
(2, 33, 7, 47),
(2, 33, 7, 58),
(2, 33, 8, 23),
(2, 33, 9, 19),
(2, 33, 10, 26),
(2, 33, 14, 7),
(2, 33, 14, 36),
(2, 33, 15, 32),
(2, 33, 16, 22),
(2, 33, 16, 31),
(2, 33, 18, 51),
(2, 33, 20, 42),
(2, 33, 20, 46),
(2, 33, 24, 24),
(2, 33, 25, 21),
(2, 33, 26, 1),
(2, 33, 26, 67),
(2, 33, 28, 50),
(2, 33, 28, 59),
(2, 33, 29, 62),
(2, 33, 32, 6),
(2, 33, 33, 56),
(2, 33, 43, 13),
(2, 33, 44, 12),
(2, 33, 45, 15),
(2, 33, 47, 37),
(2, 33, 47, 57),
(2, 33, 48, 8),
(2, 33, 49, 25),
(2, 33, 50, 16),
(2, 33, 50, 18),
(2, 34, 2, 5),
(2, 34, 2, 36),
(2, 34, 3, 7),
(2, 34, 3, 66),
(2, 34, 5, 45),
(2, 34, 6, 12),
(2, 34, 7, 47),
(2, 34, 7, 58),
(2, 34, 8, 23),
(2, 34, 9, 19),
(2, 34, 11, 26),
(2, 34, 13, 11),
(2, 34, 15, 32),
(2, 34, 16, 22),
(2, 34, 17, 31),
(2, 34, 18, 51),
(2, 34, 19, 8),
(2, 34, 20, 42),
(2, 34, 21, 1),
(2, 34, 23, 55),
(2, 34, 25, 21),
(2, 34, 28, 59),
(2, 34, 29, 62),
(2, 34, 32, 6),
(2, 34, 33, 56),
(2, 34, 34, 24),
(2, 34, 34, 50),
(2, 34, 39, 67),
(2, 34, 40, 46),
(2, 34, 43, 13),
(2, 34, 45, 15),
(2, 34, 46, 25),
(2, 34, 47, 37),
(2, 34, 47, 57),
(2, 34, 50, 16),
(2, 34, 50, 18),
(2, 35, 2, 5),
(2, 35, 2, 36),
(2, 35, 6, 12),
(2, 35, 6, 45),
(2, 35, 7, 47),
(2, 35, 11, 26),
(2, 35, 12, 57),
(2, 35, 13, 11),
(2, 35, 14, 7),
(2, 35, 16, 22),
(2, 35, 17, 31),
(2, 35, 18, 51),
(2, 35, 19, 8),
(2, 35, 20, 42),
(2, 35, 20, 46),
(2, 35, 21, 1),
(2, 35, 23, 55),
(2, 35, 29, 62),
(2, 35, 33, 56),
(2, 35, 34, 50),
(2, 35, 34, 66),
(2, 35, 38, 6),
(2, 35, 39, 24),
(2, 35, 39, 67),
(2, 35, 40, 23),
(2, 35, 41, 58),
(2, 35, 43, 13),
(2, 35, 43, 59),
(2, 35, 46, 15),
(2, 35, 46, 25),
(2, 35, 47, 37),
(2, 35, 50, 16),
(2, 35, 50, 19),
(2, 36, 2, 5),
(2, 36, 6, 12),
(2, 36, 6, 45),
(2, 36, 6, 55),
(2, 36, 11, 26),
(2, 36, 12, 57),
(2, 36, 13, 11),
(2, 36, 14, 7),
(2, 36, 14, 36),
(2, 36, 17, 13),
(2, 36, 17, 31),
(2, 36, 18, 51),
(2, 36, 20, 46),
(2, 36, 22, 37),
(2, 36, 23, 42),
(2, 36, 25, 47),
(2, 36, 26, 1),
(2, 36, 34, 50),
(2, 36, 34, 66),
(2, 36, 37, 22),
(2, 36, 37, 62),
(2, 36, 38, 6),
(2, 36, 39, 24),
(2, 36, 40, 23),
(2, 36, 41, 58),
(2, 36, 41, 67),
(2, 36, 43, 59),
(2, 36, 46, 15),
(2, 36, 46, 25),
(2, 36, 48, 8),
(2, 36, 50, 16),
(2, 36, 50, 19),
(2, 37, 3, 7),
(2, 37, 4, 19),
(2, 37, 5, 59),
(2, 37, 6, 5),
(2, 37, 6, 45),
(2, 37, 6, 55),
(2, 37, 7, 47),
(2, 37, 7, 58),
(2, 37, 8, 23),
(2, 37, 11, 26),
(2, 37, 12, 51),
(2, 37, 12, 57),
(2, 37, 14, 36),
(2, 37, 16, 11),
(2, 37, 17, 13),
(2, 37, 17, 31),
(2, 37, 21, 1),
(2, 37, 22, 37),
(2, 37, 23, 42),
(2, 37, 27, 50),
(2, 37, 31, 12),
(2, 37, 32, 6),
(2, 37, 34, 66),
(2, 37, 37, 22),
(2, 37, 37, 62),
(2, 37, 39, 24),
(2, 37, 40, 46),
(2, 37, 41, 67),
(2, 37, 46, 15),
(2, 37, 48, 8),
(2, 37, 49, 25),
(2, 37, 50, 16),
(2, 38, 2, 36),
(2, 38, 2, 45),
(2, 38, 3, 7),
(2, 38, 3, 66),
(2, 38, 4, 15),
(2, 38, 4, 19),
(2, 38, 5, 59),
(2, 38, 6, 5),
(2, 38, 6, 55),
(2, 38, 7, 47),
(2, 38, 7, 58),
(2, 38, 8, 23),
(2, 38, 16, 11),
(2, 38, 18, 51),
(2, 38, 19, 8),
(2, 38, 19, 24),
(2, 38, 21, 1),
(2, 38, 22, 37),
(2, 38, 27, 50),
(2, 38, 29, 13),
(2, 38, 31, 12),
(2, 38, 32, 6),
(2, 38, 33, 26),
(2, 38, 35, 57),
(2, 38, 36, 31),
(2, 38, 37, 22),
(2, 38, 37, 62),
(2, 38, 40, 46),
(2, 38, 41, 67),
(2, 38, 42, 42),
(2, 38, 46, 25),
(2, 39, 1, 62),
(2, 39, 2, 36),
(2, 39, 2, 45),
(2, 39, 3, 7),
(2, 39, 3, 66),
(2, 39, 4, 19),
(2, 39, 6, 5),
(2, 39, 6, 55),
(2, 39, 6, 67),
(2, 39, 7, 47),
(2, 39, 16, 11),
(2, 39, 16, 22),
(2, 39, 18, 51),
(2, 39, 19, 24),
(2, 39, 20, 46),
(2, 39, 22, 37),
(2, 39, 24, 59),
(2, 39, 26, 1),
(2, 39, 27, 50),
(2, 39, 29, 13),
(2, 39, 31, 15),
(2, 39, 32, 6),
(2, 39, 33, 26),
(2, 39, 35, 57),
(2, 39, 36, 31),
(2, 39, 40, 23),
(2, 39, 41, 58),
(2, 39, 42, 42),
(2, 39, 44, 12),
(2, 39, 46, 25),
(2, 39, 48, 8),
(2, 40, 1, 62),
(2, 40, 2, 45),
(2, 40, 3, 7),
(2, 40, 3, 11),
(2, 40, 3, 66),
(2, 40, 9, 19),
(2, 40, 9, 31),
(2, 40, 10, 67),
(2, 40, 12, 51),
(2, 40, 14, 36),
(2, 40, 16, 22),
(2, 40, 20, 24),
(2, 40, 20, 46),
(2, 40, 21, 1),
(2, 40, 21, 5),
(2, 40, 23, 37),
(2, 40, 23, 55),
(2, 40, 24, 59),
(2, 40, 25, 47),
(2, 40, 28, 50),
(2, 40, 32, 15),
(2, 40, 33, 26),
(2, 40, 35, 13),
(2, 40, 36, 57),
(2, 40, 38, 6),
(2, 40, 40, 23),
(2, 40, 41, 58),
(2, 40, 42, 42),
(2, 40, 44, 12),
(2, 40, 48, 8),
(2, 40, 49, 25),
(2, 41, 1, 62),
(2, 41, 3, 11),
(2, 41, 5, 45),
(2, 41, 6, 12),
(2, 41, 9, 19),
(2, 41, 9, 31),
(2, 41, 10, 26),
(2, 41, 10, 67),
(2, 41, 12, 51),
(2, 41, 14, 7),
(2, 41, 14, 36),
(2, 41, 19, 8),
(2, 41, 20, 24),
(2, 41, 20, 42),
(2, 41, 21, 1),
(2, 41, 21, 5),
(2, 41, 23, 37),
(2, 41, 23, 55),
(2, 41, 24, 59),
(2, 41, 25, 47),
(2, 41, 28, 50),
(2, 41, 32, 6),
(2, 41, 32, 15),
(2, 41, 34, 66),
(2, 41, 35, 13),
(2, 41, 36, 57),
(2, 41, 37, 22),
(2, 41, 40, 23),
(2, 41, 40, 46),
(2, 41, 41, 58),
(2, 41, 49, 25),
(2, 42, 1, 62),
(2, 42, 3, 11),
(2, 42, 5, 45),
(2, 42, 6, 12),
(2, 42, 7, 58),
(2, 42, 9, 31),
(2, 42, 10, 26),
(2, 42, 10, 67),
(2, 42, 12, 51),
(2, 42, 14, 7),
(2, 42, 14, 36),
(2, 42, 16, 22),
(2, 42, 21, 5),
(2, 42, 23, 37),
(2, 42, 23, 42),
(2, 42, 23, 55),
(2, 42, 24, 24),
(2, 42, 25, 47),
(2, 42, 26, 1),
(2, 42, 28, 50),
(2, 42, 28, 59),
(2, 42, 32, 6),
(2, 42, 34, 66),
(2, 42, 36, 57),
(2, 42, 40, 23),
(2, 42, 40, 46),
(2, 42, 42, 13),
(2, 42, 45, 15),
(2, 42, 48, 8),
(2, 42, 49, 25),
(2, 42, 50, 19),
(2, 43, 2, 5),
(2, 43, 3, 7),
(2, 43, 5, 45),
(2, 43, 6, 55),
(2, 43, 7, 58),
(2, 43, 8, 23),
(2, 43, 10, 67),
(2, 43, 11, 26),
(2, 43, 12, 51),
(2, 43, 13, 11),
(2, 43, 14, 36),
(2, 43, 16, 22),
(2, 43, 16, 31),
(2, 43, 22, 62),
(2, 43, 23, 37),
(2, 43, 23, 42),
(2, 43, 24, 24),
(2, 43, 25, 47),
(2, 43, 26, 1),
(2, 43, 31, 12),
(2, 43, 32, 6),
(2, 43, 34, 50),
(2, 43, 34, 66),
(2, 43, 40, 46),
(2, 43, 42, 13),
(2, 43, 43, 59),
(2, 43, 46, 15),
(2, 43, 47, 57),
(2, 43, 48, 8),
(2, 43, 49, 25),
(2, 43, 50, 19),
(2, 44, 2, 5),
(2, 44, 2, 36),
(2, 44, 3, 7),
(2, 44, 3, 66),
(2, 44, 6, 45),
(2, 44, 7, 47),
(2, 44, 7, 58),
(2, 44, 8, 23),
(2, 44, 11, 26),
(2, 44, 13, 11),
(2, 44, 16, 22),
(2, 44, 16, 31),
(2, 44, 18, 51),
(2, 44, 22, 62),
(2, 44, 23, 42),
(2, 44, 23, 55),
(2, 44, 26, 1),
(2, 44, 26, 67),
(2, 44, 31, 12),
(2, 44, 34, 24),
(2, 44, 34, 50),
(2, 44, 38, 6),
(2, 44, 40, 46),
(2, 44, 42, 13),
(2, 44, 43, 59),
(2, 44, 46, 15),
(2, 44, 46, 25),
(2, 44, 47, 37),
(2, 44, 47, 57),
(2, 44, 48, 8),
(2, 44, 50, 19),
(2, 45, 2, 36),
(2, 45, 3, 7),
(2, 45, 3, 66),
(2, 45, 4, 15),
(2, 45, 4, 19),
(2, 45, 5, 59),
(2, 45, 6, 5),
(2, 45, 6, 45),
(2, 45, 7, 47),
(2, 45, 7, 58),
(2, 45, 8, 23),
(2, 45, 11, 26),
(2, 45, 13, 11),
(2, 45, 17, 31),
(2, 45, 18, 51),
(2, 45, 19, 8),
(2, 45, 20, 46),
(2, 45, 22, 37),
(2, 45, 22, 62),
(2, 45, 23, 42),
(2, 45, 23, 55),
(2, 45, 26, 1),
(2, 45, 26, 67),
(2, 45, 31, 12),
(2, 45, 34, 24),
(2, 45, 34, 50),
(2, 45, 37, 22),
(2, 45, 38, 6),
(2, 45, 43, 13),
(2, 45, 46, 25),
(2, 45, 47, 57),
(2, 46, 2, 36),
(2, 46, 3, 66),
(2, 46, 4, 19),
(2, 46, 5, 59),
(2, 46, 6, 45),
(2, 46, 6, 55),
(2, 46, 7, 47),
(2, 46, 12, 51),
(2, 46, 12, 57),
(2, 46, 13, 11),
(2, 46, 14, 7),
(2, 46, 17, 31),
(2, 46, 19, 8),
(2, 46, 21, 1),
(2, 46, 21, 5),
(2, 46, 22, 37),
(2, 46, 29, 62),
(2, 46, 31, 15),
(2, 46, 33, 26),
(2, 46, 34, 24),
(2, 46, 34, 50),
(2, 46, 37, 22),
(2, 46, 38, 6),
(2, 46, 39, 67),
(2, 46, 40, 23),
(2, 46, 40, 46),
(2, 46, 41, 58),
(2, 46, 42, 42),
(2, 46, 43, 13),
(2, 46, 44, 12),
(2, 46, 46, 25),
(2, 47, 6, 45),
(2, 47, 6, 55),
(2, 47, 9, 19),
(2, 47, 10, 26),
(2, 47, 12, 51),
(2, 47, 12, 57),
(2, 47, 14, 7),
(2, 47, 14, 36),
(2, 47, 16, 11),
(2, 47, 16, 22),
(2, 47, 17, 31),
(2, 47, 19, 8),
(2, 47, 21, 1),
(2, 47, 21, 5),
(2, 47, 23, 37),
(2, 47, 24, 59),
(2, 47, 25, 47),
(2, 47, 27, 50),
(2, 47, 31, 15),
(2, 47, 34, 66),
(2, 47, 37, 62),
(2, 47, 38, 6),
(2, 47, 39, 24),
(2, 47, 39, 67),
(2, 47, 40, 23),
(2, 47, 40, 46),
(2, 47, 41, 58),
(2, 47, 42, 42),
(2, 47, 43, 13),
(2, 47, 44, 12),
(2, 47, 49, 25),
(2, 48, 2, 45),
(2, 48, 3, 7),
(2, 48, 7, 58),
(2, 48, 8, 23),
(2, 48, 10, 26),
(2, 48, 14, 36),
(2, 48, 16, 11),
(2, 48, 16, 22),
(2, 48, 17, 13),
(2, 48, 18, 51),
(2, 48, 19, 8),
(2, 48, 21, 5),
(2, 48, 23, 37),
(2, 48, 23, 55),
(2, 48, 24, 59),
(2, 48, 25, 47),
(2, 48, 26, 1),
(2, 48, 27, 50),
(2, 48, 32, 6),
(2, 48, 32, 15),
(2, 48, 34, 66),
(2, 48, 35, 57),
(2, 48, 36, 31),
(2, 48, 37, 62),
(2, 48, 39, 24),
(2, 48, 40, 46),
(2, 48, 41, 67),
(2, 48, 42, 42),
(2, 48, 44, 12),
(2, 48, 49, 25),
(2, 48, 50, 19),
(2, 49, 2, 5),
(2, 49, 2, 45),
(2, 49, 3, 11),
(2, 49, 3, 66),
(2, 49, 7, 58),
(2, 49, 9, 31),
(2, 49, 11, 26),
(2, 49, 14, 7),
(2, 49, 14, 36),
(2, 49, 16, 22),
(2, 49, 17, 13),
(2, 49, 18, 51),
(2, 49, 20, 42),
(2, 49, 20, 46),
(2, 49, 23, 37),
(2, 49, 23, 55),
(2, 49, 25, 47),
(2, 49, 26, 1),
(2, 49, 28, 50),
(2, 49, 28, 59),
(2, 49, 32, 6),
(2, 49, 32, 15),
(2, 49, 35, 57),
(2, 49, 37, 62),
(2, 49, 39, 24),
(2, 49, 40, 23),
(2, 49, 41, 67),
(2, 49, 44, 12),
(2, 49, 46, 25),
(2, 49, 48, 8),
(2, 49, 50, 19),
(2, 50, 1, 62),
(2, 50, 2, 5),
(2, 50, 3, 7),
(2, 50, 3, 11),
(2, 50, 3, 66),
(2, 50, 4, 19),
(2, 50, 5, 45),
(2, 50, 6, 12),
(2, 50, 7, 58),
(2, 50, 9, 31),
(2, 50, 11, 26),
(2, 50, 12, 51),
(2, 50, 14, 36),
(2, 50, 16, 22),
(2, 50, 17, 13),
(2, 50, 20, 42),
(2, 50, 20, 46),
(2, 50, 23, 55),
(2, 50, 25, 47),
(2, 50, 26, 1),
(2, 50, 28, 50),
(2, 50, 35, 57),
(2, 50, 38, 6),
(2, 50, 39, 24),
(2, 50, 40, 23),
(2, 50, 41, 67),
(2, 50, 43, 59),
(2, 50, 45, 15),
(2, 50, 46, 25),
(2, 50, 47, 37),
(2, 50, 48, 8),
(2, 51, 2, 5),
(2, 51, 2, 36),
(2, 51, 3, 7),
(2, 51, 3, 11),
(2, 51, 4, 19),
(2, 51, 5, 45),
(2, 51, 6, 12),
(2, 51, 6, 55),
(2, 51, 6, 67),
(2, 51, 7, 47),
(2, 51, 8, 23),
(2, 51, 11, 26),
(2, 51, 12, 51),
(2, 51, 16, 31),
(2, 51, 19, 24),
(2, 51, 20, 46),
(2, 51, 22, 62),
(2, 51, 23, 42),
(2, 51, 26, 1),
(2, 51, 29, 13),
(2, 51, 34, 50),
(2, 51, 34, 66),
(2, 51, 36, 57),
(2, 51, 37, 22),
(2, 51, 38, 6),
(2, 51, 41, 58),
(2, 51, 43, 59),
(2, 51, 45, 15),
(2, 51, 46, 25),
(2, 51, 47, 37),
(2, 51, 48, 8),
(2, 52, 3, 11),
(2, 52, 5, 45),
(2, 52, 6, 5),
(2, 52, 6, 55),
(2, 52, 6, 67),
(2, 52, 7, 47),
(2, 52, 9, 19),
(2, 52, 14, 7),
(2, 52, 14, 36),
(2, 52, 16, 31),
(2, 52, 18, 51),
(2, 52, 19, 8),
(2, 52, 19, 24),
(2, 52, 21, 1),
(2, 52, 22, 37),
(2, 52, 22, 62),
(2, 52, 31, 12),
(2, 52, 33, 26),
(2, 52, 34, 50),
(2, 52, 34, 66),
(2, 52, 35, 13),
(2, 52, 37, 22),
(2, 52, 38, 6),
(2, 52, 40, 23),
(2, 52, 40, 46),
(2, 52, 41, 58),
(2, 52, 42, 42),
(2, 52, 43, 59),
(2, 52, 46, 15),
(2, 52, 47, 57),
(2, 52, 49, 25),
(2, 53, 3, 66),
(2, 53, 4, 15),
(2, 53, 5, 45),
(2, 53, 5, 59),
(2, 53, 6, 55),
(2, 53, 6, 67),
(2, 53, 7, 58),
(2, 53, 12, 51),
(2, 53, 13, 11),
(2, 53, 14, 7),
(2, 53, 14, 36),
(2, 53, 16, 31),
(2, 53, 19, 8),
(2, 53, 19, 24),
(2, 53, 20, 42),
(2, 53, 20, 46),
(2, 53, 21, 1),
(2, 53, 21, 5),
(2, 53, 22, 37),
(2, 53, 22, 62),
(2, 53, 25, 47),
(2, 53, 33, 26),
(2, 53, 34, 50),
(2, 53, 35, 13),
(2, 53, 37, 22),
(2, 53, 38, 6),
(2, 53, 40, 23),
(2, 53, 44, 12),
(2, 53, 47, 57),
(2, 53, 49, 25),
(2, 53, 50, 19),
(2, 54, 3, 66),
(2, 54, 4, 15),
(2, 54, 5, 59),
(2, 54, 6, 45),
(2, 54, 7, 58),
(2, 54, 8, 23),
(2, 54, 10, 26),
(2, 54, 10, 67),
(2, 54, 12, 51),
(2, 54, 12, 57),
(2, 54, 13, 11),
(2, 54, 14, 7),
(2, 54, 14, 36),
(2, 54, 17, 31),
(2, 54, 19, 8),
(2, 54, 20, 24),
(2, 54, 20, 42),
(2, 54, 20, 46),
(2, 54, 21, 5),
(2, 54, 23, 37),
(2, 54, 23, 55),
(2, 54, 25, 47),
(2, 54, 26, 1),
(2, 54, 29, 62),
(2, 54, 32, 6),
(2, 54, 34, 50),
(2, 54, 37, 22),
(2, 54, 42, 13),
(2, 54, 44, 12),
(2, 54, 49, 25),
(2, 54, 50, 19),
(2, 55, 3, 66),
(2, 55, 4, 15),
(2, 55, 5, 59),
(2, 55, 6, 12),
(2, 55, 6, 45),
(2, 55, 7, 58),
(2, 55, 8, 23),
(2, 55, 10, 26),
(2, 55, 10, 67),
(2, 55, 12, 57),
(2, 55, 13, 11),
(2, 55, 14, 36),
(2, 55, 16, 22),
(2, 55, 17, 31),
(2, 55, 18, 51),
(2, 55, 19, 8),
(2, 55, 20, 24),
(2, 55, 21, 5),
(2, 55, 23, 37),
(2, 55, 23, 42),
(2, 55, 23, 55),
(2, 55, 25, 47),
(2, 55, 26, 1),
(2, 55, 27, 50),
(2, 55, 29, 62),
(2, 55, 32, 6),
(2, 55, 40, 46),
(2, 55, 43, 13),
(2, 55, 49, 25),
(2, 55, 50, 19),
(2, 56, 2, 5),
(2, 56, 2, 36),
(2, 56, 2, 45),
(2, 56, 4, 19),
(2, 56, 6, 12),
(2, 56, 7, 47),
(2, 56, 8, 23),
(2, 56, 10, 67),
(2, 56, 11, 26),
(2, 56, 13, 11),
(2, 56, 16, 22),
(2, 56, 17, 13),
(2, 56, 17, 31),
(2, 56, 20, 24),
(2, 56, 23, 37),
(2, 56, 23, 42),
(2, 56, 23, 55),
(2, 56, 24, 59),
(2, 56, 27, 50),
(2, 56, 29, 62),
(2, 56, 31, 15),
(2, 56, 32, 6),
(2, 56, 34, 66),
(2, 56, 35, 57),
(2, 56, 40, 46),
(2, 56, 41, 58),
(2, 56, 46, 25),
(2, 56, 48, 8),
(2, 57, 2, 5),
(2, 57, 2, 36),
(2, 57, 4, 19),
(2, 57, 5, 45),
(2, 57, 6, 12),
(2, 57, 6, 55),
(2, 57, 7, 47),
(2, 57, 10, 67),
(2, 57, 11, 26),
(2, 57, 16, 11),
(2, 57, 23, 42),
(2, 57, 24, 24),
(2, 57, 24, 59),
(2, 57, 27, 50),
(2, 57, 29, 13),
(2, 57, 29, 62),
(2, 57, 31, 15),
(2, 57, 34, 66),
(2, 57, 36, 31),
(2, 57, 36, 57),
(2, 57, 37, 22),
(2, 57, 38, 6),
(2, 57, 40, 23),
(2, 57, 40, 46),
(2, 57, 46, 25),
(2, 57, 47, 37),
(2, 57, 48, 8),
(2, 58, 2, 5),
(2, 58, 2, 36),
(2, 58, 3, 11),
(2, 58, 4, 19),
(2, 58, 5, 45),
(2, 58, 6, 55),
(2, 58, 7, 47),
(2, 58, 11, 26),
(2, 58, 24, 24),
(2, 58, 24, 59),
(2, 58, 26, 67),
(2, 58, 28, 50),
(2, 58, 29, 13),
(2, 58, 31, 12),
(2, 58, 31, 15),
(2, 58, 36, 31),
(2, 58, 36, 57),
(2, 58, 37, 22),
(2, 58, 37, 62),
(2, 58, 38, 6),
(2, 58, 40, 23),
(2, 58, 40, 46),
(2, 58, 42, 42),
(2, 58, 46, 25),
(2, 58, 47, 37),
(2, 58, 48, 8),
(2, 59, 3, 11),
(2, 59, 4, 19),
(2, 59, 5, 45),
(2, 59, 6, 5),
(2, 59, 11, 26),
(2, 59, 14, 36),
(2, 59, 19, 8),
(2, 59, 20, 42),
(2, 59, 23, 55),
(2, 59, 25, 47),
(2, 59, 26, 67),
(2, 59, 28, 50),
(2, 59, 28, 59),
(2, 59, 31, 12),
(2, 59, 31, 15),
(2, 59, 34, 24),
(2, 59, 35, 13),
(2, 59, 36, 31),
(2, 59, 36, 57),
(2, 59, 37, 22),
(2, 59, 37, 62),
(2, 59, 38, 6),
(2, 59, 40, 23),
(2, 59, 46, 25),
(2, 59, 47, 37),
(2, 60, 1, 62),
(2, 60, 3, 11),
(2, 60, 5, 45),
(2, 60, 6, 5),
(2, 60, 9, 19),
(2, 60, 9, 31),
(2, 60, 14, 36),
(2, 60, 19, 8),
(2, 60, 20, 42),
(2, 60, 22, 37),
(2, 60, 23, 55),
(2, 60, 26, 67),
(2, 60, 28, 59),
(2, 60, 31, 12),
(2, 60, 32, 15),
(2, 60, 33, 26),
(2, 60, 34, 24),
(2, 60, 34, 50),
(2, 60, 35, 13),
(2, 60, 37, 22),
(2, 60, 40, 23),
(2, 60, 47, 57),
(2, 60, 49, 25),
(2, 61, 1, 62),
(2, 61, 6, 45),
(2, 61, 6, 55),
(2, 61, 9, 19),
(2, 61, 9, 31),
(2, 61, 13, 11),
(2, 61, 14, 36),
(2, 61, 16, 22),
(2, 61, 19, 8),
(2, 61, 20, 42),
(2, 61, 21, 5),
(2, 61, 22, 37),
(2, 61, 28, 59),
(2, 61, 32, 15),
(2, 61, 33, 26),
(2, 61, 34, 24),
(2, 61, 34, 50),
(2, 61, 35, 13),
(2, 61, 39, 67),
(2, 61, 44, 12),
(2, 61, 47, 57),
(2, 61, 49, 25),
(2, 62, 1, 62),
(2, 62, 2, 45),
(2, 62, 6, 55),
(2, 62, 9, 19),
(2, 62, 16, 11),
(2, 62, 16, 31),
(2, 62, 21, 5),
(2, 62, 22, 37),
(2, 62, 23, 42),
(2, 62, 27, 50),
(2, 62, 32, 15),
(2, 62, 33, 26),
(2, 62, 35, 13),
(2, 62, 37, 22),
(2, 62, 39, 24),
(2, 62, 39, 67),
(2, 62, 43, 59),
(2, 62, 44, 12),
(2, 62, 47, 57),
(2, 62, 48, 8),
(2, 62, 49, 25),
(2, 63, 2, 5),
(2, 63, 2, 45),
(2, 63, 3, 11),
(2, 63, 6, 12),
(2, 63, 6, 55),
(2, 63, 9, 19),
(2, 63, 12, 57),
(2, 63, 16, 31),
(2, 63, 19, 24),
(2, 63, 22, 62),
(2, 63, 23, 37),
(2, 63, 23, 42),
(2, 63, 27, 50),
(2, 63, 32, 15),
(2, 63, 33, 26),
(2, 63, 37, 22),
(2, 63, 39, 67),
(2, 63, 42, 13),
(2, 63, 43, 59),
(2, 63, 48, 8),
(2, 63, 49, 25),
(2, 64, 2, 45),
(2, 64, 3, 11),
(2, 64, 6, 5),
(2, 64, 6, 12),
(2, 64, 6, 55),
(2, 64, 10, 26),
(2, 64, 12, 57),
(2, 64, 16, 31),
(2, 64, 19, 24),
(2, 64, 22, 62),
(2, 64, 23, 37),
(2, 64, 23, 42),
(2, 64, 27, 50),
(2, 64, 37, 22),
(2, 64, 41, 67),
(2, 64, 42, 13),
(2, 64, 43, 59),
(2, 64, 45, 15),
(2, 64, 50, 19),
(2, 65, 2, 45),
(2, 65, 5, 59),
(2, 65, 6, 5),
(2, 65, 10, 26),
(2, 65, 12, 57),
(2, 65, 13, 11),
(2, 65, 17, 31),
(2, 65, 20, 24),
(2, 65, 23, 37),
(2, 65, 23, 55),
(2, 65, 28, 50),
(2, 65, 29, 62),
(2, 65, 31, 12),
(2, 65, 41, 67),
(2, 65, 42, 42),
(2, 65, 43, 13),
(2, 65, 45, 15),
(2, 65, 50, 19),
(2, 66, 5, 45),
(2, 66, 5, 59),
(2, 66, 6, 5),
(2, 66, 6, 67),
(2, 66, 11, 26),
(2, 66, 12, 57),
(2, 66, 13, 11),
(2, 66, 17, 31),
(2, 66, 20, 24),
(2, 66, 29, 62),
(2, 66, 31, 12),
(2, 66, 34, 50),
(2, 66, 42, 42),
(2, 66, 43, 13),
(2, 66, 46, 15),
(2, 66, 47, 37),
(2, 66, 50, 19),
(2, 67, 4, 19),
(2, 67, 5, 45),
(2, 67, 6, 67),
(2, 67, 11, 26),
(2, 67, 13, 11),
(2, 67, 17, 13),
(2, 67, 21, 5),
(2, 67, 24, 24),
(2, 67, 24, 59),
(2, 67, 27, 50),
(2, 67, 29, 62),
(2, 67, 31, 12),
(2, 67, 35, 57),
(2, 67, 36, 31),
(2, 67, 42, 42),
(2, 67, 46, 15),
(2, 67, 47, 37),
(2, 68, 2, 5),
(2, 68, 4, 15),
(2, 68, 5, 45),
(2, 68, 9, 19),
(2, 68, 10, 67),
(2, 68, 11, 26),
(2, 68, 16, 11),
(2, 68, 17, 13),
(2, 68, 20, 42),
(2, 68, 24, 24),
(2, 68, 24, 59),
(2, 68, 27, 50),
(2, 68, 31, 12),
(2, 68, 35, 57),
(2, 68, 36, 31),
(2, 68, 37, 62),
(2, 68, 47, 37),
(2, 69, 4, 15),
(2, 69, 6, 5),
(2, 69, 6, 45),
(2, 69, 9, 19),
(2, 69, 9, 31),
(2, 69, 10, 67),
(2, 69, 16, 11),
(2, 69, 17, 13),
(2, 69, 20, 42),
(2, 69, 22, 37),
(2, 69, 28, 50),
(2, 69, 28, 59),
(2, 69, 33, 26),
(2, 69, 34, 24),
(2, 69, 35, 57),
(2, 69, 37, 62),
(2, 69, 44, 12),
(2, 70, 4, 15),
(2, 70, 6, 5),
(2, 70, 6, 12),
(2, 70, 6, 45),
(2, 70, 9, 31),
(2, 70, 16, 11),
(2, 70, 20, 42),
(2, 70, 23, 37),
(2, 70, 26, 67),
(2, 70, 28, 50),
(2, 70, 28, 59),
(2, 70, 29, 13),
(2, 70, 33, 26),
(2, 70, 34, 24),
(2, 70, 36, 57),
(2, 70, 37, 62),
(2, 70, 50, 19),
(2, 71, 1, 62),
(2, 71, 3, 11),
(2, 71, 6, 5),
(2, 71, 6, 12),
(2, 71, 6, 45),
(2, 71, 9, 31),
(2, 71, 23, 37),
(2, 71, 23, 42),
(2, 71, 28, 50),
(2, 71, 28, 59),
(2, 71, 29, 13),
(2, 71, 31, 15),
(2, 71, 33, 26),
(2, 71, 34, 24),
(2, 71, 36, 57),
(2, 71, 39, 67),
(2, 71, 50, 19),
(2, 72, 1, 62),
(2, 72, 2, 45),
(2, 72, 3, 11),
(2, 72, 4, 19),
(2, 72, 10, 26),
(2, 72, 16, 31),
(2, 72, 21, 5),
(2, 72, 23, 37),
(2, 72, 23, 42),
(2, 72, 29, 13),
(2, 72, 31, 12),
(2, 72, 31, 15),
(2, 72, 34, 50),
(2, 72, 36, 57),
(2, 72, 39, 24),
(2, 72, 39, 67),
(2, 72, 43, 59),
(2, 73, 1, 62),
(2, 73, 2, 45),
(2, 73, 4, 19),
(2, 73, 5, 59),
(2, 73, 10, 26),
(2, 73, 13, 11),
(2, 73, 16, 31),
(2, 73, 21, 5),
(2, 73, 29, 13),
(2, 73, 31, 15),
(2, 73, 34, 50),
(2, 73, 39, 24),
(2, 73, 41, 67),
(2, 73, 42, 42),
(2, 73, 44, 12),
(2, 73, 47, 37),
(2, 73, 47, 57),
(2, 74, 2, 45),
(2, 74, 5, 59),
(2, 74, 6, 12),
(2, 74, 6, 67),
(2, 74, 9, 19),
(2, 74, 10, 26),
(2, 74, 13, 11),
(2, 74, 16, 31),
(2, 74, 21, 5),
(2, 74, 22, 62),
(2, 74, 27, 50),
(2, 74, 32, 15),
(2, 74, 35, 13),
(2, 74, 39, 24),
(2, 74, 42, 42),
(2, 74, 47, 37),
(2, 74, 47, 57),
(2, 75, 2, 5),
(2, 75, 5, 45),
(2, 75, 5, 59),
(2, 75, 6, 12),
(2, 75, 6, 67),
(2, 75, 9, 19),
(2, 75, 11, 26),
(2, 75, 12, 57),
(2, 75, 13, 11),
(2, 75, 17, 31),
(2, 75, 19, 24),
(2, 75, 22, 62),
(2, 75, 27, 50),
(2, 75, 35, 13),
(2, 75, 42, 42),
(2, 75, 45, 15),
(2, 75, 47, 37),
(2, 76, 5, 45),
(2, 76, 5, 59),
(2, 76, 6, 5),
(2, 76, 6, 67),
(2, 76, 11, 26),
(2, 76, 13, 11),
(2, 76, 19, 24),
(2, 76, 20, 42),
(2, 76, 22, 37),
(2, 76, 22, 62),
(2, 76, 27, 50),
(2, 76, 31, 12),
(2, 76, 35, 13),
(2, 76, 35, 57),
(2, 76, 36, 31),
(2, 76, 45, 15),
(2, 76, 50, 19),
(2, 77, 5, 45),
(2, 77, 6, 5),
(2, 77, 6, 67),
(2, 77, 11, 26),
(2, 77, 16, 11),
(2, 77, 20, 24),
(2, 77, 20, 42),
(2, 77, 22, 37),
(2, 77, 22, 62),
(2, 77, 24, 59),
(2, 77, 28, 50),
(2, 77, 31, 12),
(2, 77, 35, 57),
(2, 77, 36, 31),
(2, 77, 42, 13),
(2, 77, 46, 15),
(2, 77, 50, 19),
(2, 78, 3, 11),
(2, 78, 6, 5),
(2, 78, 6, 45),
(2, 78, 10, 67),
(2, 78, 20, 24),
(2, 78, 20, 42),
(2, 78, 23, 37),
(2, 78, 24, 59),
(2, 78, 29, 62),
(2, 78, 33, 26),
(2, 78, 34, 50),
(2, 78, 35, 57),
(2, 78, 36, 31),
(2, 78, 42, 13),
(2, 78, 44, 12),
(2, 78, 46, 15),
(2, 78, 50, 19),
(2, 79, 2, 45),
(2, 79, 3, 11),
(2, 79, 4, 19),
(2, 79, 10, 67),
(2, 79, 20, 24),
(2, 79, 21, 5),
(2, 79, 23, 37),
(2, 79, 23, 42),
(2, 79, 24, 59),
(2, 79, 29, 62),
(2, 79, 33, 26),
(2, 79, 34, 50),
(2, 79, 36, 31),
(2, 79, 36, 57),
(2, 79, 43, 13),
(2, 79, 46, 15),
(2, 80, 2, 45),
(2, 80, 3, 11),
(2, 80, 4, 15),
(2, 80, 4, 19),
(2, 80, 9, 31),
(2, 80, 10, 67),
(2, 80, 17, 13),
(2, 80, 21, 5),
(2, 80, 23, 37),
(2, 80, 23, 42),
(2, 80, 24, 24),
(2, 80, 28, 59),
(2, 80, 29, 62),
(2, 80, 33, 26),
(2, 80, 34, 50),
(2, 80, 36, 57),
(2, 81, 3, 11),
(2, 81, 4, 15),
(2, 81, 4, 19),
(2, 81, 5, 45),
(2, 81, 9, 31),
(2, 81, 10, 26),
(2, 81, 17, 13),
(2, 81, 21, 5),
(2, 81, 23, 37),
(2, 81, 23, 42),
(2, 81, 24, 24),
(2, 81, 26, 67),
(2, 81, 27, 50),
(2, 81, 29, 62),
(2, 81, 43, 59),
(2, 81, 47, 57),
(2, 82, 2, 5),
(2, 82, 4, 15),
(2, 82, 5, 45),
(2, 82, 9, 19),
(2, 82, 10, 26),
(2, 82, 13, 11),
(2, 82, 16, 31),
(2, 82, 23, 42),
(2, 82, 24, 24),
(2, 82, 26, 67),
(2, 82, 27, 50),
(2, 82, 29, 13),
(2, 82, 37, 62),
(2, 82, 43, 59),
(2, 82, 47, 37),
(2, 82, 47, 57),
(2, 83, 6, 5),
(2, 83, 6, 45),
(2, 83, 9, 19),
(2, 83, 10, 26),
(2, 83, 13, 11),
(2, 83, 16, 31),
(2, 83, 26, 67),
(2, 83, 27, 50),
(2, 83, 29, 13),
(2, 83, 31, 15),
(2, 83, 34, 24),
(2, 83, 37, 62),
(2, 83, 42, 42),
(2, 83, 43, 59),
(2, 83, 47, 37),
(2, 83, 47, 57),
(2, 84, 5, 59),
(2, 84, 6, 45),
(2, 84, 11, 26),
(2, 84, 12, 57),
(2, 84, 13, 11),
(2, 84, 16, 31),
(2, 84, 21, 5),
(2, 84, 27, 50),
(2, 84, 31, 15),
(2, 84, 35, 13),
(2, 84, 37, 62),
(2, 84, 39, 24),
(2, 84, 39, 67),
(2, 84, 42, 42),
(2, 84, 47, 37),
(2, 84, 50, 19),
(2, 85, 5, 59),
(2, 85, 6, 45),
(2, 85, 11, 26),
(2, 85, 16, 11),
(2, 85, 16, 31),
(2, 85, 20, 42),
(2, 85, 21, 5),
(2, 85, 28, 50),
(2, 85, 31, 15),
(2, 85, 35, 13),
(2, 85, 35, 57),
(2, 85, 37, 62),
(2, 85, 39, 24),
(2, 85, 39, 67),
(2, 85, 47, 37),
(2, 85, 50, 19),
(2, 86, 1, 62),
(2, 86, 2, 45),
(2, 86, 5, 59),
(2, 86, 11, 26),
(2, 86, 16, 11),
(2, 86, 17, 31),
(2, 86, 19, 24),
(2, 86, 20, 42),
(2, 86, 21, 5),
(2, 86, 22, 37),
(2, 86, 28, 50),
(2, 86, 32, 15),
(2, 86, 35, 13),
(2, 86, 35, 57),
(2, 86, 41, 67),
(2, 87, 1, 62),
(2, 87, 2, 45),
(2, 87, 3, 11),
(2, 87, 11, 26),
(2, 87, 17, 31),
(2, 87, 19, 24),
(2, 87, 22, 37),
(2, 87, 23, 42),
(2, 87, 24, 59),
(2, 87, 32, 15),
(2, 87, 34, 50),
(2, 87, 36, 57),
(2, 87, 41, 67),
(2, 87, 42, 13),
(2, 88, 1, 62),
(2, 88, 2, 45),
(2, 88, 3, 11),
(2, 88, 17, 31),
(2, 88, 19, 24),
(2, 88, 23, 37),
(2, 88, 23, 42),
(2, 88, 24, 59),
(2, 88, 33, 26),
(2, 88, 34, 50),
(2, 88, 36, 57),
(2, 88, 41, 67),
(2, 88, 42, 13),
(2, 88, 45, 15),
(2, 89, 1, 62),
(2, 89, 3, 11),
(2, 89, 5, 45),
(2, 89, 6, 67),
(2, 89, 19, 24),
(2, 89, 23, 37),
(2, 89, 23, 42),
(2, 89, 27, 50),
(2, 89, 28, 59),
(2, 89, 33, 26),
(2, 89, 36, 31),
(2, 89, 42, 13),
(2, 89, 45, 15),
(2, 89, 47, 57),
(2, 90, 5, 45),
(2, 90, 6, 67),
(2, 90, 10, 26),
(2, 90, 13, 11),
(2, 90, 20, 24),
(2, 90, 22, 62),
(2, 90, 27, 50),
(2, 90, 28, 59),
(2, 90, 36, 31),
(2, 90, 42, 42),
(2, 90, 43, 13),
(2, 90, 45, 15),
(2, 90, 47, 37),
(2, 90, 47, 57),
(2, 91, 5, 45),
(2, 91, 6, 67),
(2, 91, 9, 31),
(2, 91, 10, 26),
(2, 91, 13, 11),
(2, 91, 20, 24),
(2, 91, 22, 62),
(2, 91, 28, 50),
(2, 91, 42, 42),
(2, 91, 43, 13),
(2, 91, 43, 59),
(2, 91, 46, 15),
(2, 91, 47, 37),
(2, 91, 47, 57),
(2, 92, 6, 45),
(2, 92, 9, 31),
(2, 92, 10, 26),
(2, 92, 10, 67),
(2, 92, 12, 57),
(2, 92, 16, 11),
(2, 92, 17, 13),
(2, 92, 20, 24),
(2, 92, 22, 62),
(2, 92, 34, 50),
(2, 92, 42, 42),
(2, 92, 43, 59),
(2, 92, 46, 15),
(2, 93, 6, 45),
(2, 93, 10, 26),
(2, 93, 10, 67),
(2, 93, 16, 11),
(2, 93, 16, 31),
(2, 93, 17, 13),
(2, 93, 24, 24),
(2, 93, 29, 62),
(2, 93, 35, 57),
(2, 93, 43, 59),
(2, 93, 46, 15),
(2, 94, 4, 15),
(2, 94, 5, 59),
(2, 94, 11, 26),
(2, 94, 16, 11),
(2, 94, 16, 31),
(2, 94, 24, 24),
(2, 94, 26, 67),
(2, 94, 29, 13),
(2, 94, 29, 62),
(2, 94, 35, 57),
(2, 95, 4, 15),
(2, 95, 5, 59),
(2, 95, 16, 31),
(2, 95, 29, 13),
(2, 95, 29, 62),
(2, 95, 33, 26),
(2, 95, 34, 24),
(2, 95, 36, 57),
(2, 95, 39, 67),
(2, 96, 4, 15),
(2, 96, 17, 31),
(2, 96, 24, 59),
(2, 96, 29, 62),
(2, 96, 33, 26),
(2, 96, 34, 24),
(2, 96, 35, 13),
(2, 96, 36, 57),
(2, 96, 39, 67);
INSERT INTO `LANCER` (`idL`, `numT`, `idP`, `idJ`) VALUES
(2, 97, 17, 31),
(2, 97, 24, 59),
(2, 97, 31, 15),
(2, 97, 33, 26),
(2, 97, 34, 24),
(2, 97, 35, 13),
(2, 97, 36, 57),
(2, 97, 37, 62),
(2, 97, 41, 67),
(2, 98, 17, 31),
(2, 98, 24, 59),
(2, 98, 31, 15),
(2, 98, 34, 24),
(2, 98, 35, 13),
(2, 98, 36, 57),
(2, 98, 37, 62),
(2, 98, 41, 67),
(2, 99, 1, 62),
(2, 99, 28, 59),
(2, 99, 32, 15),
(2, 99, 35, 13),
(2, 99, 36, 31),
(2, 99, 39, 24),
(2, 99, 41, 67),
(2, 99, 47, 57),
(2, 100, 1, 62),
(2, 100, 6, 67),
(2, 100, 32, 15),
(2, 100, 36, 31),
(2, 100, 39, 24),
(2, 100, 42, 13),
(2, 100, 43, 59),
(2, 100, 47, 57),
(2, 101, 6, 67),
(2, 101, 9, 31),
(2, 101, 22, 62),
(2, 101, 32, 15),
(2, 101, 39, 24),
(2, 101, 42, 13),
(2, 101, 43, 59),
(2, 101, 47, 57),
(2, 102, 9, 31),
(2, 102, 10, 67),
(2, 102, 12, 57),
(2, 102, 19, 24),
(2, 102, 22, 62),
(2, 102, 32, 15),
(2, 102, 43, 13),
(2, 102, 43, 59),
(2, 103, 5, 59),
(2, 103, 9, 31),
(2, 103, 10, 67),
(2, 103, 12, 57),
(2, 103, 20, 24),
(2, 103, 22, 62),
(2, 103, 43, 13),
(2, 103, 45, 15),
(2, 104, 10, 67),
(2, 104, 12, 57),
(2, 104, 16, 31),
(2, 104, 17, 13),
(2, 104, 24, 24),
(2, 104, 24, 59),
(2, 104, 29, 62),
(2, 104, 45, 15),
(2, 105, 10, 67),
(2, 105, 12, 57),
(2, 105, 16, 31),
(2, 105, 17, 13),
(2, 105, 24, 24),
(2, 105, 28, 59),
(2, 105, 29, 62),
(2, 105, 46, 15),
(2, 106, 16, 31),
(2, 106, 17, 13),
(2, 106, 24, 24),
(2, 106, 26, 67),
(2, 106, 35, 57),
(2, 106, 37, 62),
(2, 106, 43, 59),
(2, 106, 46, 15),
(2, 107, 4, 15),
(2, 107, 17, 13),
(2, 107, 17, 31),
(2, 107, 26, 67),
(2, 107, 34, 24),
(2, 107, 35, 57),
(2, 107, 37, 62),
(2, 107, 43, 59),
(2, 108, 1, 62),
(2, 108, 4, 15),
(2, 108, 17, 31),
(2, 108, 26, 67),
(2, 108, 29, 13),
(2, 108, 34, 24),
(2, 108, 35, 57),
(2, 108, 43, 59),
(2, 109, 17, 31),
(2, 109, 22, 62),
(2, 109, 26, 67),
(2, 109, 29, 13),
(2, 109, 31, 15),
(2, 109, 34, 24),
(2, 109, 36, 57),
(2, 109, 43, 59),
(2, 110, 22, 62),
(2, 110, 31, 15),
(2, 110, 35, 13),
(2, 110, 36, 31),
(2, 110, 36, 57),
(2, 110, 39, 24),
(2, 110, 39, 67),
(2, 111, 29, 62),
(2, 111, 31, 15),
(2, 111, 36, 31),
(2, 111, 36, 57),
(2, 111, 39, 24),
(2, 111, 39, 67),
(2, 111, 42, 13),
(2, 112, 9, 31),
(2, 112, 19, 24),
(2, 112, 29, 62),
(2, 112, 32, 15),
(2, 112, 41, 67),
(2, 112, 42, 13),
(2, 112, 47, 57),
(2, 113, 9, 31),
(2, 113, 20, 24),
(2, 113, 32, 15),
(2, 113, 37, 62),
(2, 113, 41, 67),
(2, 113, 43, 13),
(2, 113, 47, 57),
(2, 114, 9, 31),
(2, 114, 20, 24),
(2, 114, 37, 62),
(2, 114, 41, 67),
(2, 114, 43, 13),
(2, 114, 45, 15),
(2, 114, 47, 57),
(2, 115, 12, 57),
(2, 115, 16, 31),
(2, 115, 20, 24),
(2, 115, 37, 62),
(2, 115, 41, 67),
(2, 115, 43, 13),
(2, 115, 45, 15),
(2, 116, 6, 67),
(2, 116, 12, 57),
(2, 116, 16, 31),
(2, 116, 17, 13),
(2, 116, 24, 24),
(2, 116, 37, 62),
(2, 116, 45, 15),
(2, 117, 1, 62),
(2, 117, 6, 67),
(2, 117, 12, 57),
(2, 117, 16, 31),
(2, 117, 17, 13),
(2, 117, 24, 24),
(2, 117, 46, 15),
(2, 118, 6, 67),
(2, 118, 12, 57),
(2, 118, 17, 13),
(2, 118, 17, 31),
(2, 118, 22, 62),
(2, 118, 34, 24),
(2, 118, 46, 15),
(2, 119, 10, 67),
(2, 119, 17, 31),
(2, 119, 22, 62),
(2, 119, 29, 13),
(2, 119, 34, 24),
(2, 119, 35, 57),
(2, 119, 46, 15),
(2, 120, 10, 67),
(2, 120, 17, 31),
(2, 120, 22, 62),
(2, 120, 35, 13),
(2, 120, 35, 57),
(2, 120, 39, 24),
(2, 120, 46, 15),
(2, 121, 4, 15),
(2, 121, 22, 62),
(2, 121, 26, 67),
(2, 121, 35, 13),
(2, 121, 35, 57),
(2, 121, 36, 31),
(2, 121, 39, 24),
(2, 122, 4, 15),
(2, 122, 26, 67),
(2, 122, 29, 62),
(2, 122, 35, 13),
(2, 122, 36, 57),
(2, 122, 39, 24),
(2, 123, 4, 15),
(2, 123, 19, 24),
(2, 123, 26, 67),
(2, 123, 29, 62),
(2, 123, 36, 57),
(2, 123, 42, 13),
(2, 124, 19, 24),
(2, 124, 26, 67),
(2, 124, 29, 62),
(2, 124, 31, 15),
(2, 124, 36, 57),
(2, 124, 43, 13),
(2, 125, 19, 24),
(2, 125, 29, 62),
(2, 125, 31, 15),
(2, 125, 39, 67),
(2, 125, 43, 13),
(2, 125, 47, 57),
(2, 126, 20, 24),
(2, 126, 32, 15),
(2, 126, 37, 62),
(2, 126, 41, 67),
(2, 126, 43, 13),
(2, 126, 47, 57),
(2, 127, 6, 67),
(2, 127, 17, 13),
(2, 127, 20, 24),
(2, 127, 32, 15),
(2, 127, 37, 62),
(2, 128, 6, 67),
(2, 128, 17, 13),
(2, 128, 24, 24),
(2, 128, 37, 62),
(2, 128, 45, 15),
(2, 129, 6, 67),
(2, 129, 24, 24),
(2, 129, 29, 13),
(2, 129, 45, 15),
(2, 130, 10, 67),
(2, 130, 29, 13),
(2, 130, 34, 24),
(2, 130, 45, 15),
(2, 131, 10, 67),
(2, 131, 34, 24),
(2, 131, 35, 13),
(2, 131, 45, 15),
(2, 132, 10, 67),
(2, 132, 35, 13),
(2, 132, 39, 24),
(2, 132, 46, 15),
(2, 133, 10, 67),
(2, 133, 19, 24),
(2, 133, 35, 13),
(2, 133, 46, 15),
(2, 134, 4, 15),
(2, 134, 19, 24),
(2, 134, 26, 67),
(2, 134, 35, 13),
(2, 135, 4, 15),
(2, 135, 19, 24),
(2, 135, 26, 67),
(2, 135, 42, 13),
(2, 136, 20, 24),
(2, 136, 26, 67),
(2, 136, 31, 15),
(2, 136, 42, 13),
(2, 137, 20, 24),
(2, 137, 26, 67),
(2, 137, 32, 15),
(2, 137, 43, 13),
(2, 138, 24, 24),
(2, 138, 32, 15),
(2, 138, 39, 67),
(2, 138, 43, 13),
(2, 139, 24, 24),
(2, 139, 32, 15),
(2, 139, 39, 67),
(2, 139, 43, 13),
(2, 140, 24, 24),
(2, 140, 39, 67),
(2, 140, 43, 13),
(2, 140, 45, 15),
(2, 141, 34, 24),
(2, 141, 39, 67),
(2, 141, 45, 15),
(2, 142, 34, 24),
(2, 142, 41, 67),
(2, 142, 46, 15),
(2, 143, 39, 24),
(2, 143, 41, 67),
(2, 143, 46, 15),
(2, 144, 39, 24),
(2, 144, 41, 67),
(2, 145, 6, 67),
(2, 145, 39, 24),
(2, 146, 10, 67),
(2, 147, 10, 67),
(2, 148, 26, 67),
(2, 149, 39, 67),
(2, 150, 39, 67),
(2, 151, 41, 67);

--
-- Déchargement des données de la table `MEME_AU_CHOIX`
--

INSERT INTO `MEME_AU_CHOIX` (`idCo`, `nombre`) VALUES
('31', '2'),
('32', '3'),
('33', '4'),
('34', '2'),
('35', '3'),
('36', '4'),
('37', '2'),
('38', '3'),
('39', '4');

--
-- Déchargement des données de la table `PARTICIPE`
--

INSERT INTO `PARTICIPE` (`idJ`, `Niveau`, `a_joue`, `est_qualifie`, `idT`) VALUES
(1, 'Demi-finale', 1, 1, 1),
(1, 'Finale', 1, 0, 1),
(1, 'Finale', 0, NULL, 12),
(1, 'Quart de finale', 1, 1, 1),
(2, 'Demi-finale', 1, 1, 4),
(2, 'Finale', 1, 0, 4),
(2, 'Quart de finale', 1, 0, 1),
(2, 'Quart de finale', 1, 1, 4),
(3, 'Demi-finale', 0, NULL, 10),
(3, 'Demi-finale', 0, NULL, 11),
(3, 'Quart de finale', 1, 0, 1),
(4, 'Demi-finale', 1, 1, 1),
(4, 'Demi-finale', 0, NULL, 11),
(4, 'Finale', 1, 1, 1),
(4, 'Huitième de finale', 0, NULL, 6),
(4, 'Quart de finale', 1, 1, 1),
(5, 'Finale', 1, 0, 2),
(5, 'Quart de finale', 1, 0, 4),
(5, 'Quart de finale', 0, NULL, 9),
(6, 'Finale', 1, 1, 2),
(7, 'Demi-finale', 0, NULL, 10),
(7, 'Finale', 1, 0, 3),
(7, 'Huitième de finale', 0, NULL, 6),
(8, 'Demi-finale', 0, NULL, 11),
(8, 'Finale', 1, 1, 3),
(9, 'Quart de finale', 1, 0, 4),
(10, 'Demi-finale', 1, 1, 4),
(10, 'Finale', 1, 1, 4),
(10, 'Quart de finale', 1, 1, 4),
(10, 'Quart de finale', 0, NULL, 9),
(11, 'Demi-finale', 0, NULL, 14),
(12, 'Finale', 0, NULL, 12),
(15, 'Demi-finale', 0, NULL, 7),
(15, 'Quart de finale', 0, NULL, 9),
(16, 'Demi-finale', 0, NULL, 10),
(18, 'Quart de finale', 0, NULL, 8),
(22, 'Quart de finale', 0, NULL, 8),
(22, 'Quart de finale', 0, NULL, 9),
(24, 'Demi-finale', 0, NULL, 14),
(25, 'Demi-finale', 0, NULL, 11),
(25, 'Huitième de finale', 0, NULL, 6),
(26, 'Huitième de finale', 0, NULL, 6),
(30, 'Huitième de finale', 0, NULL, 6),
(31, 'Demi-finale', 0, NULL, 10),
(31, 'Quart de finale', 0, NULL, 9),
(32, 'Demi-finale', 0, NULL, 7),
(34, 'Huitième de finale', 0, NULL, 6),
(35, 'Huitième de finale', 0, NULL, 6),
(37, 'Quart de finale', 0, NULL, 8),
(38, 'Huitième de finale', 0, NULL, 6),
(38, 'Quart de finale', 0, NULL, 8),
(42, 'Huitième de finale', 0, NULL, 6),
(48, 'Quart de finale', 0, NULL, 9),
(50, 'Huitième de finale', 0, NULL, 6),
(51, 'Demi-finale', 0, NULL, 7),
(51, 'Quart de finale', 0, NULL, 8),
(57, 'Huitième de finale', 0, NULL, 6),
(58, 'Quart de finale', 0, NULL, 8),
(60, 'Huitième de finale', 0, NULL, 6),
(63, 'Quart de finale', 0, NULL, 9),
(64, 'Huitième de finale', 0, NULL, 6),
(64, 'Quart de finale', 0, NULL, 8),
(66, 'Quart de finale', 0, NULL, 9),
(67, 'Huitième de finale', 0, NULL, 6),
(68, 'Huitième de finale', 0, NULL, 6),
(69, 'Demi-finale', 0, NULL, 7),
(69, 'Huitième de finale', 0, NULL, 6),
(69, 'Quart de finale', 0, NULL, 8),
(71, 'Demi-finale', 0, NULL, 14),
(72, 'Demi-finale', 0, NULL, 14);

--
-- Déchargement des données de la table `Partie`
--

INSERT INTO `Partie` (`idP`, `dateP`, `horaire`, `duree`, `etat`, `nbJoueurs`, `mode`) VALUES
(1, '2024-02-24', '22:33:00', 3396, 'T', 3, 'ALEA'),
(2, '2024-01-02', '19:14:00', 1771, 'T', 3, '+JEUNE'),
(3, '2024-02-04', '17:47:00', 2611, 'T', 3, 'ALEA'),
(4, '2024-01-07', '18:35:00', 3226, 'T', 4, '+JEUNE'),
(5, '2024-01-26', '17:47:00', 3053, 'T', 2, 'ALEA'),
(6, '2024-01-15', '20:29:00', 3107, 'T', 8, '+JEUNE'),
(7, '2024-02-23', '23:15:00', 1815, 'T', 3, 'ALEA'),
(8, '2023-12-08', '18:47:00', 3311, 'T', 2, '+JEUNE'),
(9, '2024-03-06', '23:55:00', 3525, 'T', 2, 'ALEA'),
(10, '2024-01-01', '22:25:00', 2045, 'T', 3, '-EXPE'),
(11, '2024-03-12', '23:10:00', 2035, 'T', 2, 'ALEA'),
(12, '2023-12-18', '18:39:00', 2559, 'T', 3, '+JEUNE'),
(13, '2024-02-13', '19:14:00', 2701, 'T', 2, 'ALEA'),
(14, '2024-02-09', '20:49:00', 3193, 'T', 2, '+JEUNE'),
(15, '2024-03-04', '17:15:00', 1630, 'T', 2, 'ALEA'),
(16, '2024-02-16', '22:30:00', 2358, 'T', 3, '+JEUNE'),
(17, '2024-01-29', '21:47:00', 3040, 'T', 3, 'ALEA'),
(18, '2024-02-11', '23:53:00', 2774, 'T', 2, '+JEUNE'),
(19, '2023-12-05', '18:17:00', 2370, 'T', 2, 'ALEA'),
(20, '2023-12-05', '17:54:00', 2815, 'T', 3, '-EXPE'),
(21, '2024-01-13', '23:46:00', 3419, 'T', 2, 'ALEA'),
(22, '2023-12-26', '19:16:00', 2550, 'T', 2, '+JEUNE'),
(23, '2024-02-09', '18:48:00', 1615, 'T', 3, 'ALEA'),
(24, '2024-01-14', '19:12:00', 2557, 'T', 2, '+JEUNE'),
(25, '2024-03-01', '22:50:00', 1755, 'T', 2, 'ALEA'),
(26, '2024-02-03', '23:17:00', 2439, 'T', 2, '+JEUNE'),
(27, '2024-03-02', '22:14:00', 3274, 'T', 2, 'ALEA'),
(28, '2023-12-03', '21:14:00', 2056, 'T', 2, '+JEUNE'),
(29, '2024-03-12', '17:24:00', 2994, 'T', 2, 'ALEA'),
(30, '2023-12-08', '19:46:00', 3309, 'T', 2, '-EXPE'),
(31, '2024-02-08', '17:56:00', 3565, 'T', 2, 'ALEA'),
(32, '2024-02-14', '17:22:00', 1436, 'T', 2, '+JEUNE'),
(33, '2024-01-03', '21:16:00', 2142, 'T', 2, 'ALEA'),
(34, '2024-03-05', '19:31:00', 3130, 'T', 3, '+JEUNE'),
(35, '2024-02-15', '22:19:00', 2339, 'T', 2, 'ALEA'),
(36, '2024-02-02', '19:38:00', 1443, 'T', 2, '+JEUNE'),
(37, '2023-12-13', '21:52:00', 1484, 'T', 2, 'ALEA'),
(38, '2024-01-13', '18:18:00', 1232, 'T', 2, '+JEUNE'),
(39, '2024-01-05', '23:16:00', 2709, 'T', 2, 'ALEA'),
(40, '2024-02-14', '22:10:00', 2529, 'T', 2, '-EXPE'),
(41, '2024-03-11', '18:28:00', 3387, 'T', 2, 'ALEA'),
(42, '2024-01-13', '19:34:00', 1512, 'T', 2, '+JEUNE'),
(43, '2024-01-06', '18:26:00', 3333, 'T', 2, 'ALEA'),
(44, '2023-12-12', '23:29:00', 1256, 'T', 1, '+JEUNE'),
(45, '2024-03-09', '22:39:00', 2272, 'T', 2, 'ALEA'),
(46, '2024-01-18', '21:39:00', 2209, 'T', 2, '+JEUNE'),
(47, '2024-02-04', '18:21:00', 1784, 'T', 2, 'ALEA'),
(48, '2024-02-17', '20:23:00', 3017, 'T', 2, '+JEUNE'),
(49, '2024-02-21', '17:36:00', 3472, 'T', 2, 'ALEA'),
(50, '2024-02-26', '20:46:00', 2807, 'T', 3, '-EXPE'),
(51, '2024-04-12', '17:33:22', 0, 'EC', 2, '+JEUNE'),
(52, '2024-04-12', '17:41:14', 0, 'EC', 1, 'ALEA'),
(53, '2024-04-15', '09:35:53', 0, 'EC', 2, '+JEUNE'),
(54, '2024-04-15', '09:44:37', 0, 'EC', 1, '-EXPE'),
(55, '2024-04-15', '09:55:16', 0, 'EC', 1, NULL),
(56, '2024-04-15', '09:56:23', 0, 'EC', 1, NULL),
(57, '2024-04-15', '10:46:54', 0, 'EC', 1, '+JEUNE'),
(58, '2024-04-15', '10:55:04', 0, 'EC', 1, '+JEUNE'),
(59, '2024-04-15', '11:01:41', 0, 'EC', 1, 'ALEA'),
(60, '2024-04-15', '11:06:59', 0, 'EC', 1, '-EXPE'),
(61, '2024-04-15', '11:16:07', 0, 'EC', 1, '+JEUNE'),
(62, '2024-04-15', '11:21:20', 0, 'EC', 1, '+JEUNE'),
(63, '2024-04-15', '11:23:22', 0, 'EC', 1, '+JEUNE'),
(64, '2024-04-15', '11:23:48', 0, 'EC', 1, NULL),
(65, '2024-04-15', '11:25:44', 0, 'EC', 1, '+JEUNE'),
(66, '2024-04-15', '11:31:58', 0, 'EC', 1, '+JEUNE'),
(67, '2024-04-15', '11:34:26', 0, 'EC', 1, NULL),
(68, '2024-04-15', '11:34:53', 0, 'EC', 1, NULL),
(69, '2024-04-15', '11:35:08', 0, 'EC', 1, NULL),
(70, '2024-04-15', '11:36:35', 0, 'EC', 1, NULL),
(71, '2024-04-15', '11:37:38', 0, 'EC', 1, NULL),
(72, '2024-04-15', '11:37:47', 0, 'EC', 1, '+JEUNE'),
(73, '2024-04-15', '11:40:41', 0, 'EC', 1, '-EXPE'),
(74, '2024-04-15', '14:14:04', 0, 'EC', 1, '+JEUNE'),
(75, '2024-04-15', '14:21:02', 0, 'EC', 1, '+JEUNE'),
(76, '2024-04-15', '14:21:38', 0, 'EC', 1, '+JEUNE'),
(77, '2024-04-15', '14:46:16', 0, 'EC', 2, NULL),
(78, '2024-04-15', '14:48:53', 0, 'EC', 1, '+JEUNE'),
(79, '2024-04-15', '14:50:34', 0, 'EC', 4, NULL),
(80, '2024-04-15', '14:51:52', 0, 'EC', 4, '-EXPE'),
(81, '2024-04-15', '14:54:46', 0, 'EC', 2, 'ALEA'),
(82, '2024-04-15', '14:56:38', 0, 'EC', 3, '+JEUNE'),
(83, '2024-04-15', '15:01:46', 0, 'EC', 2, NULL),
(84, '2024-04-15', '15:04:55', 0, 'EC', 1, NULL),
(85, '2024-04-15', '15:07:18', 0, 'EC', 1, NULL),
(86, '2024-04-15', '15:31:58', 0, 'EC', 2, NULL),
(87, '2024-04-15', '15:33:25', 0, 'EC', 2, NULL),
(88, '2024-04-15', '15:37:03', 0, 'EC', 3, NULL),
(89, '2024-04-15', '15:40:13', 0, 'EC', 1, NULL),
(90, '2024-04-15', '15:46:51', 0, 'EC', 1, NULL),
(91, '2024-04-15', '16:00:29', 0, 'EC', 2, NULL),
(92, '2024-04-15', '16:15:51', 0, 'EC', 1, NULL),
(93, '2024-04-15', '16:37:47', 0, 'EC', 4, NULL),
(94, '2024-04-15', '16:43:10', 0, 'EC', 2, NULL),
(95, '2024-04-15', '16:53:42', 0, 'EC', 2, NULL),
(96, '2024-04-15', '17:08:37', 0, 'EC', 2, NULL),
(97, '2024-04-15', '18:45:47', 0, 'EC', 2, NULL),
(98, '2024-04-15', '20:17:09', 0, 'EC', 2, NULL),
(99, '2024-04-15', '20:17:18', 0, 'EC', 2, NULL),
(100, '2024-04-15', '20:18:02', 0, 'EC', 2, NULL),
(101, '2024-04-15', '21:10:29', 0, 'EC', 2, '+JEUNE'),
(102, '2024-04-15', '21:11:35', 0, 'EC', 3, '-EXPE'),
(103, '2024-04-15', '21:21:43', 0, 'EC', 4, '+JEUNE'),
(104, '2024-04-15', '21:31:06', 0, 'EC', 4, NULL),
(105, '2024-04-15', '21:31:20', 0, 'EC', 2, 'ALEA'),
(106, '2024-04-15', '21:32:26', 0, 'EC', 1, '-EXPE'),
(107, '2024-04-15', '23:17:42', 0, 'EC', 2, '+JEUNE'),
(108, '2024-04-15', '23:47:38', 0, 'EC', 5, '-EXPE'),
(109, '2024-04-15', '23:48:49', 0, 'EC', 2, '+JEUNE'),
(110, '2024-04-16', '00:01:12', 0, 'EC', 5, '+JEUNE'),
(111, '2024-04-16', '00:05:06', 0, 'EC', 5, '+JEUNE'),
(112, '2024-04-16', '01:15:35', 0, 'EC', 2, 'ALEA'),
(113, '2024-04-16', '01:17:26', 0, 'EC', 1, 'ALEA'),
(114, '2024-04-16', '02:05:58', 0, 'EC', 3, 'ALEA'),
(115, '2024-04-16', '02:26:30', 0, 'EC', 1, 'ALEA'),
(116, '2024-04-16', '02:48:08', 0, 'EC', 2, 'ALEA'),
(117, '2024-04-16', '02:57:46', 0, 'EC', 2, 'ALEA'),
(118, '2024-04-16', '07:07:20', 0, 'EC', 2, 'ALEA'),
(119, '2024-04-16', '07:23:21', 0, 'EC', 1, 'ALEA'),
(120, '2024-04-16', '07:29:43', 0, 'EC', 2, 'ALEA'),
(121, '2024-04-16', '07:44:31', 0, 'EC', 2, 'ALEA'),
(122, '2024-04-16', '07:57:46', 0, 'EC', 3, 'ALEA'),
(123, '2024-04-16', '09:05:49', 0, 'EC', 2, 'ALEA'),
(124, '2024-04-16', '10:36:17', 0, 'EC', 5, 'ALEA'),
(125, '2024-04-16', '10:59:55', 0, 'EC', 1, 'ALEA'),
(126, '2024-04-16', '11:16:12', 0, 'EC', 5, '-EXPE'),
(127, '2024-04-16', '11:21:41', 0, 'EC', 1, '+JEUNE'),
(128, '2024-04-16', '11:43:47', 0, 'EC', 2, 'ALEA'),
(129, '2024-04-16', '11:47:02', 0, 'EC', 5, 'ALEA'),
(130, '2024-04-16', '12:24:24', 0, 'EC', 1, 'ALEA'),
(131, '2024-04-16', '17:32:29', 0, 'EC', 3, '+JEUNE'),
(132, '2024-04-16', '17:40:40', 0, 'EC', 1, NULL),
(133, '2024-04-16', '17:48:30', 0, 'EC', 1, '+JEUNE'),
(134, '2024-04-16', '17:49:35', 0, 'EC', 5, '+JEUNE'),
(135, '2024-04-16', '18:08:41', 0, 'EC', 2, 'ALEA'),
(136, '2024-04-16', '18:13:19', 0, 'EC', 2, 'ALEA'),
(137, '2024-04-16', '18:45:41', 0, 'EC', 5, 'ALEA'),
(138, '2024-04-16', '18:56:22', 0, 'EC', 2, 'ALEA'),
(139, '2024-04-16', '19:02:38', 0, 'EC', 5, 'ALEA'),
(140, '2024-04-17', '14:28:21', 0, 'EC', 1, '+JEUNE'),
(141, '2024-04-17', '16:35:29', 0, 'EC', 3, 'ALEA'),
(142, '2024-04-17', '16:39:01', 0, 'EC', 5, 'ALEA'),
(143, '2024-04-17', '17:32:39', 0, 'EC', 3, 'ALEA'),
(144, '2024-04-17', '17:44:34', 0, 'EC', 3, 'ALEA'),
(145, '2024-04-17', '17:46:19', 0, 'EC', 5, 'ALEA'),
(146, '2024-04-17', '17:53:43', 0, 'EC', 3, 'ALEA'),
(147, '2024-04-17', '17:55:04', 0, 'EC', 4, 'ALEA'),
(148, '2024-04-17', '18:05:23', 0, 'EC', 5, 'ALEA'),
(149, '2024-04-17', '18:17:55', 0, 'EC', 5, 'ALEA'),
(150, '2024-04-17', '18:25:33', 0, 'EC', 4, 'ALEA'),
(151, '2024-04-17', '18:43:07', 0, 'EC', 2, 'ALEA'),
(152, '2024-04-17', '19:00:03', 0, 'EC', 3, 'ALEA'),
(153, '2024-04-17', '19:04:55', 0, 'EC', 3, 'ALEA'),
(154, '2024-04-17', '19:06:11', 0, 'EC', 5, 'ALEA'),
(155, '2024-04-17', '19:12:07', 0, 'EC', 4, 'ALEA'),
(156, '2024-04-17', '19:26:17', 0, 'EC', 5, 'ALEA'),
(157, '2024-04-17', '19:28:23', 0, 'EC', 2, 'ALEA'),
(158, '2024-04-17', '20:23:54', 0, 'EC', 1, 'ALEA'),
(159, '2024-04-17', '21:25:05', 0, 'EC', 3, 'ALEA'),
(160, '2024-04-17', '22:44:53', 0, 'EC', 5, 'ALEA'),
(161, '2024-04-17', '22:47:37', 0, 'EC', 2, 'ALEA'),
(162, '2024-04-17', '23:04:03', 0, 'EC', 1, 'ALEA'),
(163, '2024-04-17', '23:04:28', 0, 'EC', 2, 'ALEA'),
(164, '2024-04-18', '06:38:42', 0, 'EC', 5, 'ALEA'),
(165, '2024-04-18', '07:22:23', 0, 'EC', 4, 'ALEA'),
(166, '2024-04-18', '07:41:16', 0, 'EC', 5, 'ALEA'),
(167, '2024-04-18', '08:25:17', 0, 'EC', 1, 'ALEA'),
(168, '2024-04-18', '08:30:01', 0, 'EC', 3, 'ALEA'),
(169, '2024-04-18', '09:02:11', 0, 'EC', 1, 'ALEA'),
(170, '2024-04-18', '09:42:07', 0, 'EC', 1, 'ALEA'),
(171, '2024-04-18', '10:04:41', 0, 'EC', 2, 'ALEA'),
(172, '2024-04-18', '10:29:46', 0, 'EC', 2, 'ALEA'),
(173, '2024-04-18', '11:37:08', 0, 'EC', 5, 'ALEA'),
(174, '2024-04-18', '11:38:12', 0, 'EC', 1, 'ALEA'),
(175, '2024-04-18', '12:25:46', 0, 'EC', 1, 'ALEA'),
(176, '2024-04-18', '12:44:51', 0, 'EC', 1, 'ALEA'),
(177, '2024-04-18', '13:22:15', 0, 'EC', 3, 'ALEA'),
(178, '2024-04-18', '14:12:10', 0, 'EC', 1, '+JEUNE'),
(179, '2024-04-18', '14:12:32', 0, 'EC', 5, NULL),
(180, '2024-04-18', '14:13:35', 0, 'EC', 5, NULL),
(181, '2024-04-18', '14:14:14', 0, 'EC', 5, 'ALEA'),
(182, '2024-04-18', '14:26:20', 0, 'EC', 2, 'ALEA'),
(183, '2024-04-18', '14:31:31', 0, 'EC', 2, 'ALEA'),
(184, '2024-04-18', '14:44:20', 0, 'EC', 1, 'ALEA'),
(185, '2024-04-18', '15:04:26', 0, 'EC', 1, 'ALEA'),
(186, '2024-04-18', '15:18:36', 0, 'EC', 1, 'ALEA'),
(187, '2024-04-18', '15:24:39', 0, 'EC', 1, 'ALEA'),
(188, '2024-04-18', '15:35:48', 0, 'EC', 5, 'ALEA'),
(189, '2024-04-18', '15:38:04', 0, 'EC', 2, 'ALEA'),
(190, '2024-04-18', '15:54:30', 0, 'EC', 1, 'ALEA'),
(191, '2024-04-18', '15:57:59', 0, 'EC', 2, 'ALEA'),
(192, '2024-04-18', '16:05:01', 0, 'EC', 1, 'ALEA'),
(193, '2024-04-18', '16:23:09', 0, 'EC', 4, 'ALEA'),
(194, '2024-04-18', '16:28:46', 0, 'EC', 2, 'ALEA'),
(195, '2024-04-18', '16:31:11', 0, 'EC', 2, 'ALEA'),
(196, '2024-04-18', '16:44:15', 0, 'EC', 1, NULL),
(197, '2024-04-18', '16:45:08', 0, 'EC', 1, NULL),
(198, '2024-04-18', '16:45:22', 0, 'EC', 1, 'ALEA'),
(199, '2024-04-18', '16:46:59', 0, 'EC', 1, 'ALEA'),
(200, '2024-04-18', '16:50:17', 0, 'EC', 1, 'ALEA'),
(201, '2024-04-18', '17:00:01', 0, 'EC', 1, 'ALEA'),
(202, '2024-04-18', '17:09:33', 0, 'EC', 1, 'ALEA'),
(203, '2024-04-18', '17:12:08', 0, 'EC', 3, NULL),
(204, '2024-04-18', '17:15:02', 0, 'EC', 1, 'ALEA'),
(205, '2024-04-18', '17:18:03', 0, 'EC', 1, 'ALEA'),
(206, '2024-04-18', '17:20:20', 0, 'EC', 1, 'ALEA'),
(207, '2024-04-18', '17:24:10', 0, 'EC', 2, 'ALEA'),
(208, '2024-04-18', '17:57:37', 0, 'EC', 1, 'ALEA'),
(209, '2024-04-18', '17:59:39', 0, 'EC', 1, 'ALEA'),
(210, '2024-04-18', '18:00:26', 0, 'EC', 1, 'ALEA'),
(211, '2024-04-18', '18:00:45', 0, 'EC', 2, 'ALEA'),
(212, '2024-04-18', '18:05:17', 0, 'EC', 1, 'ALEA'),
(213, '2024-04-18', '18:10:30', 0, 'EC', 2, 'ALEA'),
(214, '2024-04-18', '18:13:58', 0, 'EC', 1, 'ALEA'),
(215, '2024-04-18', '18:15:05', 0, 'EC', 1, 'ALEA'),
(216, '2024-04-18', '18:19:13', 0, 'EC', 2, 'ALEA'),
(217, '2024-04-18', '18:20:49', 0, 'EC', 1, 'ALEA'),
(218, '2024-04-18', '18:21:47', 0, 'EC', 1, 'ALEA'),
(219, '2024-04-18', '18:28:46', 0, 'EC', 2, 'ALEA'),
(220, '2024-04-18', '18:30:27', 0, 'EC', 1, 'ALEA'),
(221, '2024-04-18', '18:40:27', 0, 'EC', 5, 'ALEA'),
(222, '2024-04-18', '18:45:38', 0, 'EC', 1, NULL),
(223, '2024-04-18', '18:45:51', 0, 'EC', 3, 'ALEA'),
(224, '2024-04-18', '18:46:46', 0, 'EC', 3, 'ALEA'),
(225, '2024-04-18', '19:23:28', 0, 'EC', 2, 'ALEA'),
(226, '2024-04-18', '19:53:48', 0, 'EC', 3, 'ALEA'),
(227, '2024-04-18', '20:05:12', 0, 'EC', 1, 'ALEA'),
(228, '2024-04-18', '20:07:34', 0, 'EC', 3, 'ALEA'),
(229, '2024-04-18', '20:42:52', 0, 'EC', 1, 'ALEA'),
(230, '2024-04-18', '21:07:50', 0, 'EC', 5, 'ALEA'),
(231, '2024-04-18', '22:04:45', 0, 'EC', 3, 'ALEA');

--
-- Déchargement des données de la table `PHASE`
--

INSERT INTO `PHASE` (`Niveau`, `dateP`, `idT`) VALUES
('Demi-finale', '2024-01-25', 1),
('Finale', '2024-01-30', 1),
('Huitième de finale', '2024-01-21', 1),
('Quart', '2024-01-20', 1),
('Quart de finale', '2024-01-22', 1),
('Sélection', '2024-01-15', 1),
('Demi-finale', '2024-02-25', 2),
('Finale', '2024-02-29', 2),
('Huitième de finale', '2024-02-21', 2),
('Quart', '2024-02-20', 2),
('Quart de finale', '2024-02-22', 2),
('Sélection', '2024-02-15', 2),
('Demi-finale', '2024-03-25', 3),
('Finale', '2024-03-30', 3),
('Huitième de finale', '2024-03-21', 3),
('Quart', '2024-03-20', 3),
('Quart de finale', '2024-03-22', 3),
('Sélection', '2024-03-15', 3),
('Demi-finale', '2023-04-25', 4),
('Finale', '2023-04-30', 4),
('Huitième de finale', '2023-04-21', 4),
('Quart', '2023-04-20', 4),
('Quart de finale', '2023-04-22', 4),
('Sélection', '2023-04-15', 4),
('Demi-finale', '2022-04-25', 5),
('Finale', '2022-04-30', 5),
('Huitième de finale', '2022-04-21', 5),
('Quart', '2022-04-20', 5),
('Quart de finale', '2022-04-22', 5),
('Sélection', '2022-04-15', 5);

--
-- Déchargement des données de la table `Plateau`
--

INSERT INTO `Plateau` (`idPlateau`, `taille`) VALUES
('1', '6'),
('2', '4'),
('3', '7');

--
-- Déchargement des données de la table `SERIE_AU_CHOIX`
--

INSERT INTO `SERIE_AU_CHOIX` (`idCo`, `nombre`) VALUES
('40', 3),
('41', 4),
('42', 3),
('43', 4),
('44', 3),
('45', 4),
('46', 2);

--
-- Déchargement des données de la table `SEUIL_DE_DES`
--

INSERT INTO `SEUIL_DE_DES` (`idCo`, `valeur`, `sens`) VALUES
('19', 4, '<'),
('20', 7, '>'),
('21', 10, '>'),
('22', 14, '>'),
('23', 4, '<'),
('24', 7, '>'),
('25', 10, '>'),
('27', 4, '<'),
('28', 7, '>'),
('29', 10, '>'),
('30', 14, '>');

--
-- Déchargement des données de la table `TOUR`
--

INSERT INTO `TOUR` (`numT`, `numP`) VALUES
(1, 1),
(1, 2),
(1, 3),
(1, 4),
(1, 5),
(1, 6),
(1, 7),
(1, 8),
(1, 9),
(1, 10),
(1, 11),
(1, 12),
(1, 13),
(1, 15),
(1, 16),
(1, 17),
(1, 18),
(1, 19),
(1, 20),
(1, 21),
(1, 22),
(1, 25),
(1, 27),
(1, 30),
(1, 32),
(1, 33),
(1, 38),
(1, 45),
(1, 46),
(1, 48),
(1, 49),
(1, 50),
(2, 1),
(2, 2),
(2, 3),
(2, 4),
(2, 5),
(2, 6),
(2, 7),
(2, 8),
(2, 9),
(2, 10),
(2, 11),
(2, 12),
(2, 13),
(2, 15),
(2, 16),
(2, 17),
(2, 18),
(2, 19),
(2, 20),
(2, 21),
(2, 22),
(2, 23),
(2, 25),
(2, 27),
(2, 30),
(2, 31),
(2, 32),
(2, 33),
(2, 38),
(2, 45),
(2, 46),
(2, 48),
(2, 49),
(2, 50),
(3, 1),
(3, 2),
(3, 3),
(3, 4),
(3, 5),
(3, 6),
(3, 7),
(3, 8),
(3, 9),
(3, 10),
(3, 11),
(3, 12),
(3, 13),
(3, 15),
(3, 16),
(3, 17),
(3, 18),
(3, 19),
(3, 20),
(3, 21),
(3, 22),
(3, 23),
(3, 25),
(3, 27),
(3, 30),
(3, 33),
(3, 35),
(3, 38),
(3, 41),
(3, 44),
(3, 45),
(3, 48),
(3, 49),
(3, 50),
(4, 1),
(4, 3),
(4, 4),
(4, 5),
(4, 6),
(4, 7),
(4, 8),
(4, 10),
(4, 11),
(4, 12),
(4, 13),
(4, 14),
(4, 15),
(4, 16),
(4, 17),
(4, 18),
(4, 20),
(4, 22),
(4, 23),
(4, 25),
(4, 26),
(4, 27),
(4, 29),
(4, 30),
(4, 31),
(4, 33),
(4, 35),
(4, 37),
(4, 38),
(4, 40),
(4, 41),
(4, 44),
(4, 45),
(4, 48),
(4, 49),
(4, 50),
(5, 1),
(5, 4),
(5, 5),
(5, 6),
(5, 7),
(5, 8),
(5, 10),
(5, 11),
(5, 12),
(5, 13),
(5, 14),
(5, 15),
(5, 16),
(5, 17),
(5, 18),
(5, 20),
(5, 21),
(5, 22),
(5, 23),
(5, 24),
(5, 25),
(5, 27),
(5, 28),
(5, 30),
(5, 32),
(5, 33),
(5, 34),
(5, 35),
(5, 37),
(5, 38),
(5, 40),
(5, 41),
(5, 44),
(5, 45),
(5, 48),
(5, 49),
(5, 50),
(6, 1),
(6, 4),
(6, 5),
(6, 6),
(6, 7),
(6, 8),
(6, 10),
(6, 11),
(6, 12),
(6, 13),
(6, 14),
(6, 15),
(6, 16),
(6, 17),
(6, 18),
(6, 20),
(6, 21),
(6, 23),
(6, 24),
(6, 25),
(6, 26),
(6, 27),
(6, 28),
(6, 29),
(6, 30),
(6, 32),
(6, 33),
(6, 34),
(6, 35),
(6, 36),
(6, 38),
(6, 40),
(6, 42),
(6, 45),
(6, 46),
(6, 48),
(6, 49),
(6, 50),
(7, 1),
(7, 2),
(7, 3),
(7, 4),
(7, 5),
(7, 6),
(7, 7),
(7, 8),
(7, 9),
(7, 10),
(7, 11),
(7, 12),
(7, 13),
(7, 15),
(7, 16),
(7, 17),
(7, 18),
(7, 19),
(7, 21),
(7, 24),
(7, 25),
(7, 26),
(7, 27),
(7, 28),
(7, 29),
(7, 30),
(7, 32),
(7, 33),
(7, 34),
(7, 36),
(7, 38),
(7, 40),
(7, 42),
(7, 45),
(7, 46),
(7, 47),
(7, 48),
(7, 49),
(7, 50),
(8, 1),
(8, 2),
(8, 3),
(8, 4),
(8, 6),
(8, 7),
(8, 8),
(8, 9),
(8, 10),
(8, 11),
(8, 12),
(8, 13),
(8, 15),
(8, 16),
(8, 17),
(8, 18),
(8, 19),
(8, 24),
(8, 25),
(8, 26),
(8, 27),
(8, 28),
(8, 30),
(8, 32),
(8, 33),
(8, 36),
(8, 37),
(8, 38),
(8, 40),
(8, 41),
(8, 42),
(8, 43),
(8, 45),
(8, 46),
(8, 47),
(8, 48),
(8, 49),
(8, 50),
(9, 1),
(9, 2),
(9, 3),
(9, 4),
(9, 6),
(9, 7),
(9, 8),
(9, 10),
(9, 11),
(9, 12),
(9, 13),
(9, 14),
(9, 15),
(9, 17),
(9, 18),
(9, 19),
(9, 20),
(9, 21),
(9, 23),
(9, 25),
(9, 26),
(9, 27),
(9, 30),
(9, 31),
(9, 32),
(9, 33),
(9, 34),
(9, 36),
(9, 37),
(9, 38),
(9, 40),
(9, 41),
(9, 43),
(9, 45),
(9, 46),
(9, 47),
(9, 48),
(9, 49),
(9, 50),
(10, 1),
(10, 2),
(10, 3),
(10, 4),
(10, 6),
(10, 7),
(10, 8),
(10, 9),
(10, 10),
(10, 11),
(10, 12),
(10, 13),
(10, 14),
(10, 15),
(10, 16),
(10, 17),
(10, 18),
(10, 20),
(10, 21),
(10, 23),
(10, 25),
(10, 27),
(10, 30),
(10, 31),
(10, 33),
(10, 34),
(10, 37),
(10, 38),
(10, 39),
(10, 40),
(10, 41),
(10, 43),
(10, 45),
(10, 47),
(10, 48),
(10, 49),
(10, 50),
(11, 1),
(11, 2),
(11, 4),
(11, 5),
(11, 6),
(11, 7),
(11, 8),
(11, 9),
(11, 10),
(11, 11),
(11, 12),
(11, 13),
(11, 14),
(11, 15),
(11, 16),
(11, 17),
(11, 18),
(11, 20),
(11, 22),
(11, 23),
(11, 25),
(11, 26),
(11, 27),
(11, 30),
(11, 32),
(11, 33),
(11, 34),
(11, 38),
(11, 39),
(11, 40),
(11, 44),
(11, 45),
(11, 46),
(11, 47),
(11, 48),
(11, 49),
(11, 50),
(12, 1),
(12, 2),
(12, 3),
(12, 4),
(12, 6),
(12, 7),
(12, 8),
(12, 9),
(12, 10),
(12, 11),
(12, 12),
(12, 13),
(12, 14),
(12, 15),
(12, 16),
(12, 17),
(12, 18),
(12, 19),
(12, 22),
(12, 23),
(12, 24),
(12, 25),
(12, 26),
(12, 27),
(12, 30),
(12, 32),
(12, 33),
(12, 34),
(12, 38),
(12, 39),
(12, 40),
(12, 41),
(12, 44),
(12, 45),
(12, 46),
(12, 47),
(12, 48),
(12, 49),
(12, 50),
(13, 1),
(13, 2),
(13, 4),
(13, 6),
(13, 7),
(13, 8),
(13, 10),
(13, 11),
(13, 12),
(13, 13),
(13, 14),
(13, 15),
(13, 16),
(13, 17),
(13, 18),
(13, 21),
(13, 22),
(13, 23),
(13, 24),
(13, 25),
(13, 26),
(13, 27),
(13, 29),
(13, 30),
(13, 33),
(13, 34),
(13, 37),
(13, 38),
(13, 39),
(13, 40),
(13, 41),
(13, 45),
(13, 46),
(13, 48),
(13, 49),
(13, 50),
(14, 1),
(14, 2),
(14, 3),
(14, 4),
(14, 5),
(14, 6),
(14, 7),
(14, 8),
(14, 10),
(14, 11),
(14, 12),
(14, 13),
(14, 14),
(14, 15),
(14, 16),
(14, 17),
(14, 18),
(14, 19),
(14, 21),
(14, 22),
(14, 25),
(14, 26),
(14, 27),
(14, 28),
(14, 29),
(14, 30),
(14, 33),
(14, 37),
(14, 38),
(14, 40),
(14, 41),
(14, 42),
(14, 45),
(14, 46),
(14, 47),
(14, 48),
(14, 49),
(14, 50),
(15, 1),
(15, 2),
(15, 3),
(15, 4),
(15, 5),
(15, 6),
(15, 7),
(15, 8),
(15, 10),
(15, 11),
(15, 12),
(15, 13),
(15, 14),
(15, 15),
(15, 16),
(15, 17),
(15, 18),
(15, 19),
(15, 20),
(15, 21),
(15, 25),
(15, 27),
(15, 28),
(15, 29),
(15, 30),
(15, 33),
(15, 35),
(15, 37),
(15, 38),
(15, 42),
(15, 45),
(15, 47),
(15, 48),
(15, 49),
(15, 50),
(16, 1),
(16, 3),
(16, 4),
(16, 6),
(16, 7),
(16, 8),
(16, 9),
(16, 10),
(16, 11),
(16, 12),
(16, 13),
(16, 14),
(16, 15),
(16, 16),
(16, 17),
(16, 18),
(16, 19),
(16, 20),
(16, 21),
(16, 25),
(16, 27),
(16, 28),
(16, 29),
(16, 30),
(16, 31),
(16, 32),
(16, 33),
(16, 35),
(16, 37),
(16, 38),
(16, 40),
(16, 41),
(16, 45),
(16, 46),
(16, 47),
(16, 48),
(16, 49),
(16, 50),
(17, 1),
(17, 2),
(17, 3),
(17, 4),
(17, 6),
(17, 7),
(17, 8),
(17, 9),
(17, 10),
(17, 11),
(17, 12),
(17, 13),
(17, 14),
(17, 15),
(17, 16),
(17, 17),
(17, 18),
(17, 20),
(17, 21),
(17, 22),
(17, 23),
(17, 25),
(17, 27),
(17, 28),
(17, 30),
(17, 31),
(17, 32),
(17, 33),
(17, 34),
(17, 35),
(17, 36),
(17, 37),
(17, 38),
(17, 40),
(17, 41),
(17, 45),
(17, 46),
(17, 48),
(17, 49),
(17, 50),
(18, 1),
(18, 3),
(18, 4),
(18, 6),
(18, 7),
(18, 8),
(18, 10),
(18, 11),
(18, 12),
(18, 13),
(18, 14),
(18, 15),
(18, 16),
(18, 17),
(18, 18),
(18, 20),
(18, 21),
(18, 22),
(18, 23),
(18, 25),
(18, 27),
(18, 30),
(18, 32),
(18, 33),
(18, 34),
(18, 35),
(18, 36),
(18, 37),
(18, 38),
(18, 40),
(18, 42),
(18, 43),
(18, 44),
(18, 45),
(18, 46),
(18, 48),
(18, 49),
(18, 50),
(19, 1),
(19, 2),
(19, 3),
(19, 4),
(19, 5),
(19, 6),
(19, 7),
(19, 8),
(19, 9),
(19, 10),
(19, 11),
(19, 12),
(19, 13),
(19, 14),
(19, 15),
(19, 16),
(19, 17),
(19, 18),
(19, 20),
(19, 23),
(19, 25),
(19, 26),
(19, 27),
(19, 30),
(19, 31),
(19, 32),
(19, 33),
(19, 36),
(19, 38),
(19, 40),
(19, 42),
(19, 44),
(19, 45),
(19, 48),
(19, 49),
(19, 50),
(20, 1),
(20, 2),
(20, 3),
(20, 4),
(20, 5),
(20, 6),
(20, 7),
(20, 8),
(20, 9),
(20, 10),
(20, 11),
(20, 12),
(20, 13),
(20, 15),
(20, 17),
(20, 18),
(20, 19),
(20, 20),
(20, 21),
(20, 23),
(20, 25),
(20, 27),
(20, 30),
(20, 32),
(20, 33),
(20, 36),
(20, 37),
(20, 38),
(20, 42),
(20, 45),
(20, 46),
(20, 47),
(20, 48),
(20, 49),
(20, 50),
(21, 1),
(21, 3),
(21, 4),
(21, 5),
(21, 6),
(21, 7),
(21, 8),
(21, 9),
(21, 10),
(21, 11),
(21, 12),
(21, 13),
(21, 14),
(21, 15),
(21, 16),
(21, 17),
(21, 18),
(21, 19),
(21, 20),
(21, 21),
(21, 22),
(21, 23),
(21, 24),
(21, 25),
(21, 26),
(21, 27),
(21, 30),
(21, 33),
(21, 34),
(21, 37),
(21, 38),
(21, 41),
(21, 43),
(21, 45),
(21, 46),
(21, 47),
(21, 48),
(21, 49),
(21, 50),
(22, 1),
(22, 3),
(22, 4),
(22, 6),
(22, 7),
(22, 8),
(22, 10),
(22, 11),
(22, 12),
(22, 13),
(22, 14),
(22, 15),
(22, 16),
(22, 17),
(22, 18),
(22, 19),
(22, 20),
(22, 21),
(22, 22),
(22, 24),
(22, 25),
(22, 26),
(22, 27),
(22, 28),
(22, 30),
(22, 31),
(22, 33),
(22, 34),
(22, 37),
(22, 38),
(22, 41),
(22, 42),
(22, 43),
(22, 45),
(22, 47),
(22, 48),
(22, 49),
(22, 50),
(23, 1),
(23, 3),
(23, 4),
(23, 6),
(23, 7),
(23, 8),
(23, 10),
(23, 11),
(23, 12),
(23, 13),
(23, 14),
(23, 15),
(23, 16),
(23, 17),
(23, 18),
(23, 21),
(23, 22),
(23, 23),
(23, 24),
(23, 25),
(23, 26),
(23, 27),
(23, 28),
(23, 29),
(23, 30),
(23, 31),
(23, 32),
(23, 33),
(23, 34),
(23, 37),
(23, 38),
(23, 40),
(23, 41),
(23, 42),
(23, 43),
(23, 45),
(23, 47),
(23, 48),
(23, 49),
(23, 50),
(24, 1),
(24, 2),
(24, 3),
(24, 4),
(24, 6),
(24, 7),
(24, 8),
(24, 9),
(24, 10),
(24, 11),
(24, 12),
(24, 13),
(24, 14),
(24, 15),
(24, 16),
(24, 17),
(24, 18),
(24, 21),
(24, 23),
(24, 24),
(24, 25),
(24, 26),
(24, 27),
(24, 28),
(24, 29),
(24, 30),
(24, 31),
(24, 32),
(24, 33),
(24, 34),
(24, 38),
(24, 40),
(24, 42),
(24, 45),
(24, 46),
(24, 47),
(24, 48),
(24, 49),
(24, 50),
(25, 1),
(25, 2),
(25, 3),
(25, 4),
(25, 5),
(25, 6),
(25, 7),
(25, 8),
(25, 9),
(25, 10),
(25, 11),
(25, 12),
(25, 13),
(25, 14),
(25, 15),
(25, 17),
(25, 18),
(25, 20),
(25, 21),
(25, 23),
(25, 25),
(25, 27),
(25, 28),
(25, 29),
(25, 30),
(25, 32),
(25, 33),
(25, 34),
(25, 37),
(25, 38),
(25, 39),
(25, 40),
(25, 44),
(25, 45),
(25, 46),
(25, 48),
(25, 49),
(25, 50),
(26, 1),
(26, 2),
(26, 3),
(26, 4),
(26, 5),
(26, 6),
(26, 7),
(26, 8),
(26, 9),
(26, 10),
(26, 11),
(26, 12),
(26, 13),
(26, 14),
(26, 15),
(26, 17),
(26, 18),
(26, 19),
(26, 20),
(26, 21),
(26, 25),
(26, 27),
(26, 28),
(26, 30),
(26, 32),
(26, 33),
(26, 34),
(26, 35),
(26, 37),
(26, 38),
(26, 39),
(26, 44),
(26, 45),
(26, 46),
(26, 47),
(26, 48),
(26, 49),
(26, 50),
(27, 1),
(27, 3),
(27, 4),
(27, 6),
(27, 8),
(27, 10),
(27, 11),
(27, 12),
(27, 13),
(27, 14),
(27, 15),
(27, 17),
(27, 18),
(27, 19),
(27, 20),
(27, 21),
(27, 23),
(27, 25),
(27, 27),
(27, 28),
(27, 30),
(27, 33),
(27, 34),
(27, 35),
(27, 36),
(27, 37),
(27, 38),
(27, 39),
(27, 41),
(27, 45),
(27, 46),
(27, 47),
(27, 48),
(27, 49),
(27, 50),
(28, 1),
(28, 2),
(28, 4),
(28, 6),
(28, 7),
(28, 8),
(28, 10),
(28, 11),
(28, 12),
(28, 14),
(28, 15),
(28, 16),
(28, 17),
(28, 18),
(28, 19),
(28, 20),
(28, 21),
(28, 23),
(28, 25),
(28, 27),
(28, 30),
(28, 33),
(28, 34),
(28, 35),
(28, 36),
(28, 37),
(28, 38),
(28, 39),
(28, 40),
(28, 43),
(28, 45),
(28, 46),
(28, 47),
(28, 48),
(28, 49),
(28, 50),
(29, 1),
(29, 3),
(29, 4),
(29, 6),
(29, 7),
(29, 8),
(29, 10),
(29, 14),
(29, 15),
(29, 16),
(29, 18),
(29, 19),
(29, 22),
(29, 23),
(29, 25),
(29, 26),
(29, 27),
(29, 30),
(29, 31),
(29, 33),
(29, 35),
(29, 36),
(29, 38),
(29, 40),
(29, 43),
(29, 45),
(29, 46),
(29, 48),
(29, 49),
(29, 50),
(30, 1),
(30, 2),
(30, 4),
(30, 6),
(30, 7),
(30, 8),
(30, 9),
(30, 10),
(30, 14),
(30, 15),
(30, 16),
(30, 18),
(30, 20),
(30, 21),
(30, 22),
(30, 23),
(30, 25),
(30, 27),
(30, 30),
(30, 31),
(30, 32),
(30, 33),
(30, 34),
(30, 36),
(30, 37),
(30, 40),
(30, 41),
(30, 42),
(30, 43),
(30, 45),
(30, 48),
(30, 49),
(30, 50),
(31, 1),
(31, 2),
(31, 3),
(31, 4),
(31, 5),
(31, 6),
(31, 7),
(31, 8),
(31, 9),
(31, 10),
(31, 12),
(31, 15),
(31, 16),
(31, 20),
(31, 21),
(31, 22),
(31, 23),
(31, 25),
(31, 27),
(31, 30),
(31, 31),
(31, 33),
(31, 34),
(31, 36),
(31, 37),
(31, 38),
(31, 40),
(31, 41),
(31, 42),
(31, 48),
(31, 49),
(31, 50),
(32, 1),
(32, 2),
(32, 3),
(32, 4),
(32, 5),
(32, 6),
(32, 7),
(32, 8),
(32, 9),
(32, 10),
(32, 12),
(32, 15),
(32, 16),
(32, 20),
(32, 21),
(32, 22),
(32, 24),
(32, 25),
(32, 26),
(32, 28),
(32, 30),
(32, 31),
(32, 32),
(32, 33),
(32, 34),
(32, 38),
(32, 42),
(32, 47),
(32, 48),
(32, 49),
(32, 50),
(33, 2),
(33, 3),
(33, 4),
(33, 5),
(33, 6),
(33, 7),
(33, 8),
(33, 9),
(33, 10),
(33, 14),
(33, 15),
(33, 16),
(33, 18),
(33, 20),
(33, 24),
(33, 25),
(33, 26),
(33, 28),
(33, 29),
(33, 32),
(33, 33),
(33, 43),
(33, 44),
(33, 45),
(33, 47),
(33, 48),
(33, 49),
(33, 50),
(34, 2),
(34, 3),
(34, 5),
(34, 6),
(34, 7),
(34, 8),
(34, 9),
(34, 11),
(34, 13),
(34, 15),
(34, 16),
(34, 17),
(34, 18),
(34, 19),
(34, 20),
(34, 21),
(34, 23),
(34, 25),
(34, 28),
(34, 29),
(34, 32),
(34, 33),
(34, 34),
(34, 39),
(34, 40),
(34, 43),
(34, 45),
(34, 46),
(34, 47),
(34, 50),
(35, 2),
(35, 6),
(35, 7),
(35, 11),
(35, 12),
(35, 13),
(35, 14),
(35, 16),
(35, 17),
(35, 18),
(35, 19),
(35, 20),
(35, 21),
(35, 23),
(35, 29),
(35, 33),
(35, 34),
(35, 38),
(35, 39),
(35, 40),
(35, 41),
(35, 43),
(35, 46),
(35, 47),
(35, 50),
(36, 2),
(36, 6),
(36, 11),
(36, 12),
(36, 13),
(36, 14),
(36, 17),
(36, 18),
(36, 20),
(36, 22),
(36, 23),
(36, 25),
(36, 26),
(36, 34),
(36, 37),
(36, 38),
(36, 39),
(36, 40),
(36, 41),
(36, 43),
(36, 46),
(36, 48),
(36, 50),
(37, 3),
(37, 4),
(37, 5),
(37, 6),
(37, 7),
(37, 8),
(37, 11),
(37, 12),
(37, 14),
(37, 16),
(37, 17),
(37, 21),
(37, 22),
(37, 23),
(37, 27),
(37, 31),
(37, 32),
(37, 34),
(37, 37),
(37, 39),
(37, 40),
(37, 41),
(37, 46),
(37, 48),
(37, 49),
(37, 50),
(38, 2),
(38, 3),
(38, 4),
(38, 5),
(38, 6),
(38, 7),
(38, 8),
(38, 16),
(38, 18),
(38, 19),
(38, 21),
(38, 22),
(38, 27),
(38, 29),
(38, 31),
(38, 32),
(38, 33),
(38, 35),
(38, 36),
(38, 37),
(38, 40),
(38, 41),
(38, 42),
(38, 46),
(39, 1),
(39, 2),
(39, 3),
(39, 4),
(39, 6),
(39, 7),
(39, 16),
(39, 18),
(39, 19),
(39, 20),
(39, 22),
(39, 24),
(39, 26),
(39, 27),
(39, 29),
(39, 31),
(39, 32),
(39, 33),
(39, 35),
(39, 36),
(39, 40),
(39, 41),
(39, 42),
(39, 44),
(39, 46),
(39, 48),
(40, 1),
(40, 2),
(40, 3),
(40, 9),
(40, 10),
(40, 12),
(40, 14),
(40, 16),
(40, 20),
(40, 21),
(40, 23),
(40, 24),
(40, 25),
(40, 28),
(40, 32),
(40, 33),
(40, 35),
(40, 36),
(40, 38),
(40, 40),
(40, 41),
(40, 42),
(40, 44),
(40, 48),
(40, 49),
(41, 1),
(41, 3),
(41, 5),
(41, 6),
(41, 9),
(41, 10),
(41, 12),
(41, 14),
(41, 19),
(41, 20),
(41, 21),
(41, 23),
(41, 24),
(41, 25),
(41, 28),
(41, 32),
(41, 34),
(41, 35),
(41, 36),
(41, 37),
(41, 40),
(41, 41),
(41, 49),
(42, 1),
(42, 3),
(42, 5),
(42, 6),
(42, 7),
(42, 9),
(42, 10),
(42, 12),
(42, 14),
(42, 16),
(42, 21),
(42, 23),
(42, 24),
(42, 25),
(42, 26),
(42, 28),
(42, 32),
(42, 34),
(42, 36),
(42, 40),
(42, 42),
(42, 45),
(42, 48),
(42, 49),
(42, 50),
(43, 2),
(43, 3),
(43, 5),
(43, 6),
(43, 7),
(43, 8),
(43, 10),
(43, 11),
(43, 12),
(43, 13),
(43, 14),
(43, 16),
(43, 22),
(43, 23),
(43, 24),
(43, 25),
(43, 26),
(43, 31),
(43, 32),
(43, 34),
(43, 40),
(43, 42),
(43, 43),
(43, 46),
(43, 47),
(43, 48),
(43, 49),
(43, 50),
(44, 2),
(44, 3),
(44, 6),
(44, 7),
(44, 8),
(44, 11),
(44, 13),
(44, 16),
(44, 18),
(44, 22),
(44, 23),
(44, 26),
(44, 31),
(44, 34),
(44, 38),
(44, 40),
(44, 42),
(44, 43),
(44, 46),
(44, 47),
(44, 48),
(44, 50),
(45, 2),
(45, 3),
(45, 4),
(45, 5),
(45, 6),
(45, 7),
(45, 8),
(45, 11),
(45, 13),
(45, 17),
(45, 18),
(45, 19),
(45, 20),
(45, 22),
(45, 23),
(45, 26),
(45, 31),
(45, 34),
(45, 37),
(45, 38),
(45, 43),
(45, 46),
(45, 47),
(46, 2),
(46, 3),
(46, 4),
(46, 5),
(46, 6),
(46, 7),
(46, 12),
(46, 13),
(46, 14),
(46, 17),
(46, 19),
(46, 21),
(46, 22),
(46, 29),
(46, 31),
(46, 33),
(46, 34),
(46, 37),
(46, 38),
(46, 39),
(46, 40),
(46, 41),
(46, 42),
(46, 43),
(46, 44),
(46, 46),
(47, 6),
(47, 9),
(47, 10),
(47, 12),
(47, 14),
(47, 16),
(47, 17),
(47, 19),
(47, 21),
(47, 23),
(47, 24),
(47, 25),
(47, 27),
(47, 31),
(47, 34),
(47, 37),
(47, 38),
(47, 39),
(47, 40),
(47, 41),
(47, 42),
(47, 43),
(47, 44),
(47, 49),
(48, 2),
(48, 3),
(48, 7),
(48, 8),
(48, 10),
(48, 14),
(48, 16),
(48, 17),
(48, 18),
(48, 19),
(48, 21),
(48, 23),
(48, 24),
(48, 25),
(48, 26),
(48, 27),
(48, 32),
(48, 34),
(48, 35),
(48, 36),
(48, 37),
(48, 39),
(48, 40),
(48, 41),
(48, 42),
(48, 44),
(48, 49),
(48, 50),
(49, 2),
(49, 3),
(49, 7),
(49, 9),
(49, 11),
(49, 14),
(49, 16),
(49, 17),
(49, 18),
(49, 20),
(49, 23),
(49, 25),
(49, 26),
(49, 28),
(49, 32),
(49, 35),
(49, 37),
(49, 39),
(49, 40),
(49, 41),
(49, 44),
(49, 46),
(49, 48),
(49, 50),
(50, 1),
(50, 2),
(50, 3),
(50, 4),
(50, 5),
(50, 6),
(50, 7),
(50, 9),
(50, 11),
(50, 12),
(50, 14),
(50, 16),
(50, 17),
(50, 20),
(50, 23),
(50, 25),
(50, 26),
(50, 28),
(50, 35),
(50, 38),
(50, 39),
(50, 40),
(50, 41),
(50, 43),
(50, 45),
(50, 46),
(50, 47),
(50, 48),
(51, 2),
(51, 3),
(51, 4),
(51, 5),
(51, 6),
(51, 7),
(51, 8),
(51, 11),
(51, 12),
(51, 16),
(51, 19),
(51, 20),
(51, 22),
(51, 23),
(51, 26),
(51, 29),
(51, 34),
(51, 36),
(51, 37),
(51, 38),
(51, 41),
(51, 43),
(51, 45),
(51, 46),
(51, 47),
(51, 48),
(52, 3),
(52, 5),
(52, 6),
(52, 7),
(52, 9),
(52, 14),
(52, 16),
(52, 18),
(52, 19),
(52, 21),
(52, 22),
(52, 31),
(52, 33),
(52, 34),
(52, 35),
(52, 37),
(52, 38),
(52, 40),
(52, 41),
(52, 42),
(52, 43),
(52, 46),
(52, 47),
(52, 49),
(53, 3),
(53, 4),
(53, 5),
(53, 6),
(53, 7),
(53, 12),
(53, 13),
(53, 14),
(53, 16),
(53, 19),
(53, 20),
(53, 21),
(53, 22),
(53, 25),
(53, 33),
(53, 34),
(53, 35),
(53, 37),
(53, 38),
(53, 40),
(53, 44),
(53, 47),
(53, 49),
(53, 50),
(54, 3),
(54, 4),
(54, 5),
(54, 6),
(54, 7),
(54, 8),
(54, 10),
(54, 12),
(54, 13),
(54, 14),
(54, 17),
(54, 19),
(54, 20),
(54, 21),
(54, 23),
(54, 25),
(54, 26),
(54, 29),
(54, 32),
(54, 34),
(54, 37),
(54, 42),
(54, 44),
(54, 49),
(54, 50),
(55, 3),
(55, 4),
(55, 5),
(55, 6),
(55, 7),
(55, 8),
(55, 10),
(55, 12),
(55, 13),
(55, 14),
(55, 16),
(55, 17),
(55, 18),
(55, 19),
(55, 20),
(55, 21),
(55, 23),
(55, 25),
(55, 26),
(55, 27),
(55, 29),
(55, 32),
(55, 40),
(55, 43),
(55, 49),
(55, 50),
(56, 2),
(56, 4),
(56, 6),
(56, 7),
(56, 8),
(56, 10),
(56, 11),
(56, 13),
(56, 16),
(56, 17),
(56, 20),
(56, 23),
(56, 24),
(56, 27),
(56, 29),
(56, 31),
(56, 32),
(56, 34),
(56, 35),
(56, 40),
(56, 41),
(56, 46),
(56, 48),
(57, 2),
(57, 4),
(57, 5),
(57, 6),
(57, 7),
(57, 10),
(57, 11),
(57, 16),
(57, 23),
(57, 24),
(57, 27),
(57, 29),
(57, 31),
(57, 34),
(57, 36),
(57, 37),
(57, 38),
(57, 40),
(57, 46),
(57, 47),
(57, 48),
(58, 2),
(58, 3),
(58, 4),
(58, 5),
(58, 6),
(58, 7),
(58, 11),
(58, 24),
(58, 26),
(58, 28),
(58, 29),
(58, 31),
(58, 36),
(58, 37),
(58, 38),
(58, 40),
(58, 42),
(58, 46),
(58, 47),
(58, 48),
(59, 3),
(59, 4),
(59, 5),
(59, 6),
(59, 11),
(59, 14),
(59, 19),
(59, 20),
(59, 23),
(59, 25),
(59, 26),
(59, 28),
(59, 31),
(59, 34),
(59, 35),
(59, 36),
(59, 37),
(59, 38),
(59, 40),
(59, 46),
(59, 47),
(60, 1),
(60, 3),
(60, 5),
(60, 6),
(60, 9),
(60, 14),
(60, 19),
(60, 20),
(60, 22),
(60, 23),
(60, 26),
(60, 28),
(60, 31),
(60, 32),
(60, 33),
(60, 34),
(60, 35),
(60, 37),
(60, 40),
(60, 47),
(60, 49),
(61, 1),
(61, 6),
(61, 9),
(61, 13),
(61, 14),
(61, 16),
(61, 19),
(61, 20),
(61, 21),
(61, 22),
(61, 28),
(61, 32),
(61, 33),
(61, 34),
(61, 35),
(61, 39),
(61, 44),
(61, 47),
(61, 49),
(62, 1),
(62, 2),
(62, 6),
(62, 9),
(62, 16),
(62, 21),
(62, 22),
(62, 23),
(62, 27),
(62, 32),
(62, 33),
(62, 35),
(62, 37),
(62, 39),
(62, 43),
(62, 44),
(62, 47),
(62, 48),
(62, 49),
(63, 2),
(63, 3),
(63, 6),
(63, 9),
(63, 12),
(63, 16),
(63, 19),
(63, 22),
(63, 23),
(63, 27),
(63, 32),
(63, 33),
(63, 37),
(63, 39),
(63, 42),
(63, 43),
(63, 48),
(63, 49),
(64, 2),
(64, 3),
(64, 6),
(64, 10),
(64, 12),
(64, 16),
(64, 19),
(64, 22),
(64, 23),
(64, 27),
(64, 37),
(64, 41),
(64, 42),
(64, 43),
(64, 45),
(64, 50),
(65, 2),
(65, 5),
(65, 6),
(65, 10),
(65, 12),
(65, 13),
(65, 17),
(65, 20),
(65, 23),
(65, 28),
(65, 29),
(65, 31),
(65, 41),
(65, 42),
(65, 43),
(65, 45),
(65, 50),
(66, 5),
(66, 6),
(66, 11),
(66, 12),
(66, 13),
(66, 17),
(66, 20),
(66, 29),
(66, 31),
(66, 34),
(66, 42),
(66, 43),
(66, 46),
(66, 47),
(66, 50),
(67, 4),
(67, 5),
(67, 6),
(67, 11),
(67, 13),
(67, 17),
(67, 21),
(67, 24),
(67, 27),
(67, 29),
(67, 31),
(67, 35),
(67, 36),
(67, 42),
(67, 46),
(67, 47),
(68, 2),
(68, 4),
(68, 5),
(68, 9),
(68, 10),
(68, 11),
(68, 16),
(68, 17),
(68, 20),
(68, 24),
(68, 27),
(68, 31),
(68, 35),
(68, 36),
(68, 37),
(68, 47),
(69, 4),
(69, 6),
(69, 9),
(69, 10),
(69, 16),
(69, 17),
(69, 20),
(69, 22),
(69, 28),
(69, 33),
(69, 34),
(69, 35),
(69, 37),
(69, 44),
(70, 4),
(70, 6),
(70, 9),
(70, 16),
(70, 20),
(70, 23),
(70, 26),
(70, 28),
(70, 29),
(70, 33),
(70, 34),
(70, 36),
(70, 37),
(70, 50),
(71, 1),
(71, 3),
(71, 6),
(71, 9),
(71, 23),
(71, 28),
(71, 29),
(71, 31),
(71, 33),
(71, 34),
(71, 36),
(71, 39),
(71, 50),
(72, 1),
(72, 2),
(72, 3),
(72, 4),
(72, 10),
(72, 16),
(72, 21),
(72, 23),
(72, 29),
(72, 31),
(72, 34),
(72, 36),
(72, 39),
(72, 43),
(73, 1),
(73, 2),
(73, 4),
(73, 5),
(73, 10),
(73, 13),
(73, 16),
(73, 21),
(73, 29),
(73, 31),
(73, 34),
(73, 39),
(73, 41),
(73, 42),
(73, 44),
(73, 47),
(74, 2),
(74, 5),
(74, 6),
(74, 9),
(74, 10),
(74, 13),
(74, 16),
(74, 21),
(74, 22),
(74, 27),
(74, 32),
(74, 35),
(74, 39),
(74, 42),
(74, 47),
(75, 2),
(75, 5),
(75, 6),
(75, 9),
(75, 11),
(75, 12),
(75, 13),
(75, 17),
(75, 19),
(75, 22),
(75, 27),
(75, 35),
(75, 42),
(75, 45),
(75, 47),
(76, 5),
(76, 6),
(76, 11),
(76, 13),
(76, 19),
(76, 20),
(76, 22),
(76, 27),
(76, 31),
(76, 35),
(76, 36),
(76, 45),
(76, 50),
(77, 5),
(77, 6),
(77, 11),
(77, 16),
(77, 20),
(77, 22),
(77, 24),
(77, 28),
(77, 31),
(77, 35),
(77, 36),
(77, 42),
(77, 46),
(77, 50),
(78, 3),
(78, 6),
(78, 10),
(78, 20),
(78, 23),
(78, 24),
(78, 29),
(78, 33),
(78, 34),
(78, 35),
(78, 36),
(78, 42),
(78, 44),
(78, 46),
(78, 50),
(79, 2),
(79, 3),
(79, 4),
(79, 10),
(79, 20),
(79, 21),
(79, 23),
(79, 24),
(79, 29),
(79, 33),
(79, 34),
(79, 36),
(79, 43),
(79, 46),
(80, 2),
(80, 3),
(80, 4),
(80, 9),
(80, 10),
(80, 17),
(80, 21),
(80, 23),
(80, 24),
(80, 28),
(80, 29),
(80, 33),
(80, 34),
(80, 36),
(81, 3),
(81, 4),
(81, 5),
(81, 9),
(81, 10),
(81, 17),
(81, 21),
(81, 23),
(81, 24),
(81, 26),
(81, 27),
(81, 29),
(81, 43),
(81, 47),
(82, 2),
(82, 4),
(82, 5),
(82, 9),
(82, 10),
(82, 13),
(82, 16),
(82, 23),
(82, 24),
(82, 26),
(82, 27),
(82, 29),
(82, 37),
(82, 43),
(82, 47),
(83, 6),
(83, 9),
(83, 10),
(83, 13),
(83, 16),
(83, 26),
(83, 27),
(83, 29),
(83, 31),
(83, 34),
(83, 37),
(83, 42),
(83, 43),
(83, 47),
(84, 5),
(84, 6),
(84, 11),
(84, 12),
(84, 13),
(84, 16),
(84, 21),
(84, 27),
(84, 31),
(84, 35),
(84, 37),
(84, 39),
(84, 42),
(84, 47),
(84, 50),
(85, 5),
(85, 6),
(85, 11),
(85, 16),
(85, 20),
(85, 21),
(85, 28),
(85, 31),
(85, 35),
(85, 37),
(85, 39),
(85, 47),
(85, 50),
(86, 1),
(86, 2),
(86, 5),
(86, 11),
(86, 16),
(86, 17),
(86, 19),
(86, 20),
(86, 21),
(86, 22),
(86, 28),
(86, 32),
(86, 35),
(86, 41),
(87, 1),
(87, 2),
(87, 3),
(87, 11),
(87, 17),
(87, 19),
(87, 22),
(87, 23),
(87, 24),
(87, 32),
(87, 34),
(87, 36),
(87, 41),
(87, 42),
(88, 1),
(88, 2),
(88, 3),
(88, 17),
(88, 19),
(88, 23),
(88, 24),
(88, 33),
(88, 34),
(88, 36),
(88, 41),
(88, 42),
(88, 45),
(89, 1),
(89, 3),
(89, 5),
(89, 6),
(89, 19),
(89, 23),
(89, 27),
(89, 28),
(89, 33),
(89, 36),
(89, 42),
(89, 45),
(89, 47),
(90, 5),
(90, 6),
(90, 10),
(90, 13),
(90, 20),
(90, 22),
(90, 27),
(90, 28),
(90, 36),
(90, 42),
(90, 43),
(90, 45),
(90, 47),
(91, 5),
(91, 6),
(91, 9),
(91, 10),
(91, 13),
(91, 20),
(91, 22),
(91, 28),
(91, 42),
(91, 43),
(91, 46),
(91, 47),
(92, 6),
(92, 9),
(92, 10),
(92, 12),
(92, 16),
(92, 17),
(92, 20),
(92, 22),
(92, 34),
(92, 42),
(92, 43),
(92, 46),
(93, 6),
(93, 10),
(93, 16),
(93, 17),
(93, 24),
(93, 29),
(93, 35),
(93, 43),
(93, 46),
(94, 4),
(94, 5),
(94, 11),
(94, 16),
(94, 24),
(94, 26),
(94, 29),
(94, 35),
(95, 4),
(95, 5),
(95, 16),
(95, 29),
(95, 33),
(95, 34),
(95, 36),
(95, 39),
(96, 4),
(96, 17),
(96, 24),
(96, 29),
(96, 33),
(96, 34),
(96, 35),
(96, 36),
(96, 39),
(97, 17),
(97, 24),
(97, 31),
(97, 33),
(97, 34),
(97, 35),
(97, 36),
(97, 37),
(97, 41),
(98, 17),
(98, 24),
(98, 31),
(98, 34),
(98, 35),
(98, 36),
(98, 37),
(98, 41),
(99, 1),
(99, 28),
(99, 32),
(99, 35),
(99, 36),
(99, 39),
(99, 41),
(99, 47),
(100, 1),
(100, 6),
(100, 32),
(100, 36),
(100, 39),
(100, 42),
(100, 43),
(100, 47),
(101, 6),
(101, 9),
(101, 22),
(101, 32),
(101, 39),
(101, 42),
(101, 43),
(101, 47),
(102, 9),
(102, 10),
(102, 12),
(102, 19),
(102, 22),
(102, 32),
(102, 43),
(103, 5),
(103, 9),
(103, 10),
(103, 12),
(103, 20),
(103, 22),
(103, 43),
(103, 45),
(104, 10),
(104, 12),
(104, 16),
(104, 17),
(104, 24),
(104, 29),
(104, 45),
(105, 10),
(105, 12),
(105, 16),
(105, 17),
(105, 24),
(105, 28),
(105, 29),
(105, 46),
(106, 16),
(106, 17),
(106, 24),
(106, 26),
(106, 35),
(106, 37),
(106, 43),
(106, 46),
(107, 4),
(107, 17),
(107, 26),
(107, 34),
(107, 35),
(107, 37),
(107, 43),
(108, 1),
(108, 4),
(108, 17),
(108, 26),
(108, 29),
(108, 34),
(108, 35),
(108, 43),
(109, 17),
(109, 22),
(109, 26),
(109, 29),
(109, 31),
(109, 34),
(109, 36),
(109, 43),
(110, 22),
(110, 31),
(110, 35),
(110, 36),
(110, 39),
(111, 29),
(111, 31),
(111, 36),
(111, 39),
(111, 42),
(112, 9),
(112, 19),
(112, 29),
(112, 32),
(112, 41),
(112, 42),
(112, 47),
(113, 9),
(113, 20),
(113, 32),
(113, 37),
(113, 41),
(113, 43),
(113, 47),
(114, 9),
(114, 20),
(114, 37),
(114, 41),
(114, 43),
(114, 45),
(114, 47),
(115, 12),
(115, 16),
(115, 20),
(115, 37),
(115, 41),
(115, 43),
(115, 45),
(116, 6),
(116, 12),
(116, 16),
(116, 17),
(116, 24),
(116, 37),
(116, 45),
(117, 1),
(117, 6),
(117, 12),
(117, 16),
(117, 17),
(117, 24),
(117, 46),
(118, 6),
(118, 12),
(118, 17),
(118, 22),
(118, 34),
(118, 46),
(119, 10),
(119, 17),
(119, 22),
(119, 29),
(119, 34),
(119, 35),
(119, 46),
(120, 10),
(120, 17),
(120, 22),
(120, 35),
(120, 39),
(120, 46),
(121, 4),
(121, 22),
(121, 26),
(121, 35),
(121, 36),
(121, 39),
(122, 4),
(122, 26),
(122, 29),
(122, 35),
(122, 36),
(122, 39),
(123, 4),
(123, 19),
(123, 26),
(123, 29),
(123, 36),
(123, 42),
(124, 19),
(124, 26),
(124, 29),
(124, 31),
(124, 36),
(124, 43),
(125, 19),
(125, 29),
(125, 31),
(125, 39),
(125, 43),
(125, 47),
(126, 20),
(126, 32),
(126, 37),
(126, 41),
(126, 43),
(126, 47),
(127, 6),
(127, 17),
(127, 20),
(127, 32),
(127, 37),
(128, 6),
(128, 17),
(128, 24),
(128, 37),
(128, 45),
(129, 6),
(129, 24),
(129, 29),
(129, 45),
(130, 10),
(130, 29),
(130, 34),
(130, 45),
(131, 10),
(131, 34),
(131, 35),
(131, 45),
(132, 10),
(132, 35),
(132, 39),
(132, 46),
(133, 10),
(133, 19),
(133, 35),
(133, 46),
(134, 4),
(134, 19),
(134, 26),
(134, 35),
(135, 4),
(135, 19),
(135, 26),
(135, 42),
(136, 20),
(136, 26),
(136, 31),
(136, 42),
(137, 20),
(137, 26),
(137, 32),
(137, 43),
(138, 24),
(138, 32),
(138, 39),
(138, 43),
(139, 24),
(139, 32),
(139, 39),
(139, 43),
(140, 24),
(140, 39),
(140, 43),
(140, 45),
(141, 34),
(141, 39),
(141, 45),
(142, 34),
(142, 41),
(142, 46),
(143, 39),
(143, 41),
(143, 46),
(144, 39),
(144, 41),
(145, 6),
(145, 39),
(146, 10),
(147, 10),
(148, 26),
(149, 39),
(150, 39),
(151, 41);

--
-- Déchargement des données de la table `TOURNOI`
--

INSERT INTO `TOURNOI` (`idT`, `nom`, `dateDeb`, `dateFin`) VALUES
(1, 'DicyRace', '2024-01-15', '2024-01-30'),
(2, 'DicyMasterRace', '2024-02-15', '2024-02-29'),
(3, 'Masters of DicyRace', '2024-03-15', '2024-03-30'),
(4, 'DyRacer Masters', '2023-04-15', '2023-04-30'),
(5, 'DyRacerCompet', '2023-04-15', '2023-04-30'),
(6, 'Championnat du monde de Débiclou Race', '2024-04-15', '2024-04-28'),
(7, 'Limoge\'s Final Four', '2024-05-06', '2024-05-13'),
(8, 'Poland Championship 2024 - Varsovie', '2024-08-12', '2024-08-25'),
(9, 'Coupe du Brésil 2024', '2024-04-08', '2024-04-21'),
(10, 'Grand Championnat de Montcuq ', '2024-10-18', '2024-10-25'),
(11, 'Championnat régional AURA', '2024-04-18', '2024-04-25'),
(12, 'Finale coupe d\'Irlande', '2024-06-12', '2024-06-19'),
(13, 'Demi-finale municipale de Mont-de-Marsan ', '2024-12-23', '2024-12-30'),
(14, 'Championnat régionnal PACA', '2024-04-17', '2024-04-24');

--
-- Déchargement des données de la table `ÉQUIPE`
--

INSERT INTO `ÉQUIPE` (`idE`, `nom`) VALUES
(1, 'Les pédaleurs fous'),
(2, 'Les 42 du cyclos'),
(3, 'Les sans freins'),
(4, 'Les hazardicycles');
COMMIT;

/*!40101 SET CHARACTER_SET_CLIENT=@OLD_CHARACTER_SET_CLIENT */;
/*!40101 SET CHARACTER_SET_RESULTS=@OLD_CHARACTER_SET_RESULTS */;
/*!40101 SET COLLATION_CONNECTION=@OLD_COLLATION_CONNECTION */;
